model,agent,nu,shield,shield_name,iter,risk,reward,shield_calls,blocked_actions,earliest_shielded_step,eval_time
corridor,greedy,0.2,constructed,greedy-mem_0-nu_02--eval_0,0,0.12441100000000002,93.678493039391,3.7640578796390036,1.046828528265001,1,0.0058135986328125
dpm,greedy,0.2,constructed,greedy-mem_0-nu_02--eval_0,0,0.035541149131146074,2.7370198204558767,44.5395235855012,7.614987703855554,4,0.440626859664917
corridor,greedy,0.2,constructed,greedy-mem_0-nu_02--eval_0,1,0.12473100000000001,94.656280446583,3.4698176268770076,0.7350816968090012,1,0.0074155330657958984
dpm,greedy,0.2,constructed,greedy-mem_0-nu_02--eval_0,1,0.04278998464322058,3.21583540436382,44.55612439964092,7.167789909803569,4,0.5625042915344238
corridor,greedy,0.2,constructed,greedy-mem_0-nu_02--eval_0,2,0.12476100000000001,95.127359464733,3.329293948427011,0.5866865780990008,1,0.007764101028442383
drone,greedy,0.2,constructed,greedy-mem_0-nu_02--eval_0,0,0.12089206156920404,-8.709744462887798,40.549442195793134,25.21474755164226,6,2.5539326667785645
dpm,greedy,0.2,constructed,greedy-mem_0-nu_02--eval_0,2,0.047567631571727796,3.5177318804816533,44.56609474403195,6.888062987088905,4,0.6910736560821533
corridor,greedy,0.2,constructed,greedy-mem_0-nu_02--eval_0,3,0.12477200000000001,95.2949164101959,3.2798441339061157,0.5344961881145006,1,0.007420063018798828
corridor,greedy,0.2,constructed,greedy-mem_0-nu_02--eval_0,4,0.124783,95.43428929935266,3.2389131501396475,0.49132623307429085,1,0.00804758071899414
dpm,greedy,0.2,constructed,greedy-mem_0-nu_02--eval_0,3,0.051023818054432596,3.743382283252438,44.57286684926065,6.6906255652894435,4,0.8209176063537598
drone,greedy,0.2,constructed,greedy-mem_0-nu_02--eval_0,1,0.13306031190987064,-1.511430846767162,38.919214890399196,22.88186146502021,6,3.0756354331970215
corridor,greedy,0.2,constructed,greedy-mem_0-nu_02--eval_0,5,0.12488300000000001,95.59068120335266,3.1913304061396466,0.4415200610742911,1,0.008851289749145508
dpm,greedy,0.2,constructed,greedy-mem_0-nu_02--eval_0,4,0.05349008665313827,3.8903026594567125,44.57749085403499,6.550094751449383,4,1.013028621673584
corridor,greedy,0.2,constructed,greedy-mem_0-nu_02--eval_0,6,0.12489300000000002,95.62790166032734,3.180198809207057,0.4292247730645319,1,0.008722543716430664
drone,greedy,0.2,constructed,greedy-mem_0-nu_02--eval_0,2,0.1380971584715229,2.9037482692903467,37.929234261745286,21.557683620589934,6,3.075169563293457
dpm,greedy,0.2,constructed,greedy-mem_0-nu_02--eval_0,5,0.0555491056068101,4.012944662351427,44.58128009820566,6.432627468198156,4,1.1609828472137451
corridor,greedy,0.2,constructed,greedy-mem_0-nu_02--eval_0,7,0.12489300000000002,95.70476669601533,3.15759907768906,0.40546627836053184,1,0.009660959243774414
dpm,greedy,0.2,constructed,greedy-mem_0-nu_02--eval_0,6,0.05720228301444687,4.110128026594763,44.584293447935394,6.338307762685647,4,1.280113935470581
drone,greedy,0.2,constructed,greedy-mem_0-nu_02--eval_0,3,0.14251088547821553,4.979138297690817,37.471116001556226,20.886194900170548,6,3.0553088188171387
corridor,greedy,0.2,constructed,greedy-mem_0-nu_02--eval_0,8,0.12489300000000002,95.74635201603535,3.145541928969061,0.39278889610053175,1,0.009475469589233398
corridor,greedy,0.2,constructed,greedy-mem_0-nu_02--eval_0,9,0.12489300000000002,95.76843195702133,3.1390964378430635,0.38568297478653196,1,0.01009821891784668
dpm,greedy,0.2,constructed,greedy-mem_0-nu_02--eval_0,7,0.05886506138937493,4.2049716477871035,44.5872849912978,6.243495253042215,4,1.4517481327056885
drone,greedy,0.2,constructed,greedy-mem_0-nu_02--eval_0,4,0.14572758969176844,6.634622840344903,37.10104674474798,20.33656835987012,6,3.205695390701294
corridor,greedy,0.2,constructed,greedy-mem_0-nu_02--eval_0,10,0.12490410000000002,95.82253810002133,3.123300148843065,0.3687702325865319,1,0.010172605514526367
dpm,greedy,0.2,constructed,greedy-mem_0-nu_02--eval_0,8,0.06020271348672829,4.282649575625701,44.589447819461874,6.167843121787589,4,1.695112705230713
corridor,greedy,0.2,constructed,greedy-mem_0-nu_02--eval_0,11,0.12490410000000002,95.84787104365462,3.116012650992911,0.36104415547653934,1,0.011063575744628906
drone,greedy,0.2,constructed,greedy-mem_0-nu_02--eval_0,5,0.14858372617518664,7.905961261476605,36.82182804924198,19.913399241080555,6,3.336454391479492
dpm,greedy,0.2,constructed,greedy-mem_0-nu_02--eval_0,9,0.06156215845539559,4.357187003292063,44.591716033798335,6.090852423796277,4,1.901219129562378
corridor,greedy,0.2,constructed,greedy-mem_0-nu_02--eval_0,12,0.12490410000000002,95.88618831039851,3.1049414171847176,0.3492665688312893,1,0.010672569274902344
corridor,greedy,0.2,constructed,greedy-mem_0-nu_02--eval_0,13,0.12490410000000002,95.9039572547465,3.0997969752567207,0.3434633008672892,1,0.010797977447509766
dpm,greedy,0.2,constructed,greedy-mem_0-nu_02--eval_0,10,0.06263361119554073,4.420376792331215,44.59341403256534,6.0303225611861455,4,2.033116579055786
drone,greedy,0.2,constructed,greedy-mem_0-nu_02--eval_0,6,0.15096851982582993,8.839274682407272,36.61566518525338,19.598466208997447,6,3.3620545864105225
corridor,greedy,0.2,constructed,greedy-mem_0-nu_02--eval_0,14,0.12491520000000002,95.92495848323252,3.093618815440722,0.33703007412528935,1,0.013383150100708008
dpm,greedy,0.2,constructed,greedy-mem_0-nu_02--eval_0,11,0.06346011125672027,4.464903685761221,44.59466311428449,5.9834505108440625,4,2.256857395172119
drone,greedy,0.2,constructed,greedy-mem_0-nu_02--eval_0,7,0.1530337517407594,9.929347262316604,36.37906171355867,19.24995294263533,6,3.791473865509033
corridor,greedy,0.2,constructed,greedy-mem_0-nu_02--eval_0,15,0.12491520000000002,95.96218659053251,3.0827503781407226,0.3255794508252894,1,0.02783989906311035
dpm,greedy,0.2,constructed,greedy-mem_0-nu_02--eval_0,12,0.0643245867281248,4.517724450625253,44.596018763615405,5.9343590676111315,4,2.5975959300994873
corridor,greedy,0.2,constructed,greedy-mem_0-nu_02--eval_0,16,0.12491520000000002,95.9727436025745,3.0797391956687235,0.32240843984728934,1,0.012869119644165039
drone,greedy,0.2,constructed,greedy-mem_0-nu_02--eval_0,8,0.15544093905588363,11.037643147172084,36.133678608841244,18.885819990398364,6,4.2508180141448975
corridor,greedy,0.2,constructed,greedy-mem_0-nu_02--eval_0,17,0.12492620000000002,96.00077881707452,3.071458848168724,0.3137881637472893,1,0.014198541641235352
dpm,greedy,0.2,constructed,greedy-mem_0-nu_02--eval_0,13,0.06520197318476736,4.565471615732717,44.59738025404604,5.88457357340227,4,2.8847033977508545
corridor,greedy,0.2,constructed,greedy-mem_0-nu_02--eval_0,18,0.12492620000000002,96.04828730355312,3.057554218977125,0.2993052285910891,1,0.01275181770324707
drone,greedy,0.2,constructed,greedy-mem_0-nu_02--eval_0,9,0.1576984957141176,12.055506801848985,35.91064687717079,18.55128244679948,6,3.941826343536377
dpm,greedy,0.2,constructed,greedy-mem_0-nu_02--eval_0,14,0.06605433467156478,4.615693628699871,44.5987675070996,5.8361019914697145,4,2.9315357208251953
corridor,greedy,0.2,constructed,greedy-mem_0-nu_02--eval_0,19,0.12493620000000001,96.08763089479208,3.0459795427762675,0.28678806085924924,1,0.011872291564941406
corridor,greedy,0.2,constructed,greedy-mem_0-nu_02--eval_0,20,0.12493620000000001,96.11815774272809,3.0371697070502632,0.27757188331524907,1,0.012123584747314453
dpm,greedy,0.2,constructed,greedy-mem_0-nu_02--eval_0,15,0.06680380350015033,4.653454120848849,44.59984219326664,5.79397294844629,4,3.1851792335510254
drone,greedy,0.2,constructed,greedy-mem_0-nu_02--eval_0,10,0.1590851932392473,12.641463370841933,35.783464740028215,18.35808884922932,6,4.07112717628479
corridor,greedy,0.2,constructed,greedy-mem_0-nu_02--eval_0,21,0.12494720000000001,96.14070694741908,3.0306848825592643,0.2708106336642491,1,0.012852668762207031
corridor,greedy,0.2,constructed,greedy-mem_0-nu_02--eval_0,22,0.12494720000000001,96.14691027792307,3.0289198150452683,0.26895543900824903,1,0.01232290267944336
dpm,greedy,0.2,constructed,greedy-mem_0-nu_02--eval_0,16,0.06768232971072255,4.706511886476516,44.601187498593106,5.74443048123986,4,3.401881694793701
drone,greedy,0.2,constructed,greedy-mem_0-nu_02--eval_0,11,0.1610051657160472,13.665811414612449,35.56078549639438,18.035790516912805,6,4.246922492980957
corridor,greedy,0.2,constructed,greedy-mem_0-nu_02--eval_0,23,0.12494720000000001,96.17327808663549,3.02129388674587,0.26096903801344923,1,0.015481948852539062
dpm,greedy,0.2,constructed,greedy-mem_0-nu_02--eval_0,17,0.06834423507077478,4.7436364695893865,44.60218403724597,5.707136904485667,4,3.7253928184509277
corridor,greedy,0.2,constructed,greedy-mem_0-nu_02--eval_0,24,0.12494720000000001,96.18918578373548,3.016644896645867,0.25601184731344917,1,0.014068841934204102
drone,greedy,0.2,constructed,greedy-mem_0-nu_02--eval_0,12,0.16271879147921592,14.587088626098435,35.35953419078974,17.748184634493036,6,4.607909917831421
corridor,greedy,0.2,constructed,greedy-mem_0-nu_02--eval_0,25,0.12494720000000001,96.21419385931547,3.0093816727658695,0.24821881357344927,1,0.015482902526855469
dpm,greedy,0.2,constructed,greedy-mem_0-nu_02--eval_0,18,0.06890591161125334,4.7765845342116675,44.60298161010387,5.675582339517863,4,3.9227139949798584
corridor,greedy,0.2,constructed,greedy-mem_0-nu_02--eval_0,26,0.12494720000000001,96.25569341273388,2.9974159786331707,0.23573760451368922,1,0.013692617416381836
drone,greedy,0.2,constructed,greedy-mem_0-nu_02--eval_0,13,0.16414650747092793,15.331175033563937,35.19762327110731,17.5160565381251,6,4.583079814910889
dpm,greedy,0.2,constructed,greedy-mem_0-nu_02--eval_0,19,0.06947956460922972,4.810383022582822,44.603773900054215,5.64310177185224,4,4.559915542602539
corridor,greedy,0.2,constructed,greedy-mem_0-nu_02--eval_0,27,0.12494720000000001,96.26232395668048,2.995512687817948,0.23366129930952026,1,0.01421356201171875
corridor,greedy,0.2,constructed,greedy-mem_0-nu_02--eval_0,28,0.12494720000000001,96.28008408068216,2.9903629703672463,0.22814050376302014,1,0.016872406005859375
drone,greedy,0.2,constructed,greedy-mem_0-nu_02--eval_0,14,0.16559358527824214,16.211891748401065,35.00389756546827,17.233577606316302,6,4.711336135864258
dpm,greedy,0.2,constructed,greedy-mem_0-nu_02--eval_0,20,0.07008332045577528,4.842122352728972,44.60462626352257,5.608898714011756,4,4.807831048965454
corridor,greedy,0.2,constructed,greedy-mem_0-nu_02--eval_0,29,0.12494720000000001,96.29735279657217,2.985336266277247,0.22286201523302035,1,0.014649629592895508
corridor,greedy,0.2,constructed,greedy-mem_0-nu_02--eval_0,30,0.12494720000000001,96.30975220517217,2.98178653007725,0.2190512591130203,1,0.015216350555419922
drone,greedy,0.2,constructed,greedy-mem_0-nu_02--eval_0,15,0.1670925535424156,17.28968374358667,34.76712174223053,16.908239947355547,6,4.90487265586853
dpm,greedy,0.2,constructed,greedy-mem_0-nu_02--eval_0,21,0.0706020695899735,4.870626823129334,44.60535281250718,5.579469336178044,4,5.032101154327393
corridor,greedy,0.2,constructed,greedy-mem_0-nu_02--eval_0,31,0.12494720000000001,96.31904272767217,2.9791017605772536,0.21625282221302025,1,0.015652894973754883
corridor,greedy,0.2,constructed,greedy-mem_0-nu_02--eval_0,32,0.12494720000000001,96.33414282422217,2.9747907297272516,0.2117561403030202,1,0.015897035598754883
drone,greedy,0.2,constructed,greedy-mem_0-nu_02--eval_0,16,0.16817466421149913,17.98037777745808,34.61668543902437,16.697309740646034,6,5.021534442901611
dpm,greedy,0.2,constructed,greedy-mem_0-nu_02--eval_0,22,0.07111845260809706,4.899833135725922,44.60606694853868,5.550488382685038,4,5.323901414871216
corridor,greedy,0.2,constructed,greedy-mem_0-nu_02--eval_0,33,0.12494820000000001,96.35348961320217,2.9691698324472493,0.20571540116302012,1,0.016196250915527344
corridor,greedy,0.2,constructed,greedy-mem_0-nu_02--eval_0,34,0.12494820000000001,96.36078650243599,2.967043738184677,0.2033795891194159,1,0.018718719482421875
dpm,greedy,0.2,constructed,greedy-mem_0-nu_02--eval_0,23,0.07154981346102926,4.925333978215089,44.606703947483474,5.5259280211404675,4,5.17394232749939
drone,greedy,0.2,constructed,greedy-mem_0-nu_02--eval_0,17,0.16909099623480142,18.4676465854946,34.51112164286639,16.546356051799172,6,5.183589220046997
corridor,greedy,0.2,constructed,greedy-mem_0-nu_02--eval_0,35,0.12494920000000001,96.370203815496,2.9643649843246793,0.2005643718994158,1,0.019188880920410156
corridor,greedy,0.2,constructed,greedy-mem_0-nu_02--eval_0,36,0.12494920000000001,96.38252670425598,2.960851390464685,0.19689187761941596,1,0.017147302627563477
dpm,greedy,0.2,constructed,greedy-mem_0-nu_02--eval_0,24,0.0720160841940399,4.950245832046372,44.60734044089462,5.499789454949337,4,5.5811357498168945
drone,greedy,0.2,constructed,greedy-mem_0-nu_02--eval_0,18,0.170056900653712,18.95765333238787,34.406143612436516,16.390843118782332,6,5.468722581863403
corridor,greedy,0.2,constructed,greedy-mem_0-nu_02--eval_0,37,0.12494920000000001,96.390353410959,2.9585488296386835,0.19447316690681582,1,0.017198801040649414
dpm,greedy,0.2,constructed,greedy-mem_0-nu_02--eval_0,25,0.07248715362288584,4.9746757576597425,44.60794978342721,5.473432295670026,4,5.905718803405762
corridor,greedy,0.2,constructed,greedy-mem_0-nu_02--eval_0,38,0.1249592,96.41080148401299,2.952594334374686,0.18825499146081592,1,0.0171051025390625
drone,greedy,0.2,constructed,greedy-mem_0-nu_02--eval_0,19,0.1711219552201674,19.61430658290658,34.26436681565063,16.187999548295128,6,5.563535213470459
corridor,greedy,0.2,constructed,greedy-mem_0-nu_02--eval_0,39,0.1249592,96.412569902503,2.9520975395846847,0.18772690921081592,1,0.01678013801574707
corridor,greedy,0.2,constructed,greedy-mem_0-nu_02--eval_0,40,0.1249592,96.41617651810299,2.9510880317846837,0.18666539617081582,1,0.016889333724975586
dpm,greedy,0.2,constructed,greedy-mem_0-nu_02--eval_0,26,0.07292044043753661,4.999112139788138,44.60853067301472,5.449153958210093,4,6.059796094894409
drone,greedy,0.2,constructed,greedy-mem_0-nu_02--eval_0,20,0.17186636299689395,20.10455546465994,34.15493624204986,16.03017044221235,6,5.685899496078491
corridor,greedy,0.2,constructed,greedy-mem_0-nu_02--eval_0,41,0.1249592,96.41791364699299,2.9506020611946857,0.1861478974408158,1,0.01788473129272461
corridor,greedy,0.2,constructed,greedy-mem_0-nu_02--eval_0,42,0.12496120000000001,96.427389826393,2.9478245137946826,0.1832550844408158,1,0.018009424209594727
dpm,greedy,0.2,constructed,greedy-mem_0-nu_02--eval_0,27,0.07333589248987306,5.0218140041070995,44.609096178655875,5.42586777390844,4,6.473134517669678
drone,greedy,0.2,constructed,greedy-mem_0-nu_02--eval_0,21,0.1725688340809789,20.46583300631118,34.076005737902996,15.917170510256431,6,5.861002445220947
drone-b,greedy,0.2,constructed,greedy-mem_0-nu_02--eval_0,0,0.19999581031799318,31.205219760384942,41.30147163644628,11.278102162958046,3,187.16278100013733
corridor,greedy,0.2,constructed,greedy-mem_0-nu_02--eval_0,43,0.12496120000000001,96.429069030331,2.947358321226681,0.1827454800868159,1,0.017481327056884766
dpm,greedy,0.2,constructed,greedy-mem_0-nu_02--eval_0,28,0.07370676039516609,5.041136594259148,44.609558388800174,5.405151815197398,4,6.945416688919067
corridor,greedy,0.2,constructed,greedy-mem_0-nu_02--eval_0,44,0.12496120000000001,96.42971761363685,2.9471773919825255,0.1825541754147958,1,0.0185544490814209
drone,greedy,0.2,constructed,greedy-mem_0-nu_02--eval_0,22,0.17337671214085326,21.160290684376875,33.92561279444506,15.716491653786935,6,6.113094091415405
corridor,greedy,0.2,constructed,greedy-mem_0-nu_02--eval_0,45,0.1249712,96.4453097344244,2.942573269782244,0.17773640689134998,1,0.018232345581054688
corridor,greedy,0.2,constructed,greedy-mem_0-nu_02--eval_0,46,0.1249712,96.4472461880869,2.9420261798367466,0.17714177868724987,1,0.01821303367614746
dpm,greedy,0.2,constructed,greedy-mem_0-nu_02--eval_0,29,0.07402506314801943,5.057670689161251,44.609961632087106,5.387363837744989,4,7.105749845504761
drone,greedy,0.2,constructed,greedy-mem_0-nu_02--eval_0,23,0.17419976215687966,21.54532041339963,33.84345025024847,15.59374352803222,6,6.296632289886475
corridor,greedy,0.2,constructed,greedy-mem_0-nu_02--eval_0,47,0.1249712,96.45039546986689,2.9411436797567467,0.17620826474724988,1,0.01828479766845703
corridor,greedy,0.2,constructed,greedy-mem_0-nu_02--eval_0,48,0.1249712,96.45226513268689,2.9406080152367466,0.1756312800872499,1,0.019321441650390625
dpm,greedy,0.2,constructed,greedy-mem_0-nu_02--eval_0,30,0.07440395769120794,5.077914948430125,44.61044332226236,5.3661848264746075,4,7.436291694641113
drone,greedy,0.2,constructed,greedy-mem_0-nu_02--eval_0,24,0.175355570802975,22.192298876759395,33.70354621744851,15.394584816284587,6,6.3864500522613525
corridor,greedy,0.2,constructed,greedy-mem_0-nu_02--eval_0,49,0.1249722,96.4609649664375,2.938095707044149,0.17289681915824986,1,0.021028518676757812
corridor,greedy,0.2,constructed,greedy-mem_0-nu_02--eval_0,50,0.1249722,96.4610413623375,2.93807390414415,0.1728740768582499,1,0.02010798454284668
dpm,greedy,0.2,constructed,greedy-mem_0-nu_02--eval_0,31,0.07477334511893084,5.0977434161536905,44.61091351775548,5.345537699036631,4,7.782033681869507
corridor,greedy,0.2,constructed,greedy-mem_0-nu_02--eval_0,51,0.1249722,96.4626052407375,2.937641870744149,0.17240734245824996,1,0.019036293029785156
drone,greedy,0.2,constructed,greedy-mem_0-nu_02--eval_0,25,0.1759237885848722,22.560352946850493,33.62336875882312,15.282873876385946,6,6.521084785461426
corridor,greedy,0.2,constructed,greedy-mem_0-nu_02--eval_0,52,0.1249732,96.4798181007147,2.9327333036159478,0.16728046690584983,1,0.019616365432739258
dpm,greedy,0.2,constructed,greedy-mem_0-nu_02--eval_0,32,0.07506707074761167,5.1142511116050215,44.611289905732576,5.329127313345721,4,8.131625890731812
corridor,greedy,0.2,constructed,greedy-mem_0-nu_02--eval_0,53,0.1249732,96.48123414542387,2.932340715965879,0.16685368490299987,1,0.02177119255065918
drone,greedy,0.2,constructed,greedy-mem_0-nu_02--eval_0,26,0.17689618689986314,23.096558606087406,33.50609720418841,15.116141148558834,6,6.66318941116333
corridor,greedy,0.2,constructed,greedy-mem_0-nu_02--eval_0,54,0.12497430000000001,96.48376077995314,2.931624975142307,0.16609392751636987,1,0.019462108612060547
dpm,greedy,0.2,constructed,greedy-mem_0-nu_02--eval_0,33,0.07540755143660702,5.133336974889312,44.61171627125171,5.310111748279867,4,8.690413475036621
corridor,greedy,0.2,constructed,greedy-mem_0-nu_02--eval_0,55,0.12497540000000001,96.48764990312415,2.9305293410413094,0.16489792380936977,1,0.03490161895751953
drone,greedy,0.2,constructed,greedy-mem_0-nu_02--eval_0,27,0.17762755963956361,23.616899894302293,33.39394234587559,14.962395375723142,6,6.8492467403411865
corridor,greedy,0.2,constructed,greedy-mem_0-nu_02--eval_0,56,0.12497540000000001,96.48987906305814,2.9299022531373096,0.16420451713136971,1,0.02110123634338379
corridor,greedy,0.2,constructed,greedy-mem_0-nu_02--eval_0,57,0.12497640000000002,96.49315087541413,2.9289860482913093,0.16319900772736962,1,0.020270586013793945
dpm,greedy,0.2,constructed,greedy-mem_0-nu_02--eval_0,34,0.07568609996625097,5.148509767611084,44.6120381006526,5.294613339036743,4,9.254208326339722
drone,greedy,0.2,constructed,greedy-mem_0-nu_02--eval_0,28,0.17798547512994806,23.91334850146579,33.33059833373983,14.875172603598944,6,7.535153150558472
corridor,greedy,0.2,constructed,greedy-mem_0-nu_02--eval_0,58,0.12497740000000002,96.49523970360214,2.9283850708333072,0.16255484503536968,1,0.023255586624145508
corridor,greedy,0.2,constructed,greedy-mem_0-nu_02--eval_0,59,0.12497740000000002,96.50448327048792,2.9257560940685083,0.15975233246876966,1,0.02123403549194336
dpm,greedy,0.2,constructed,greedy-mem_0-nu_02--eval_0,35,0.07602198184774782,5.167588351852307,44.6124514266789,5.275861453169158,4,9.547918558120728
drone,greedy,0.2,constructed,greedy-mem_0-nu_02--eval_0,29,0.17865322952514667,24.23964799629094,33.25906185933749,14.771573581209768,6,7.284881830215454
corridor,greedy,0.2,constructed,greedy-mem_0-nu_02--eval_0,60,0.12497740000000002,96.50589100570376,2.9253589387823777,0.15931925692037965,1,0.0208132266998291
corridor,greedy,0.2,constructed,greedy-mem_0-nu_02--eval_0,61,0.12497740000000002,96.50622287055177,2.9252678290643788,0.15922400444837967,1,0.0214993953704834
corridor,greedy,0.2,constructed,greedy-mem_0-nu_02--eval_0,62,0.12497740000000002,96.51406110247426,2.923033858370878,0.15689244232667965,1,0.021059513092041016
dpm,greedy,0.2,constructed,greedy-mem_0-nu_02--eval_0,36,0.07630223165141406,5.1831685709777275,44.6127827889582,5.260251649020139,4,9.704116821289062
drone,greedy,0.2,constructed,greedy-mem_0-nu_02--eval_0,30,0.1790600638913922,24.768293735252094,33.14320336643019,14.623536606040345,6,7.221726894378662
corridor,greedy,0.2,constructed,greedy-mem_0-nu_02--eval_0,63,0.12497740000000002,96.52183152450426,2.920793992340878,0.15455605149667964,1,0.021472454071044922
corridor,greedy,0.2,constructed,greedy-mem_0-nu_02--eval_0,64,0.12497740000000002,96.52510216600426,2.9198800268408776,0.15357296519667962,1,0.021432161331176758
dpm,greedy,0.2,constructed,greedy-mem_0-nu_02--eval_0,37,0.07660584311382729,5.199127603578653,44.613150049206325,5.243330951457091,4,9.754956007003784
drone,greedy,0.2,constructed,greedy-mem_0-nu_02--eval_0,31,0.17970225070102716,25.230191749114205,33.04327698447384,14.489318519255303,6,7.427676677703857
corridor,greedy,0.2,constructed,greedy-mem_0-nu_02--eval_0,65,0.12497740000000002,96.52678906114426,2.919399051800879,0.15305838357667959,1,0.02153491973876953
corridor,greedy,0.2,constructed,greedy-mem_0-nu_02--eval_0,66,0.12497740000000002,96.52834427900227,2.9189620012128783,0.1525820738226797,1,0.02316570281982422
corridor,greedy,0.2,constructed,greedy-mem_0-nu_02--eval_0,67,0.12497740000000002,96.52889573452227,2.9188086433928815,0.15241476934267964,1,0.022581100463867188
drone,greedy,0.2,constructed,greedy-mem_0-nu_02--eval_0,32,0.18005642778853634,25.44728718787448,32.99619707288841,14.4241040281888,6,7.618926763534546
dpm,greedy,0.2,constructed,greedy-mem_0-nu_02--eval_0,38,0.07690163072907172,5.215288471016477,44.613532845097815,5.226790700599473,4,10.354742527008057
corridor,greedy,0.2,constructed,greedy-mem_0-nu_02--eval_0,68,0.12497750000000002,96.52988798142125,2.9185330141638817,0.15212678862767964,1,0.02205371856689453
corridor,greedy,0.2,constructed,greedy-mem_0-nu_02--eval_0,69,0.12497750000000002,96.53077502583126,2.9182844504538794,0.15184353685767965,1,0.021657466888427734
drone,greedy,0.2,constructed,greedy-mem_0-nu_02--eval_0,33,0.1806690289378348,25.96781740307847,32.883598216301515,14.272590811064546,6,7.854019403457642
dpm,greedy,0.2,constructed,greedy-mem_0-nu_02--eval_0,39,0.07719579899553994,5.231067217097172,44.613894197949506,5.210375488690849,4,11.11920166015625
corridor,greedy,0.2,constructed,greedy-mem_0-nu_02--eval_0,70,0.12497750000000002,96.53188696183126,2.9179665944538806,0.15151201685767968,1,0.023818492889404297
corridor,greedy,0.2,constructed,greedy-mem_0-nu_02--eval_0,71,0.12497750000000002,96.53270432213867,2.91773428972948,0.15126821645187963,1,0.023172616958618164
drone,greedy,0.2,constructed,greedy-mem_0-nu_02--eval_0,34,0.18113781098264353,26.36884550304002,32.79696366098099,14.153717339225718,6,8.232024431228638
corridor,greedy,0.2,constructed,greedy-mem_0-nu_02--eval_0,72,0.12497750000000002,96.53339431213868,2.917540599729479,0.1510659864518797,1,0.022734403610229492
dpm,greedy,0.2,constructed,greedy-mem_0-nu_02--eval_0,40,0.07742095488541485,5.242918795929341,44.614154836708494,5.1978488060599615,4,11.118355512619019
corridor,greedy,0.2,constructed,greedy-mem_0-nu_02--eval_0,73,0.12497850000000002,96.53440131213867,2.917242599729476,0.15075578645187973,1,0.02282094955444336
corridor,greedy,0.2,constructed,greedy-mem_0-nu_02--eval_0,74,0.12497850000000002,96.53553742912766,2.9169273133104805,0.15042637572687978,1,0.022083759307861328
drone,greedy,0.2,constructed,greedy-mem_0-nu_02--eval_0,35,0.18144068971916455,26.54267718821017,32.75921694450768,14.098843763725574,6,8.615973949432373
corridor,greedy,0.2,constructed,greedy-mem_0-nu_02--eval_0,75,0.12497850000000002,96.53995820716767,2.9156644921704817,0.14910921456687976,1,0.022945404052734375
dpm,greedy,0.2,constructed,greedy-mem_0-nu_02--eval_0,41,0.07767997448416913,5.2560478918263716,44.61444884658508,5.183444306148548,4,11.93752408027649
corridor,greedy,0.2,constructed,greedy-mem_0-nu_02--eval_0,76,0.12497950000000002,96.54272071650766,2.9148759954304833,0.1482782847468797,1,0.023723125457763672
drone,greedy,0.2,constructed,greedy-mem_0-nu_02--eval_0,36,0.181852086127584,26.832741557775755,32.697406780627695,14.012860394353208,6,8.715482473373413
corridor,greedy,0.2,constructed,greedy-mem_0-nu_02--eval_0,77,0.12498050000000001,96.54565568671177,2.914045243045384,0.1473893187115797,1,0.022933006286621094
corridor,greedy,0.2,constructed,greedy-mem_0-nu_02--eval_0,78,0.12498050000000001,96.55206382985719,2.9121958616236703,0.14536394691370963,1,0.023223400115966797
dpm,greedy,0.2,constructed,greedy-mem_0-nu_02--eval_0,42,0.07792093947257092,5.269618234403167,44.614759966604275,5.169977635919175,4,12.627283811569214
corridor,greedy,0.2,constructed,greedy-mem_0-nu_02--eval_0,79,0.12498050000000001,96.55390645690052,2.9116780986245376,0.14482326161116077,1,0.023389816284179688
drone,greedy,0.2,constructed,greedy-mem_0-nu_02--eval_0,37,0.18202662382282103,26.92875855129698,32.67682319256739,13.981428524848486,6,8.972102642059326
corridor,greedy,0.2,constructed,greedy-mem_0-nu_02--eval_0,80,0.12498050000000001,96.55538065635783,2.9112647993681287,0.14435437859953074,1,0.02469015121459961
corridor,greedy,0.2,constructed,greedy-mem_0-nu_02--eval_0,81,0.12498050000000001,96.55914279511403,2.9102106489799295,0.14322514687693075,1,0.023782730102539062
dpm,greedy,0.2,constructed,greedy-mem_0-nu_02--eval_0,43,0.07818275504483424,5.284340717435119,44.61510314614802,5.155335485431641,4,12.897071838378906
drone,greedy,0.2,constructed,greedy-mem_0-nu_02--eval_0,38,0.1823189112548155,27.227550030809027,32.61177254218523,13.896695689938719,6,9.020411968231201
corridor,greedy,0.2,constructed,greedy-mem_0-nu_02--eval_0,82,0.12498060000000001,96.55999158691402,2.9099737241799284,0.14297769347693062,1,0.02372264862060547
corridor,greedy,0.2,constructed,greedy-mem_0-nu_02--eval_0,83,0.12498060000000001,96.56215260300203,2.9093617100219316,0.14233902512493057,1,0.023594141006469727
corridor,greedy,0.2,constructed,greedy-mem_0-nu_02--eval_0,84,0.12498060000000001,96.56328579660203,2.909044555421929,0.1419935443249307,1,0.02423882484436035
dpm,greedy,0.2,constructed,greedy-mem_0-nu_02--eval_0,44,0.07843775759511407,5.297841387995788,44.61538941258121,5.141166126789752,4,13.162009000778198
drone-b,greedy,0.2,constructed,greedy-mem_0-nu_02--eval_0,1,0.19999581031799318,31.422529014752257,41.281639015242696,11.200542182590132,3,184.447998046875
drone,greedy,0.2,constructed,greedy-mem_0-nu_02--eval_0,39,0.1827096396838587,27.543272496820208,32.54416532421467,13.807138505399363,6,9.190011739730835
corridor,greedy,0.2,constructed,greedy-mem_0-nu_02--eval_0,85,0.12498060000000001,96.56451100520204,2.9086977978219313,0.14163167092493073,1,0.024347782135009766
corridor,greedy,0.2,constructed,greedy-mem_0-nu_02--eval_0,86,0.12498060000000001,96.57070621830202,2.906927801721931,0.13974471622493065,1,0.024342775344848633
corridor,greedy,0.2,constructed,greedy-mem_0-nu_02--eval_0,87,0.12498060000000001,96.57142354783913,2.9067192132178286,0.13952535342943068,1,0.024457216262817383
drone,greedy,0.2,constructed,greedy-mem_0-nu_02--eval_0,40,0.1829053385778791,27.68071243938052,32.51461812682102,13.765943752560448,6,9.23004674911499
dpm,greedy,0.2,constructed,greedy-mem_0-nu_02--eval_0,45,0.07871099840418982,5.31317800329775,44.61571143560208,5.125948848007992,4,13.397566080093384
corridor,greedy,0.2,constructed,greedy-mem_0-nu_02--eval_0,88,0.12498060000000001,96.57370220547926,2.9060750207234105,0.13882065761995063,1,0.025851011276245117
corridor,greedy,0.2,constructed,greedy-mem_0-nu_02--eval_0,89,0.1249817,96.57697793441885,2.9051427690648075,0.13784738103155064,1,0.02480006217956543
drone,greedy,0.2,constructed,greedy-mem_0-nu_02--eval_0,41,0.18311301363296148,27.824889010236568,32.483110792072,13.722333874638561,6,9.33704686164856
corridor,greedy,0.2,constructed,greedy-mem_0-nu_02--eval_0,90,0.1249828,96.58095409634377,2.904015052133138,0.13665252242614626,1,0.025640487670898438
dpm,greedy,0.2,constructed,greedy-mem_0-nu_02--eval_0,46,0.07891086561105848,5.323761602744334,44.61594779587308,5.1148226037671884,4,13.941270589828491
corridor,greedy,0.2,constructed,greedy-mem_0-nu_02--eval_0,91,0.1249828,96.58261214774376,2.903552641733138,0.13613569422614635,1,0.026583433151245117
corridor,greedy,0.2,constructed,greedy-mem_0-nu_02--eval_0,92,0.1249828,96.58440882780376,2.9030286855731404,0.13558840944614634,1,0.027982234954833984
drone,greedy,0.2,constructed,greedy-mem_0-nu_02--eval_0,42,0.18346791749249042,27.940894847633622,32.45804236483392,13.681584181152058,6,9.574512004852295
corridor,greedy,0.2,constructed,greedy-mem_0-nu_02--eval_0,93,0.1249828,96.58728701090877,2.9022202822981367,0.13474345015714634,1,0.026219606399536133
dpm,greedy,0.2,constructed,greedy-mem_0-nu_02--eval_0,47,0.07914628227560727,5.335707951839428,44.61621509930243,5.1017346191984885,4,14.16545844078064
corridor,greedy,0.2,constructed,greedy-mem_0-nu_02--eval_0,94,0.1249828,96.58866429640877,2.9018312997981393,0.13432701025714633,1,0.02911376953125
drone,greedy,0.2,constructed,greedy-mem_0-nu_02--eval_0,43,0.18365014926283002,28.21989082734526,32.397231622320334,13.602652956386931,6,9.482433557510376
corridor,greedy,0.2,constructed,greedy-mem_0-nu_02--eval_0,95,0.1249828,96.58866429640877,2.9018312997981393,0.13432701025714633,1,0.02597808837890625
corridor,greedy,0.2,constructed,greedy-mem_0-nu_02--eval_0,96,0.1249828,96.58901181146477,2.901735896252138,0.13422667595314636,1,0.025968074798583984
dpm,greedy,0.2,constructed,greedy-mem_0-nu_02--eval_0,48,0.07938728569473572,5.34854239241055,44.616501622270825,5.088306132537129,4,14.712309837341309
corridor,greedy,0.2,constructed,greedy-mem_0-nu_02--eval_0,97,0.1249828,96.58953184944475,2.90158758697214,0.13407197021314635,1,0.026004791259765625
drone,greedy,0.2,constructed,greedy-mem_0-nu_02--eval_0,44,0.18398213433979096,28.479115229191372,32.34220245695086,13.527318049120625,6,9.680751085281372
corridor,greedy,0.2,constructed,greedy-mem_0-nu_02--eval_0,98,0.1249828,96.59113461900753,2.901129992839613,0.13356731535549138,1,0.029402971267700195
corridor,greedy,0.2,constructed,greedy-mem_0-nu_02--eval_0,99,0.1249828,96.59183481500753,2.900933386839616,0.13336020735549126,1,0.027292728424072266
dpm,greedy,0.2,constructed,greedy-mem_0-nu_02--eval_0,49,0.07957336133645368,5.358373723644039,44.61669631497674,5.0780015142240265,4,15.931427955627441
corridor,greedy,0.2,constructed,greedy-mem_0-nu_02--eval_0,100,0.1249828,96.59576765861026,2.899825769904788,0.13219739145684123,1,0.028140783309936523
drone,greedy,0.2,constructed,greedy-mem_0-nu_02--eval_0,45,0.18427708217336278,28.644182401780746,32.30731201979383,13.476784203633867,6,10.933428764343262
corridor,greedy,0.2,constructed,greedy-mem_0-nu_02--eval_0,101,0.1249828,96.59583422083942,2.8998080215057294,0.1321777617732012,1,0.028022050857543945
corridor,greedy,0.2,constructed,greedy-mem_0-nu_02--eval_0,102,0.1249828,96.59688927341843,2.899510394896728,0.13186051753820122,1,0.027287006378173828
dpm,greedy,0.2,constructed,greedy-mem_0-nu_02--eval_0,50,0.07974940477271528,5.367722255233039,44.6168965982786,5.0682179136585335,4,15.384998321533203
drone,greedy,0.2,constructed,greedy-mem_0-nu_02--eval_0,46,0.184440166554611,28.83453753417586,32.26585518171254,13.422777527524394,6,9.995283842086792
corridor,greedy,0.2,constructed,greedy-mem_0-nu_02--eval_0,103,0.1249828,96.59693042531968,2.8994993680361945,0.13184780798484586,1,0.027573585510253906
corridor,greedy,0.2,constructed,greedy-mem_0-nu_02--eval_0,104,0.1249828,96.59806549694783,2.899172257968707,0.13150679505270482,1,0.02784252166748047
corridor,greedy,0.2,constructed,greedy-mem_0-nu_02--eval_0,105,0.1249828,96.59847780480182,2.899057333074706,0.13138675299070482,1,0.028026819229125977
drone,greedy,0.2,constructed,greedy-mem_0-nu_02--eval_0,47,0.18456897168670416,28.983961621438368,32.23392430290886,13.380121796177438,6,10.125653505325317
dpm,greedy,0.2,constructed,greedy-mem_0-nu_02--eval_0,51,0.07992093099827338,5.376853019481431,44.61708825762892,5.058693302664312,4,15.625286340713501
corridor,greedy,0.2,constructed,greedy-mem_0-nu_02--eval_0,106,0.1249828,96.59979319496182,2.898691545414706,0.13099588083070476,1,0.027304887771606445
corridor,greedy,0.2,constructed,greedy-mem_0-nu_02--eval_0,107,0.1249828,96.60137572990182,2.898250411574707,0.1305222506107048,1,0.02831554412841797
corridor,greedy,0.2,constructed,greedy-mem_0-nu_02--eval_0,108,0.1249828,96.60203007574252,2.8980707627449056,0.1303294911276847,1,0.027971744537353516
drone,greedy,0.2,constructed,greedy-mem_0-nu_02--eval_0,48,0.1847200949666184,29.109595883163863,32.2066076219156,13.343493125427862,6,10.336742162704468
corridor,greedy,0.2,constructed,greedy-mem_0-nu_02--eval_0,109,0.1249828,96.60380765069053,2.8975741372674437,0.12980484843416776,1,0.028510570526123047
dpm,greedy,0.2,constructed,greedy-mem_0-nu_02--eval_0,52,0.08011341106537095,5.387431680687222,44.61730846783988,5.047996149936893,4,16.067933320999146
corridor,greedy,0.2,constructed,greedy-mem_0-nu_02--eval_0,110,0.1249828,96.60715354381236,2.8966321956535266,0.12877519978442775,1,0.029299020767211914
drone,greedy,0.2,constructed,greedy-mem_0-nu_02--eval_0,49,0.18483855244532646,29.174564402769377,32.19295614278918,13.323206169001015,6,10.52885103225708
corridor,greedy,0.2,constructed,greedy-mem_0-nu_02--eval_0,111,0.1249828,96.60830895821235,2.8963056022535243,0.1284343445844277,1,0.02904677391052246
corridor,greedy,0.2,constructed,greedy-mem_0-nu_02--eval_0,112,0.1249828,96.60890186765735,2.896137585078522,0.1282582542434276,1,0.03197479248046875
dpm,greedy,0.2,constructed,greedy-mem_0-nu_02--eval_0,53,0.08031454321662429,5.398233533569597,44.61752953356731,5.036834847930466,4,16.29743528366089
corridor,greedy,0.2,constructed,greedy-mem_0-nu_02--eval_0,113,0.1249828,96.61068693645736,2.895636388278523,0.12771659984342762,1,0.028634071350097656
drone,greedy,0.2,constructed,greedy-mem_0-nu_02--eval_0,50,0.18497877369810958,29.264591697191264,32.17311292528275,13.294936721592382,6,10.94295859336853
corridor,greedy,0.2,constructed,greedy-mem_0-nu_02--eval_0,114,0.1249828,96.61127506413736,2.895470733698524,0.12752939128342758,1,0.029979705810546875
corridor,greedy,0.2,constructed,greedy-mem_0-nu_02--eval_0,115,0.1249828,96.61195351638736,2.895284114748528,0.12733430919342761,1,0.030443191528320312
corridor,greedy,0.2,constructed,greedy-mem_0-nu_02--eval_0,116,0.1249828,96.61290812948735,2.8950193586485247,0.1270576824934276,1,0.029790878295898438
dpm,greedy,0.2,constructed,greedy-mem_0-nu_02--eval_0,54,0.08052824707551799,5.409931221907954,44.61778249045306,5.024648560025981,4,17.712330102920532
drone,greedy,0.2,constructed,greedy-mem_0-nu_02--eval_0,51,0.18512501685852875,29.366047960897603,32.15096008292423,13.264454694273063,6,10.982364177703857
corridor,greedy,0.2,constructed,greedy-mem_0-nu_02--eval_0,117,0.1249828,96.61359811948735,2.8948256686485263,0.12685545249342767,1,0.029785871505737305
corridor,greedy,0.2,constructed,greedy-mem_0-nu_02--eval_0,118,0.1249828,96.61556291238736,2.8942740727485243,0.12627130199342756,1,0.028773784637451172
corridor,greedy,0.2,constructed,greedy-mem_0-nu_02--eval_0,119,0.1249828,96.61626429929736,2.894074445138525,0.1260630404434276,1,0.02947711944580078
drone,greedy,0.2,constructed,greedy-mem_0-nu_02--eval_0,52,0.18537881413604282,29.524857954718136,32.11732986063297,13.216948342051433,6,11.277186393737793
dpm,greedy,0.2,constructed,greedy-mem_0-nu_02--eval_0,55,0.08068950926513879,5.418730905722038,44.61796395545157,5.015406269047272,4,17.278614044189453
corridor,greedy,0.2,constructed,greedy-mem_0-nu_02--eval_0,120,0.1249828,96.61719158488735,2.8938147481485257,0.12577713657342762,1,0.030550479888916016
corridor,greedy,0.2,constructed,greedy-mem_0-nu_02--eval_0,121,0.1249828,96.61787555138736,2.893623455648527,0.12557663487342757,1,0.029644489288330078
drone,greedy,0.2,constructed,greedy-mem_0-nu_02--eval_0,53,0.1855364781279876,29.665193325500937,32.08734873593135,13.176284117315962,6,11.242976188659668
corridor,greedy,0.2,constructed,greedy-mem_0-nu_02--eval_0,122,0.1249828,96.61861264788736,2.8934174001485284,0.1253614415734276,1,0.030386924743652344
corridor,greedy,0.2,constructed,greedy-mem_0-nu_02--eval_0,123,0.1249828,96.61870224277037,2.8933934657555285,0.1253363773384276,1,0.031440019607543945
dpm,greedy,0.2,constructed,greedy-mem_0-nu_02--eval_0,56,0.0808840301193018,5.429044034144649,44.6181768928612,5.004614395753205,4,17.9011492729187
corridor,greedy,0.2,constructed,greedy-mem_0-nu_02--eval_0,124,0.12498480000000001,96.62132123675535,2.8926489188805284,0.12455957622542754,1,0.03076791763305664
drone,greedy,0.2,constructed,greedy-mem_0-nu_02--eval_0,54,0.18574651178179175,29.74937402770066,32.069411343399246,13.148364090652642,6,11.47638726234436
corridor,greedy,0.2,constructed,greedy-mem_0-nu_02--eval_0,125,0.12498480000000001,96.62132123675535,2.8926489188805284,0.12455957622542754,1,0.03047490119934082
drone-b,greedy,0.2,constructed,greedy-mem_0-nu_02--eval_0,2,0.19999769314487914,31.66019540421778,41.26082223277102,11.121115667001757,3,188.702862739563
corridor,greedy,0.2,constructed,greedy-mem_0-nu_02--eval_0,126,0.12498480000000001,96.62276671135537,2.892236648280527,0.1241294224254276,1,0.029911518096923828
dpm,greedy,0.2,constructed,greedy-mem_0-nu_02--eval_0,57,0.08113820730523512,5.442709870037337,44.61848287051892,4.99044821382946,4,18.170381546020508
corridor,greedy,0.2,constructed,greedy-mem_0-nu_02--eval_0,127,0.12498480000000001,96.62466484326035,2.8916970422055277,0.1235570335364276,1,0.02959752082824707
drone,greedy,0.2,constructed,greedy-mem_0-nu_02--eval_0,55,0.18592411369101547,29.81950737276233,32.05434354870254,13.124041200132535,6,12.075563669204712
corridor,greedy,0.2,constructed,greedy-mem_0-nu_02--eval_0,128,0.12498480000000001,96.62618304743036,2.8912692091355296,0.12311043808642762,1,0.030402660369873047
corridor,greedy,0.2,constructed,greedy-mem_0-nu_02--eval_0,129,0.12498480000000001,96.62710979293536,2.891002110940531,0.12280829849342759,1,0.030871868133544922
corridor,greedy,0.2,constructed,greedy-mem_0-nu_02--eval_0,130,0.12498480000000001,96.62763500781348,2.8908555604836588,0.12263939089362472,1,0.030052661895751953
dpm,greedy,0.2,constructed,greedy-mem_0-nu_02--eval_0,58,0.08134431402456171,5.45421058968469,44.61871685512534,4.978993097423047,4,18.8885977268219
drone,greedy,0.2,constructed,greedy-mem_0-nu_02--eval_0,56,0.1861298728976623,29.97641398617624,32.02002504033319,13.0769923887748,6,12.243563652038574
corridor,greedy,0.2,constructed,greedy-mem_0-nu_02--eval_0,131,0.12498480000000001,96.62811452181347,2.890723456483662,0.12250130889362469,1,0.03326773643493652
corridor,greedy,0.2,constructed,greedy-mem_0-nu_02--eval_0,132,0.12498480000000001,96.63191785547347,2.889644313523659,0.12137528987362468,1,0.030527830123901367
corridor,greedy,0.2,constructed,greedy-mem_0-nu_02--eval_0,133,0.12498480000000001,96.63191785547347,2.889644313523659,0.12137528987362468,1,0.03263378143310547
drone,greedy,0.2,constructed,greedy-mem_0-nu_02--eval_0,57,0.18631649441728335,30.06063971316201,32.002409078589245,13.050350100948735,6,12.191283702850342
corridor,greedy,0.2,constructed,greedy-mem_0-nu_02--eval_0,134,0.12498480000000001,96.63265494647348,2.8894348925236595,0.1211363828736247,1,0.03384971618652344
dpm,greedy,0.2,constructed,greedy-mem_0-nu_02--eval_0,59,0.08155286948934484,5.464879537047402,44.61895420474234,4.967398926819732,4,19.26410222053528
corridor,greedy,0.2,constructed,greedy-mem_0-nu_02--eval_0,135,0.12498480000000001,96.63286504951698,2.8893747223611603,0.12106488530132473,1,0.03191018104553223
corridor,greedy,0.2,constructed,greedy-mem_0-nu_02--eval_0,136,0.12498480000000001,96.63287298751698,2.8893724543611583,0.12106109130132467,1,0.032389163970947266
drone,greedy,0.2,constructed,greedy-mem_0-nu_02--eval_0,58,0.1864888110564642,30.20116277730552,31.972340315522057,13.00979793841868,6,12.4853675365448
corridor,greedy,0.2,constructed,greedy-mem_0-nu_02--eval_0,137,0.12498480000000001,96.63299868881955,2.8893385810755614,0.12102297761712466,1,0.031424760818481445
dpm,greedy,0.2,constructed,greedy-mem_0-nu_02--eval_0,60,0.0817250931409003,5.474388759739364,44.61915113133157,4.957541734377772,4,19.89947199821472
corridor,greedy,0.2,constructed,greedy-mem_0-nu_02--eval_0,138,0.12498480000000001,96.63416774145958,2.8890097643355603,0.1206797026571247,1,0.03221893310546875
corridor,greedy,0.2,constructed,greedy-mem_0-nu_02--eval_0,139,0.12498480000000001,96.63532717961776,2.888689514884361,0.12034501300532463,1,0.03588414192199707
drone,greedy,0.2,constructed,greedy-mem_0-nu_02--eval_0,59,0.18668616964585882,30.341900367132524,31.941848529329018,12.967299196714968,6,13.465474367141724
corridor,greedy,0.2,constructed,greedy-mem_0-nu_02--eval_0,140,0.12498480000000001,96.63743606892979,2.8880969799423615,0.11970820371732467,1,0.035012245178222656
corridor,greedy,0.2,constructed,greedy-mem_0-nu_02--eval_0,141,0.12498490000000001,96.63764354526079,2.888041049351365,0.11964893383432469,1,0.03280234336853027
dpm,greedy,0.2,constructed,greedy-mem_0-nu_02--eval_0,61,0.08190626142027321,5.484282934678355,44.61937003017485,4.9474524242861255,4,21.237181901931763
corridor,greedy,0.2,constructed,greedy-mem_0-nu_02--eval_0,142,0.12498490000000001,96.63815950896077,2.8878944546513603,0.11948169893432463,1,0.03245687484741211
drone,greedy,0.2,constructed,greedy-mem_0-nu_02--eval_0,60,0.18680132129029306,30.430865050205412,31.922533020686547,12.94107638643008,6,12.764665603637695
corridor,greedy,0.2,constructed,greedy-mem_0-nu_02--eval_0,143,0.12498490000000001,96.63960557045948,2.8874838284836657,0.1190459397468246,1,0.03323674201965332
corridor,greedy,0.2,constructed,greedy-mem_0-nu_02--eval_0,144,0.12498501100000001,96.64126614269948,2.887022104343664,0.11856358662682466,1,0.0325474739074707
corridor,greedy,0.2,constructed,greedy-mem_0-nu_02--eval_0,145,0.12498501100000001,96.64203893149947,2.8868051715436627,0.11833708902682466,1,0.032057762145996094
drone,greedy,0.2,constructed,greedy-mem_0-nu_02--eval_0,61,0.18692867184004455,30.50556262748865,31.90641467511456,12.917970304515807,6,12.963862180709839
dpm,greedy,0.2,constructed,greedy-mem_0-nu_02--eval_0,62,0.08210456860134498,5.494792307624808,44.619599152244824,4.9364249336240915,4,21.066431283950806
corridor,greedy,0.2,constructed,greedy-mem_0-nu_02--eval_0,146,0.12498501100000001,96.64237702659949,2.8867102634436637,0.11823799632682465,1,0.0332186222076416
corridor,greedy,0.2,constructed,greedy-mem_0-nu_02--eval_0,147,0.12498501100000001,96.64283276369947,2.8865834213436665,0.11809949922682458,1,0.03565168380737305
corridor,greedy,0.2,constructed,greedy-mem_0-nu_02--eval_0,148,0.12498501100000001,96.64283276369947,2.8865834213436665,0.11809949922682458,1,0.03252243995666504
drone,greedy,0.2,constructed,greedy-mem_0-nu_02--eval_0,62,0.1871384512745841,30.65995182405478,31.873437419683718,12.872621872436682,6,13.267939567565918
corridor,greedy,0.2,constructed,greedy-mem_0-nu_02--eval_0,149,0.12498501100000001,96.64401807949947,2.886255159543666,0.11774802422682462,1,0.03286409378051758
dpm,greedy,0.2,constructed,greedy-mem_0-nu_02--eval_0,63,0.08224691830746234,5.502258110631676,44.61974240848536,4.928551844214937,4,21.466214895248413
corridor,greedy,0.2,constructed,greedy-mem_0-nu_02--eval_0,150,0.12498501100000001,96.64493924519948,2.8859940728436655,0.11747557932682452,1,0.035819053649902344
corridor,greedy,0.2,constructed,greedy-mem_0-nu_02--eval_0,151,0.12498501100000001,96.64601528169946,2.8856922643436658,0.11716044842682447,1,0.03400444984436035
drone,greedy,0.2,constructed,greedy-mem_0-nu_02--eval_0,63,0.18721913108320604,30.704922369125967,31.863599426806456,12.857776293817983,6,13.721458911895752
corridor,greedy,0.2,constructed,greedy-mem_0-nu_02--eval_0,152,0.12498501100000001,96.64794682810555,2.885155925970675,0.11659881665185462,1,0.03260922431945801
corridor,greedy,0.2,constructed,greedy-mem_0-nu_02--eval_0,153,0.12498501100000001,96.64794682810555,2.8851559259706745,0.11659881665185462,1,0.03525137901306152
dpm,greedy,0.2,constructed,greedy-mem_0-nu_02--eval_0,64,0.0824244675496776,5.5114932014077915,44.61993477738675,4.918705099647938,4,21.59126353263855
corridor,greedy,0.2,constructed,greedy-mem_0-nu_02--eval_0,154,0.12498501100000001,96.64908670534297,2.8848330879729747,0.11626019049389467,1,0.0336759090423584
drone,greedy,0.2,constructed,greedy-mem_0-nu_02--eval_0,64,0.1873887518237491,30.839953308925104,31.83539126838881,12.819006082417776,6,13.734875679016113
corridor,greedy,0.2,constructed,greedy-mem_0-nu_02--eval_0,155,0.12498601100000001,96.65205089847197,2.884000840413977,0.11537085162889467,1,0.03490900993347168
corridor,greedy,0.2,constructed,greedy-mem_0-nu_02--eval_0,156,0.12498711100000001,96.65464642910663,2.883245348616605,0.1145540983962407,1,0.034273624420166016
corridor,greedy,0.2,constructed,greedy-mem_0-nu_02--eval_0,157,0.12498711100000001,96.65612093385013,2.882816808183193,0.11410755970530674,1,0.03472113609313965
dpm,greedy,0.2,constructed,greedy-mem_0-nu_02--eval_0,65,0.08254663875864225,5.518205230909366,44.62005928245803,4.91194775761362,4,21.984821796417236
corridor,greedy,0.2,constructed,greedy-mem_0-nu_02--eval_0,158,0.12498711100000001,96.65655875865014,2.8826916523831887,0.11397702370530673,1,0.03402113914489746
drone,greedy,0.2,constructed,greedy-mem_0-nu_02--eval_0,65,0.18746347022677412,30.893313865428723,31.823870321122417,12.80230896099536,6,13.69155478477478
corridor,greedy,0.2,constructed,greedy-mem_0-nu_02--eval_0,159,0.12498711100000001,96.65730320371682,2.8824823963289816,0.1137475653807707,1,0.03431510925292969
corridor,greedy,0.2,constructed,greedy-mem_0-nu_02--eval_0,160,0.12498711100000001,96.65811166269683,2.8822441860489842,0.11349954264077065,1,0.03602719306945801
corridor,greedy,0.2,constructed,greedy-mem_0-nu_02--eval_0,161,0.12498711100000001,96.65884946584681,2.8820339497989775,0.11328022837077077,1,0.035515546798706055
drone,greedy,0.2,constructed,greedy-mem_0-nu_02--eval_0,66,0.18767178147024854,31.03101189525119,31.793889797619318,12.76042240699769,6,13.93403673171997
dpm,greedy,0.2,constructed,greedy-mem_0-nu_02--eval_0,66,0.0827196560009581,5.527435160441504,44.620246272429696,4.902350524512092,4,22.532552480697632
corridor,greedy,0.2,constructed,greedy-mem_0-nu_02--eval_0,162,0.12498711100000001,96.65938513042661,2.881881752450181,0.11312083998217078,1,0.034700870513916016
corridor,greedy,0.2,constructed,greedy-mem_0-nu_02--eval_0,163,0.12498711100000001,96.6610615492266,2.8814163056501836,0.11263455558217071,1,0.036186933517456055
corridor,greedy,0.2,constructed,greedy-mem_0-nu_02--eval_0,164,0.12498711100000001,96.66116069127094,2.8813896027537504,0.1126065528679207,1,0.03449606895446777
drone,greedy,0.2,constructed,greedy-mem_0-nu_02--eval_0,67,0.1878334831096199,31.12067937646725,31.774865918136058,12.732804529747,6,14.412387132644653
corridor,greedy,0.2,constructed,greedy-mem_0-nu_02--eval_0,165,0.12498711100000001,96.66295267027094,2.880889928753753,0.1120700098679207,1,0.03622937202453613
corridor,greedy,0.2,constructed,greedy-mem_0-nu_02--eval_0,166,0.12498711100000001,96.66378829870874,2.880656211756953,0.11181279041332068,1,0.03607368469238281
dpm,greedy,0.2,constructed,greedy-mem_0-nu_02--eval_0,67,0.08286334803354865,5.535123190166023,44.62039175003695,4.894400682288705,4,23.043049812316895
corridor,greedy,0.2,constructed,greedy-mem_0-nu_02--eval_0,167,0.12498711100000001,96.66496386848873,2.88032881867695,0.1114708024733207,1,0.03571176528930664
drone-b,greedy,0.2,constructed,greedy-mem_0-nu_02--eval_0,3,0.19999989803989865,31.783467496301732,41.252001588114474,11.080074527597773,3,190.68714356422424
drone,greedy,0.2,constructed,greedy-mem_0-nu_02--eval_0,68,0.18792861734059868,31.198474719728367,31.758244661475914,12.709830017386906,6,14.651352167129517
corridor,greedy,0.2,constructed,greedy-mem_0-nu_02--eval_0,168,0.12498711100000001,96.66674824738874,2.8798257318769527,0.11094482149332065,1,0.03579139709472656
corridor,greedy,0.2,constructed,greedy-mem_0-nu_02--eval_0,169,0.12498711100000001,96.66808633614889,2.8794579130312283,0.11055732154190272,1,0.036411285400390625
corridor,greedy,0.2,constructed,greedy-mem_0-nu_02--eval_0,170,0.12498711100000001,96.66814493783288,2.879442053088037,0.11053932483313064,1,0.03709888458251953
dpm,greedy,0.2,constructed,greedy-mem_0-nu_02--eval_0,68,0.08302645601428843,5.543991404795475,44.62057100476059,4.885352317157568,4,24.070579528808594
corridor,greedy,0.2,constructed,greedy-mem_0-nu_02--eval_0,171,0.12498711100000001,96.66826694521063,2.8794064653366673,0.11048874227055576,1,0.03633761405944824
drone,greedy,0.2,constructed,greedy-mem_0-nu_02--eval_0,69,0.18805366047061609,31.265927097178263,31.74399455518205,12.689334751965482,6,14.868277788162231
corridor,greedy,0.2,constructed,greedy-mem_0-nu_02--eval_0,172,0.12498711100000001,96.66832770241062,2.8793903751366643,0.11047188347055578,1,0.03882145881652832
corridor,greedy,0.2,constructed,greedy-mem_0-nu_02--eval_0,173,0.12498711100000001,96.66833451301521,2.8793884614401954,0.11046945703710574,1,0.036345481872558594
corridor,greedy,0.2,constructed,greedy-mem_0-nu_02--eval_0,174,0.12498711100000001,96.6684506130152,2.8793533614401965,0.11041255703710583,1,0.03722667694091797
drone,greedy,0.2,constructed,greedy-mem_0-nu_02--eval_0,70,0.18816259010639633,31.3827986968085,31.718764354806375,12.655063663393495,6,14.931372880935669
dpm,greedy,0.2,constructed,greedy-mem_0-nu_02--eval_0,69,0.0831563583288458,5.551007697051114,44.62070828067072,4.878143429476303,4,24.295613288879395
corridor,greedy,0.2,constructed,greedy-mem_0-nu_02--eval_0,175,0.12498711100000001,96.66904573551518,2.879190019940196,0.11024178573710582,1,0.03972792625427246
corridor,greedy,0.2,constructed,greedy-mem_0-nu_02--eval_0,176,0.12498711100000001,96.66938383061519,2.8790951118401966,0.11014269303710576,1,0.04007530212402344
corridor,greedy,0.2,constructed,greedy-mem_0-nu_02--eval_0,177,0.12498711100000001,96.66945967981519,2.8790738556401987,0.11012049743710581,1,0.03731584548950195
drone,greedy,0.2,constructed,greedy-mem_0-nu_02--eval_0,71,0.18831997651688312,31.464668195058692,31.701461877663085,12.62965185563307,6,15.1295804977417
corridor,greedy,0.2,constructed,greedy-mem_0-nu_02--eval_0,178,0.12498711100000001,96.66995518741518,2.8789297270401963,0.10996986163710576,1,0.038484811782836914
corridor,greedy,0.2,constructed,greedy-mem_0-nu_02--eval_0,179,0.12498711100000001,96.67068893580439,2.878724494351297,0.10975326767646584,1,0.038077592849731445
dpm,greedy,0.2,constructed,greedy-mem_0-nu_02--eval_0,70,0.08328300499741703,5.5577474096306325,44.62084372049234,4.8711122858273,4,25.26799702644348
corridor,greedy,0.2,constructed,greedy-mem_0-nu_02--eval_0,180,0.12498711100000001,96.6710501103944,2.8786218780612955,0.10963620324646582,1,0.03734993934631348
corridor,greedy,0.2,constructed,greedy-mem_0-nu_02--eval_0,181,0.12498711100000001,96.6728456909944,2.878122306461298,0.1091038794464658,1,0.04013562202453613
drone,greedy,0.2,constructed,greedy-mem_0-nu_02--eval_0,72,0.18846045404021988,31.563215204076357,31.68029164672477,12.600256263881986,6,16.091490983963013
corridor,greedy,0.2,constructed,greedy-mem_0-nu_02--eval_0,182,0.12498711100000001,96.67411979929841,2.877767246497297,0.10873300511046602,1,0.040279388427734375
corridor,greedy,0.2,constructed,greedy-mem_0-nu_02--eval_0,183,0.12498711100000001,96.6743288259274,2.877707570188297,0.10865518894546583,1,0.038218021392822266
dpm,greedy,0.2,constructed,greedy-mem_0-nu_02--eval_0,71,0.08342379157593319,5.565358154297655,44.62100700398077,4.86328517537881,4,27.26957607269287
corridor,greedy,0.2,constructed,greedy-mem_0-nu_02--eval_0,184,0.12498711100000001,96.6748118189274,2.877571987188298,0.10851362794546603,1,0.03784060478210449
drone,greedy,0.2,constructed,greedy-mem_0-nu_02--eval_0,73,0.18857339640170512,31.667947671632184,31.65809074499223,12.570587272292562,6,15.766437292098999
corridor,greedy,0.2,constructed,greedy-mem_0-nu_02--eval_0,185,0.12498711100000001,96.67487993322928,2.877552923113396,0.10849199075396593,1,0.03852367401123047
corridor,greedy,0.2,constructed,greedy-mem_0-nu_02--eval_0,186,0.12498711100000001,96.67531462692929,2.877430898413396,0.10836458585396602,1,0.037488698959350586
corridor,greedy,0.2,constructed,greedy-mem_0-nu_02--eval_0,187,0.12498711100000001,96.6758268295293,2.8772880648133974,0.10820111205396604,1,0.03815460205078125
drone,greedy,0.2,constructed,greedy-mem_0-nu_02--eval_0,74,0.18868032852588537,31.750306251769622,31.640303591023407,12.545696823236671,6,15.974066257476807
corridor,greedy,0.2,constructed,greedy-mem_0-nu_02--eval_0,188,0.12498811100000001,96.67768845532129,2.876763208891397,0.10765325388596625,1,0.03831148147583008
dpm,greedy,0.2,constructed,greedy-mem_0-nu_02--eval_0,72,0.08357060250482336,5.5730140817455185,44.621155719484854,4.855166160848113,4,27.189894676208496
corridor,greedy,0.2,constructed,greedy-mem_0-nu_02--eval_0,189,0.12498811100000001,96.67842017332129,2.876559160891399,0.10741971988596623,1,0.03749370574951172
corridor,greedy,0.2,constructed,greedy-mem_0-nu_02--eval_0,190,0.12498811100000001,96.6798774545145,2.876155440227201,0.10699787025356629,1,0.038583993911743164
corridor,greedy,0.2,constructed,greedy-mem_0-nu_02--eval_0,191,0.12498811100000001,96.6798774545145,2.876155440227201,0.10699787025356629,1,0.03728508949279785
drone,greedy,0.2,constructed,greedy-mem_0-nu_02--eval_0,75,0.18880772354776743,31.823334894434314,31.62496116056223,12.523210181238962,6,16.06512451171875
corridor,greedy,0.2,constructed,greedy-mem_0-nu_02--eval_0,192,0.12498811100000001,96.68083717904949,2.875883934902198,0.10671452251056636,1,0.042162179946899414
corridor,greedy,0.2,constructed,greedy-mem_0-nu_02--eval_0,193,0.12498811100000001,96.68087964699923,2.875872106925665,0.10670058188241724,1,0.0383756160736084
dpm,greedy,0.2,constructed,greedy-mem_0-nu_02--eval_0,73,0.08374307578787168,5.581888400782265,44.62133662270791,4.845609429461593,4,26.835201025009155
corridor,greedy,0.2,constructed,greedy-mem_0-nu_02--eval_0,194,0.12498811100000001,96.68217333426173,2.875511153190076,0.10632357686080737,1,0.03937482833862305
drone,greedy,0.2,constructed,greedy-mem_0-nu_02--eval_0,76,0.18891520391752525,31.884974320412688,31.611465846692106,12.503012308683797,6,16.60952591896057
corridor,greedy,0.2,constructed,greedy-mem_0-nu_02--eval_0,195,0.12498811100000001,96.68391647019718,2.8750202057690757,0.105800631173558,1,0.0384364128112793
corridor,greedy,0.2,constructed,greedy-mem_0-nu_02--eval_0,196,0.12498811100000001,96.68435517699719,2.874899270969077,0.105672942773558,1,0.03916621208190918
corridor,greedy,0.2,constructed,greedy-mem_0-nu_02--eval_0,197,0.12498811100000001,96.68548978405467,2.8745854789905785,0.10533345643685799,1,0.039019107818603516
corridor,greedy,0.2,constructed,greedy-mem_0-nu_02--eval_0,198,0.12498811100000001,96.68651786915467,2.8742968808905753,0.10503213373685795,1,0.03963613510131836
dpm,greedy,0.2,constructed,greedy-mem_0-nu_02--eval_0,74,0.08389610002008663,5.589895427304873,44.62150030409599,4.8371312192854905,4,27.367849826812744
drone,greedy,0.2,constructed,greedy-mem_0-nu_02--eval_0,77,0.18910370664490098,32.00415268523388,31.586085149133442,12.46750180277097,6,16.35352611541748
corridor,greedy,0.2,constructed,greedy-mem_0-nu_02--eval_0,199,0.12498811100000001,96.68655119160468,2.874287877140573,0.10502271152685798,1,0.03864693641662598
corridor,greedy,0.2,constructed,greedy-mem_0-nu_02--eval_0,200,0.12498811100000001,96.68717784141857,2.874115595323678,0.1048405706273579,1,0.042322635650634766
corridor,greedy,0.2,constructed,greedy-mem_0-nu_02--eval_0,201,0.12498811100000001,96.68834090261858,2.8737956911236773,0.10450564582735783,1,0.04050135612487793
drone,greedy,0.2,constructed,greedy-mem_0-nu_02--eval_0,78,0.18925032370019565,32.08622672482083,31.569034416482776,12.442759516584976,6,16.588483810424805
corridor,greedy,0.2,constructed,greedy-mem_0-nu_02--eval_0,202,0.12498811100000001,96.68845550285258,2.873763964099678,0.10447120718535784,1,0.03891754150390625
corridor,greedy,0.2,constructed,greedy-mem_0-nu_02--eval_0,203,0.124989211,96.6898574866726,2.8733607485796786,0.10405080552535771,1,0.03907132148742676
dpm,greedy,0.2,constructed,greedy-mem_0-nu_02--eval_0,75,0.0840437188504386,5.597711835419165,44.621650018042956,4.828969123500929,4,31.516966581344604
corridor,greedy,0.2,constructed,greedy-mem_0-nu_02--eval_0,204,0.124989211,96.68992022693259,2.8733430452196784,0.10402885814535776,1,0.04112124443054199
corridor,greedy,0.2,constructed,greedy-mem_0-nu_02--eval_0,205,0.124989211,96.69103216293257,2.873025189219679,0.10369733814535778,1,0.03988027572631836
drone,greedy,0.2,constructed,greedy-mem_0-nu_02--eval_0,79,0.18937559055305017,32.148224520167936,31.556071587911724,12.423679914791684,6,17.138381242752075
corridor,greedy,0.2,constructed,greedy-mem_0-nu_02--eval_0,206,0.124989211,96.69154847838257,2.872880602469678,0.10354635493535774,1,0.03867745399475098
corridor,greedy,0.2,constructed,greedy-mem_0-nu_02--eval_0,207,0.124989211,96.69360008748258,2.872294670369677,0.1029257962353577,1,0.04136943817138672
corridor,greedy,0.2,constructed,greedy-mem_0-nu_02--eval_0,208,0.124989211,96.69373995584097,2.872256577558188,0.1028822604618477,1,0.039530277252197266
dpm,greedy,0.2,constructed,greedy-mem_0-nu_02--eval_0,76,0.08417119266292589,5.604946492297022,44.62178454319755,4.821909415369244,4,28.71761703491211
drone-b,greedy,0.2,constructed,greedy-mem_0-nu_02--eval_0,4,0.19999989803989865,31.997613135521476,41.23599506598519,11.011054899276584,3,190.5993664264679
corridor,greedy,0.2,constructed,greedy-mem_0-nu_02--eval_0,209,0.124989211,96.694904232717,2.87193288399219,0.10254410269784774,1,0.04000425338745117
drone,greedy,0.2,constructed,greedy-mem_0-nu_02--eval_0,80,0.1894860554721895,32.208746089236186,31.54288283779863,12.403955632014478,6,17.80116295814514
corridor,greedy,0.2,constructed,greedy-mem_0-nu_02--eval_0,210,0.124989211,96.69539069065696,2.8717971556521906,0.10240149267784773,1,0.03998875617980957
corridor,greedy,0.2,constructed,greedy-mem_0-nu_02--eval_0,211,0.124989211,96.69546332515696,2.871777288152188,0.10237867657784774,1,0.043916940689086914
corridor,greedy,0.2,constructed,greedy-mem_0-nu_02--eval_0,212,0.124989211,96.69666384134096,2.8714425687881877,0.10201735365784771,1,0.042485952377319336
drone,greedy,0.2,constructed,greedy-mem_0-nu_02--eval_0,81,0.18962462502684907,32.25683103895312,31.53273568103401,12.387553312261963,6,17.194749116897583
corridor,greedy,0.2,constructed,greedy-mem_0-nu_02--eval_0,213,0.124989211,96.69666384134096,2.871442568788188,0.10201735365784773,1,0.04003024101257324
dpm,greedy,0.2,constructed,greedy-mem_0-nu_02--eval_0,77,0.08431211382196638,5.612465722065956,44.6219275316602,4.81409942906131,4,29.275848388671875
corridor,greedy,0.2,constructed,greedy-mem_0-nu_02--eval_0,214,0.124989211,96.69717604394097,2.8712997351881873,0.10186157985784769,1,0.04087972640991211
corridor,greedy,0.2,constructed,greedy-mem_0-nu_02--eval_0,215,0.124989311,96.69786866216897,2.8711040137901898,0.1016430238458477,1,0.04312872886657715
corridor,greedy,0.2,constructed,greedy-mem_0-nu_02--eval_0,216,0.124989311,96.69845372314897,2.8709403115101897,0.10147207110584772,1,0.042467594146728516
drone,greedy,0.2,constructed,greedy-mem_0-nu_02--eval_0,82,0.18970439022829577,32.29179396634825,31.52530259981195,12.375988328845983,6,17.70648741722107
corridor,greedy,0.2,constructed,greedy-mem_0-nu_02--eval_0,217,0.124990311,96.69944497974898,2.870662023910189,0.10118051530584772,1,0.041794776916503906
corridor,greedy,0.2,constructed,greedy-mem_0-nu_02--eval_0,218,0.124990311,96.69950686117515,2.870644897241237,0.10116068884685359,1,0.04108142852783203
dpm,greedy,0.2,constructed,greedy-mem_0-nu_02--eval_0,78,0.08443620137181262,5.61892181175621,44.622044120500846,4.80725804914056,4,31.92922592163086
corridor,greedy,0.2,constructed,greedy-mem_0-nu_02--eval_0,219,0.124990311,96.70085421109513,2.8702707916212384,0.10076983628685363,1,0.04207468032836914
corridor,greedy,0.2,constructed,greedy-mem_0-nu_02--eval_0,220,0.124990311,96.70160633699516,2.8700526611212385,0.10054038246685361,1,0.04101681709289551
drone,greedy,0.2,constructed,greedy-mem_0-nu_02--eval_0,83,0.18987930373040754,32.39815583991268,31.502532733779812,12.3436880182542,6,18.45032000541687
corridor,greedy,0.2,constructed,greedy-mem_0-nu_02--eval_0,221,0.124990311,96.70165463629515,2.8700391028212353,0.10052622636685364,1,0.042726755142211914
corridor,greedy,0.2,constructed,greedy-mem_0-nu_02--eval_0,222,0.124990311,96.70233547882114,2.8698520291652345,0.10033065626485371,1,0.04174232482910156
corridor,greedy,0.2,constructed,greedy-mem_0-nu_02--eval_0,223,0.124990311,96.70369881252115,2.8694605644652347,0.09989365136485366,1,0.05334758758544922
dpm,greedy,0.2,constructed,greedy-mem_0-nu_02--eval_0,79,0.08460294152755451,5.62815445529043,44.62222588160837,4.798008774515369,4,31.43117904663086
corridor,greedy,0.2,constructed,greedy-mem_0-nu_02--eval_0,224,0.124990311,96.70383848125316,2.8694203370032367,0.0998357755368536,1,0.042447805404663086
drone,greedy,0.2,constructed,greedy-mem_0-nu_02--eval_0,84,0.18991475500979735,32.43762692011825,31.494132602109936,12.332015226987831,6,20.493534564971924
corridor,greedy,0.2,constructed,greedy-mem_0-nu_02--eval_0,225,0.124990311,96.70453204825316,2.8692244700032363,0.09961848853685369,1,0.04357576370239258
corridor,greedy,0.2,constructed,greedy-mem_0-nu_02--eval_0,226,0.124990311,96.70455698290228,2.869217750060429,0.09961145516750362,1,0.041970014572143555
corridor,greedy,0.2,constructed,greedy-mem_0-nu_02--eval_0,227,0.124990311,96.70506918550227,2.869074916460425,0.09945568136750357,1,0.04184842109680176
corridor,greedy,0.2,constructed,greedy-mem_0-nu_02--eval_0,228,0.124990311,96.70613515496628,2.8687739274364237,0.09913995779150359,1,0.04314112663269043
drone,greedy,0.2,constructed,greedy-mem_0-nu_02--eval_0,85,0.19001757987024112,32.492015026079635,31.48266613215063,12.315082475077928,6,19.09792995452881
corridor,greedy,0.2,constructed,greedy-mem_0-nu_02--eval_0,229,0.124990311,96.70710079306626,2.8685031093364257,0.09885718369150358,1,0.04274415969848633
dpm,greedy,0.2,constructed,greedy-mem_0-nu_02--eval_0,80,0.08472264719367723,5.63434827980678,44.622343760597424,4.791395865624683,4,30.48634648323059
corridor,greedy,0.2,constructed,greedy-mem_0-nu_02--eval_0,230,0.124990322,96.70763908696627,2.8683547654364268,0.09870212979150356,1,0.04175686836242676
corridor,greedy,0.2,constructed,greedy-mem_0-nu_02--eval_0,231,0.124990322,96.70774571270226,2.8683260499104266,0.09867148104750358,1,0.043433427810668945
drone,greedy,0.2,constructed,greedy-mem_0-nu_02--eval_0,86,0.19011949438166395,32.61258027004378,31.456634697481963,12.280315692370527,6,19.838626384735107
corridor,greedy,0.2,constructed,greedy-mem_0-nu_02--eval_0,232,0.124990322,96.7091735531876,2.8679293962537957,0.09825708341441355,1,0.04287576675415039
corridor,greedy,0.2,constructed,greedy-mem_0-nu_02--eval_0,233,0.124990422,96.7106149165166,2.8675260444247987,0.09780429488541365,1,0.04381251335144043
corridor,greedy,0.2,constructed,greedy-mem_0-nu_02--eval_0,234,0.124990422,96.7115401089316,2.8672674610997966,0.0975291198384136,1,0.044188499450683594
dpm,greedy,0.2,constructed,greedy-mem_0-nu_02--eval_0,81,0.08487411573038806,5.642397590308903,44.62251505926905,4.7829843419898666,4,31.391605138778687
corridor,greedy,0.2,constructed,greedy-mem_0-nu_02--eval_0,235,0.124990422,96.7123775836116,2.867034976119799,0.09728622459841357,1,0.04416632652282715
drone,greedy,0.2,constructed,greedy-mem_0-nu_02--eval_0,87,0.19022527073136086,32.690822698404176,31.43996749195001,12.257019356241125,6,19.118006944656372
corridor,greedy,0.2,constructed,greedy-mem_0-nu_02--eval_0,236,0.124990422,96.7134688521466,2.866727623794799,0.09695252725541356,1,0.04806256294250488
corridor,greedy,0.2,constructed,greedy-mem_0-nu_02--eval_0,237,0.124990422,96.7138069472466,2.8666327156947995,0.09685343455541356,1,0.04430437088012695
corridor,greedy,0.2,constructed,greedy-mem_0-nu_02--eval_0,238,0.124990422,96.7147474109617,2.8663698102627024,0.09657593688191358,1,0.04353523254394531
corridor,greedy,0.2,constructed,greedy-mem_0-nu_02--eval_0,239,0.124990522,96.71484669096169,2.8663414302626995,0.09654633688191354,1,0.043956756591796875
dpm,greedy,0.2,constructed,greedy-mem_0-nu_02--eval_0,82,0.08499560380805263,5.648953252553592,44.62263788933667,4.776264797981137,4,31.567646265029907
drone,greedy,0.2,constructed,greedy-mem_0-nu_02--eval_0,88,0.19029957906418452,32.73429232062927,31.430813803613287,12.243831988288765,6,19.090478658676147
corridor,greedy,0.2,constructed,greedy-mem_0-nu_02--eval_0,240,0.124990522,96.71620289128884,2.865963203094432,0.0961511541290816,1,0.044388532638549805
corridor,greedy,0.2,constructed,greedy-mem_0-nu_02--eval_0,241,0.124990522,96.71728111458884,2.865659207794429,0.09583383642908157,1,0.04449319839477539
corridor,greedy,0.2,constructed,greedy-mem_0-nu_02--eval_0,242,0.124990522,96.71734600206887,2.8656418106144295,0.09581378550908157,1,0.045412302017211914
corridor,greedy,0.2,constructed,greedy-mem_0-nu_02--eval_0,243,0.124990522,96.71811272025886,2.8654205261244288,0.09558311555908158,1,0.04584503173828125
drone,greedy,0.2,constructed,greedy-mem_0-nu_02--eval_0,89,0.1904212310763615,32.79303377319423,31.418159056177824,12.224292884839532,6,19.347540378570557
corridor,greedy,0.2,constructed,greedy-mem_0-nu_02--eval_0,244,0.124990522,96.71871122940621,2.865253615115297,0.09540720605095551,1,0.045632362365722656
dpm,greedy,0.2,constructed,greedy-mem_0-nu_02--eval_0,83,0.08512362878891849,5.6555458300294195,44.622759640698014,4.769199398618048,4,32.34795689582825
corridor,greedy,0.2,constructed,greedy-mem_0-nu_02--eval_0,245,0.124990522,96.71904932450622,2.8651587070152984,0.09530811335095551,1,0.044443368911743164
corridor,greedy,0.2,constructed,greedy-mem_0-nu_02--eval_0,246,0.12499053200000002,96.71961786040622,2.8649992641152964,0.09514163105095545,1,0.04551553726196289
corridor,greedy,0.2,constructed,greedy-mem_0-nu_02--eval_0,247,0.12499053200000002,96.7197292055562,2.864968815865298,0.09510979078095552,1,0.04377102851867676
drone,greedy,0.2,constructed,greedy-mem_0-nu_02--eval_0,90,0.19050464529515554,32.8404522848274,31.408107455160984,12.209227731168493,6,19.903773069381714
corridor,greedy,0.2,constructed,greedy-mem_0-nu_02--eval_0,248,0.124990632,96.72216451573823,2.864285593373298,0.0943963536869555,1,0.04441666603088379
corridor,greedy,0.2,constructed,greedy-mem_0-nu_02--eval_0,249,0.124990632,96.72216451573823,2.864285593373298,0.0943963536869555,1,0.0443422794342041
corridor,greedy,0.2,constructed,greedy-mem_0-nu_02--eval_0,250,0.124990632,96.72337634867422,2.8639473426472977,0.09403307214295548,1,0.04473280906677246
drone-b,greedy,0.2,constructed,greedy-mem_0-nu_02--eval_0,5,0.19999989803989865,32.20362849541148,41.217159644538256,10.942306358351356,3,192.2292549610138
dpm,greedy,0.2,constructed,greedy-mem_0-nu_02--eval_0,84,0.08523514992917934,5.661171402834833,44.62286745844043,4.763043518849387,4,32.8900089263916
corridor,greedy,0.2,constructed,greedy-mem_0-nu_02--eval_0,251,0.124990632,96.72381869358422,2.8638221334373006,0.09390240587295544,1,0.049166202545166016
drone,greedy,0.2,constructed,greedy-mem_0-nu_02--eval_0,91,0.19057911367222818,32.88065929403332,31.399704042093372,12.196897585314172,6,20.047681093215942
corridor,greedy,0.2,constructed,greedy-mem_0-nu_02--eval_0,252,0.124990632,96.72532241717313,2.863396806039976,0.0934476214043554,1,0.04401588439941406
corridor,greedy,0.2,constructed,greedy-mem_0-nu_02--eval_0,253,0.124990632,96.72603325264645,2.8631937806944494,0.09323389618838332,1,0.045728206634521484
corridor,greedy,0.2,constructed,greedy-mem_0-nu_02--eval_0,254,0.124990632,96.72603325264645,2.86319378069445,0.09323389618838333,1,0.04444527626037598
corridor,greedy,0.2,constructed,greedy-mem_0-nu_02--eval_0,255,0.124990632,96.72666642224644,2.8630171650944494,0.09304009138838334,1,0.04818558692932129
drone,greedy,0.2,constructed,greedy-mem_0-nu_02--eval_0,92,0.190664278074639,32.927152990256786,31.389903015489043,12.18236665700896,6,20.095726251602173
dpm,greedy,0.2,constructed,greedy-mem_0-nu_02--eval_0,85,0.08536543862384088,5.668371363131199,44.623013125783515,4.755812054594383,4,33.913567781448364
corridor,safe,0.2,constructed,safe-mem_0-nu_02--eval_0,0,0.12440000000000001,79.70106599999998,8.113883000000023,0.4049810000000002,2,0.010250091552734375
corridor,safe,0.2,constructed,safe-mem_0-nu_02--eval_0,1,0.12440000000000001,79.812366,8.079373000000054,0.3211549999999999,2,0.011367321014404297
corridor,safe,0.2,constructed,safe-mem_0-nu_02--eval_0,2,0.12450000000000001,79.912366,8.04927300000002,0.2864949999999999,2,0.011060237884521484
corridor,safe,0.2,constructed,safe-mem_0-nu_02--eval_0,3,0.12461000000000001,80.022296,8.016232999999987,0.24844699999999992,2,0.01139378547668457
drone,greedy,0.2,constructed,greedy-mem_0-nu_02--eval_0,93,0.19075294308866858,32.99489836810889,31.375495262161188,12.161904911624637,6,20.52113366127014
corridor,safe,0.2,constructed,safe-mem_0-nu_02--eval_0,4,0.12472000000000001,80.233686,7.951623000000056,0.16978500000000005,2,0.013031959533691406
corridor,safe,0.2,constructed,safe-mem_0-nu_02--eval_0,5,0.12472000000000001,80.24467899999999,7.948319000000013,0.16598020000000013,2,0.02136087417602539
dpm,greedy,0.2,constructed,greedy-mem_0-nu_02--eval_0,86,0.08549215038927312,5.675400709985052,44.623145191422765,4.748798686940962,4,34.26757621765137
corridor,safe,0.2,constructed,safe-mem_0-nu_02--eval_0,6,0.12482000000000001,80.345665,7.917932,0.13098920000000017,2,0.01724386215209961
corridor,safe,0.2,constructed,safe-mem_0-nu_02--eval_0,7,0.12482000000000001,80.35566499999999,7.9149220000000335,0.1275232,2,0.015340328216552734
drone,greedy,0.2,constructed,greedy-mem_0-nu_02--eval_0,94,0.19085335472461312,33.04538853914278,31.364833469155727,12.146191065450799,6,21.045950889587402
corridor,safe,0.2,constructed,safe-mem_0-nu_02--eval_0,8,0.12483000000000002,80.36566499999999,7.911912000000008,0.12405720000000017,2,0.017593860626220703
corridor,safe,0.2,constructed,safe-mem_0-nu_02--eval_0,9,0.12483000000000002,80.36566499999999,7.911912000000009,0.12405720000000017,2,0.018620014190673828
corridor,safe,0.2,constructed,safe-mem_0-nu_02--eval_0,10,0.12484000000000002,80.37573499999999,7.90883200000004,0.12051320000000026,2,0.015899658203125
corridor,safe,0.2,constructed,safe-mem_0-nu_02--eval_0,11,0.12485100000000002,80.38664399999999,7.905612000000037,0.116802,2,0.01627206802368164
dpm,greedy,0.2,constructed,greedy-mem_0-nu_02--eval_0,87,0.08559732983759752,5.680701238909802,44.6232413756741,4.743004669340261,4,36.96582531929016
drone,greedy,0.2,constructed,greedy-mem_0-nu_02--eval_0,95,0.19096088970631336,33.10225576691299,31.352753927747226,12.128505570140469,6,21.831557512283325
corridor,safe,0.2,constructed,safe-mem_0-nu_02--eval_0,12,0.12485100000000002,80.38664399999999,7.90561200000001,0.116802,2,0.017157316207885742
corridor,safe,0.2,constructed,safe-mem_0-nu_02--eval_0,13,0.12485100000000002,80.38664399999999,7.90561200000001,0.116802,2,0.018482208251953125
corridor,safe,0.2,constructed,safe-mem_0-nu_02--eval_0,14,0.12485100000000002,80.396574,7.902672000000008,0.1134139999999999,2,0.01649165153503418
corridor,safe,0.2,constructed,safe-mem_0-nu_02--eval_0,15,0.12485100000000002,80.396574,7.902672000000008,0.1134139999999999,2,0.0161135196685791
drone,greedy,0.2,constructed,greedy-mem_0-nu_02--eval_0,96,0.1910789620949921,33.16487795623645,31.339269224047676,12.108341032797092,6,21.077917337417603
corridor,safe,0.2,constructed,safe-mem_0-nu_02--eval_0,16,0.12487100000000001,80.426504,7.8937120000000105,0.1030939999999999,2,0.019132614135742188
dpm,greedy,0.2,constructed,greedy-mem_0-nu_02--eval_0,88,0.0857294753585001,5.687439062324871,44.623373083936535,4.7357004037919745,4,35.232324838638306
corridor,safe,0.2,constructed,safe-mem_0-nu_02--eval_0,17,0.12487100000000001,80.426504,7.8937120000000105,0.1030939999999999,2,0.017441272735595703
corridor,safe,0.2,constructed,safe-mem_0-nu_02--eval_0,18,0.12487100000000001,80.426504,7.893712000000011,0.1030939999999999,2,0.018526792526245117
corridor,safe,0.2,constructed,safe-mem_0-nu_02--eval_0,19,0.12487100000000001,80.426504,7.893712000000011,0.1030939999999999,2,0.01735854148864746
drone,greedy,0.2,constructed,greedy-mem_0-nu_02--eval_0,97,0.1911651682512973,33.20716803446209,31.33039647826382,12.095049593740002,6,21.634398221969604
corridor,safe,0.2,constructed,safe-mem_0-nu_02--eval_0,20,0.12487100000000001,80.4374959,7.890408000000036,0.09882620000000013,2,0.020679235458374023
corridor,safe,0.2,constructed,safe-mem_0-nu_02--eval_0,21,0.124881,80.44742590000001,7.887468000000035,0.09543820000000007,2,0.019306659698486328
corridor,safe,0.2,constructed,safe-mem_0-nu_02--eval_0,22,0.124891,80.4573559,7.8845280000000075,0.09205020000000003,2,0.019148588180541992
dpm,greedy,0.2,constructed,greedy-mem_0-nu_02--eval_0,89,0.08587927302526299,5.695245681177575,44.62352664996453,4.727407244924493,4,35.484030961990356
corridor,safe,0.2,constructed,safe-mem_0-nu_02--eval_0,23,0.124891,80.45734589999999,7.884528000000009,0.0876362000000001,2,0.020874500274658203
drone,greedy,0.2,constructed,greedy-mem_0-nu_02--eval_0,98,0.19129490782043476,33.271441966122076,31.316347291548848,12.074247528156384,6,21.795921802520752
corridor,safe,0.2,constructed,safe-mem_0-nu_02--eval_0,24,0.12490100000000001,80.4681189,7.881434000000068,0.07984740000000004,2,0.02181100845336914
corridor,safe,0.2,constructed,safe-mem_0-nu_02--eval_0,25,0.12490100000000001,80.4681189,7.881434000000039,0.07984740000000004,2,0.022475004196166992
corridor,safe,0.2,constructed,safe-mem_0-nu_02--eval_0,26,0.12490100000000001,80.4681189,7.881434000000039,0.07984740000000004,2,0.02165818214416504
corridor,safe,0.2,constructed,safe-mem_0-nu_02--eval_0,27,0.12491100000000001,80.4779789,7.878564000000039,0.07653740000000006,2,0.023354768753051758
drone,greedy,0.2,constructed,greedy-mem_0-nu_02--eval_0,99,0.19140228255886438,33.35570092629674,31.29877670192839,12.049101382645096,6,21.630473375320435
corridor,safe,0.2,constructed,safe-mem_0-nu_02--eval_0,28,0.12491100000000001,80.4779789,7.878564000000039,0.07653740000000006,2,0.022680997848510742
corridor,safe,0.2,constructed,safe-mem_0-nu_02--eval_0,29,0.12491100000000001,80.4779789,7.878564000000039,0.07653740000000006,2,0.02281641960144043
dpm,greedy,0.2,constructed,greedy-mem_0-nu_02--eval_0,90,0.08600393804888548,5.701794299465604,44.62365592908727,4.7204934857632805,4,36.89272665977478
corridor,safe,0.2,constructed,safe-mem_0-nu_02--eval_0,30,0.12491100000000001,80.4780768,7.8785360000000315,0.07650508000000002,2,0.023036956787109375
corridor,safe,0.2,constructed,safe-mem_0-nu_02--eval_0,31,0.12491200000000001,80.48997179999999,7.875029000000031,0.07246288000000001,2,0.023281335830688477
corridor,safe,0.2,constructed,safe-mem_0-nu_02--eval_0,32,0.12491200000000001,80.5010418,7.87164800000003,0.0685722799999999,2,0.02375936508178711
drone,greedy,0.2,constructed,greedy-mem_0-nu_02--eval_0,100,0.19150687371010924,33.409525714473965,31.287175025048935,12.031317123299697,6,22.386173009872437
corridor,safe,0.2,constructed,safe-mem_0-nu_02--eval_0,33,0.12491200000000001,80.5010418,7.87164800000003,0.0685722799999999,2,0.023926258087158203
corridor,safe,0.2,constructed,safe-mem_0-nu_02--eval_0,34,0.12491200000000001,80.5010418,7.87164800000003,0.0685722799999999,2,0.023951053619384766
corridor,safe,0.2,constructed,safe-mem_0-nu_02--eval_0,35,0.12491200000000001,80.5010418,7.87164800000003,0.0685722799999999,2,0.025207042694091797
dpm,greedy,0.2,constructed,greedy-mem_0-nu_02--eval_0,91,0.08612100556619465,5.708050885341661,44.62377157821796,4.7140267984175015,4,36.95791935920715
drone-b,greedy,0.2,constructed,greedy-mem_0-nu_02--eval_0,6,0.19999989803989865,32.525828482493104,41.18741810444554,10.830845116616558,3,188.32402300834656
corridor,safe,0.2,constructed,safe-mem_0-nu_02--eval_0,36,0.12491200000000001,80.5122034,7.868245300000023,0.06465638000000011,2,0.026530981063842773
drone,greedy,0.2,constructed,greedy-mem_0-nu_02--eval_0,101,0.19163801894935184,33.47077572894645,31.27430797203457,12.011905436965177,6,22.51278328895569
corridor,safe,0.2,constructed,safe-mem_0-nu_02--eval_0,37,0.12491200000000001,80.5131894,7.86795830000002,0.06432537999999997,2,0.026621103286743164
corridor,safe,0.2,constructed,safe-mem_0-nu_02--eval_0,38,0.124922,80.52304939999999,7.8650883000000515,0.061015380000000036,2,0.025198936462402344
corridor,safe,0.2,constructed,safe-mem_0-nu_02--eval_0,39,0.124922,80.52304939999999,7.8650883000000515,0.061015380000000036,2,0.024808645248413086
corridor,safe,0.2,constructed,safe-mem_0-nu_02--eval_0,40,0.124922,80.52304939999999,7.8650883000000515,0.061015380000000036,2,0.025656938552856445
drone,greedy,0.2,constructed,greedy-mem_0-nu_02--eval_0,102,0.19173764005129337,33.520848663890085,31.263487901344853,11.995269194710206,6,22.500597715377808
corridor,safe,0.2,constructed,safe-mem_0-nu_02--eval_0,41,0.124922,80.52304939999999,7.8650883000000515,0.061015380000000036,2,0.026974201202392578
dpm,greedy,0.2,constructed,greedy-mem_0-nu_02--eval_0,92,0.08625689741962331,5.7150292112958,44.62391074984304,4.706509361055419,4,37.71779942512512
corridor,safe,0.2,constructed,safe-mem_0-nu_02--eval_0,42,0.124922,80.52304939999999,7.8650883000000515,0.061015380000000036,2,0.02712416648864746
corridor,safe,0.2,constructed,safe-mem_0-nu_02--eval_0,43,0.124922,80.52304939999999,7.8650883000000515,0.061015380000000036,2,0.02601909637451172
corridor,safe,0.2,constructed,safe-mem_0-nu_02--eval_0,44,0.12493200000000002,80.5329694,7.862148300000021,0.05321337999999999,2,0.026239871978759766
corridor,safe,0.2,constructed,safe-mem_0-nu_02--eval_0,45,0.12493200000000002,80.5329694,7.86214830000005,0.05321337999999999,2,0.02644801139831543
drone,greedy,0.2,constructed,greedy-mem_0-nu_02--eval_0,103,0.19179187048303586,33.56148562518709,31.254835962090656,11.982773183385342,6,22.348548412322998
corridor,safe,0.2,constructed,safe-mem_0-nu_02--eval_0,46,0.12493200000000002,80.5339624,7.86185430000002,0.052874580000000095,2,0.0270538330078125
corridor,safe,0.2,constructed,safe-mem_0-nu_02--eval_0,47,0.12493200000000002,80.5339624,7.86185430000002,0.052874580000000095,2,0.04155611991882324
dpm,greedy,0.2,constructed,greedy-mem_0-nu_02--eval_0,93,0.08637620680509836,5.721861940221762,44.62403764147554,4.699897039338602,4,38.363072872161865
corridor,safe,0.2,constructed,safe-mem_0-nu_02--eval_0,48,0.12493200000000002,80.5339624,7.86185430000002,0.052874580000000095,2,0.030740737915039062
corridor,safe,0.2,constructed,safe-mem_0-nu_02--eval_0,49,0.12493300000000002,80.5349414,7.861574300000045,0.052551379999999946,2,0.026852846145629883
drone,greedy,0.2,constructed,greedy-mem_0-nu_02--eval_0,104,0.1918972864216914,33.64194143799344,31.237561673919462,11.958408288307885,6,23.68321418762207
corridor,safe,0.2,constructed,safe-mem_0-nu_02--eval_0,50,0.12493300000000002,80.53494129999999,7.861574300000045,0.05251115999999997,2,0.029874086380004883
corridor,safe,0.2,constructed,safe-mem_0-nu_02--eval_0,51,0.12493300000000002,80.53494129999999,7.861574300000045,0.05251115999999997,2,0.030904531478881836
corridor,safe,0.2,constructed,safe-mem_0-nu_02--eval_0,52,0.12493300000000002,80.53593430000001,7.861280300000042,0.05217236000000007,2,0.028372764587402344
corridor,safe,0.2,constructed,safe-mem_0-nu_02--eval_0,53,0.12493300000000002,80.5359333,7.8612803000000415,0.051750560000000105,2,0.02785038948059082
corridor,safe,0.2,constructed,safe-mem_0-nu_02--eval_0,54,0.12493300000000002,80.5359333,7.8612803000000415,0.051750560000000105,2,0.030795574188232422
dpm,greedy,0.2,constructed,greedy-mem_0-nu_02--eval_0,94,0.08650060822140318,5.728450750212351,44.624161690962104,4.693024887004279,4,40.71631145477295
drone,greedy,0.2,constructed,greedy-mem_0-nu_02--eval_0,105,0.19199144798469503,33.69828155119929,31.225606124079047,11.941150255872031,6,23.5215802192688
corridor,safe,0.2,constructed,safe-mem_0-nu_02--eval_0,55,0.12493300000000002,80.5359333,7.8612803000000415,0.051750560000000105,2,0.028140544891357422
corridor,safe,0.2,constructed,safe-mem_0-nu_02--eval_0,56,0.12493300000000002,80.5359333,7.8612803000000415,0.051750560000000105,2,0.02760601043701172
corridor,safe,0.2,constructed,safe-mem_0-nu_02--eval_0,57,0.12493300000000002,80.5369193,7.860993300000039,0.05141956000000008,2,0.028056621551513672
corridor,safe,0.2,constructed,safe-mem_0-nu_02--eval_0,58,0.12493300000000002,80.53790529999999,7.860706300000064,0.05108856000000001,2,0.028241872787475586
drone,greedy,0.2,constructed,greedy-mem_0-nu_02--eval_0,106,0.19206604674724237,33.74280679098841,31.216453288824535,11.92770172789432,6,23.251208305358887
corridor,safe,0.2,constructed,safe-mem_0-nu_02--eval_0,59,0.12493300000000002,80.53790529999999,7.860706300000064,0.05108856000000001,2,0.02811121940612793
corridor,safe,0.2,constructed,safe-mem_0-nu_02--eval_0,60,0.12494300000000001,80.5477653,7.857836300000067,0.04777856000000003,2,0.02823781967163086
dpm,greedy,0.2,constructed,greedy-mem_0-nu_02--eval_0,95,0.08663324270929802,5.735534894931012,44.62430392387618,4.68567276541557,4,38.903443574905396
corridor,safe,0.2,constructed,safe-mem_0-nu_02--eval_0,61,0.12494300000000001,80.5578353,7.854756300000041,0.04423456000000011,2,0.0289609432220459
corridor,safe,0.2,constructed,safe-mem_0-nu_02--eval_0,62,0.12494300000000001,80.5578353,7.854756300000041,0.04423456000000011,2,0.03000330924987793
corridor,safe,0.2,constructed,safe-mem_0-nu_02--eval_0,63,0.12494300000000001,80.5578353,7.854756300000041,0.04423456000000011,2,0.029366731643676758
drone,greedy,0.2,constructed,greedy-mem_0-nu_02--eval_0,107,0.1921514456066107,33.79160340553857,31.206103904809236,11.91238495551606,6,23.89193296432495
corridor,safe,0.2,constructed,safe-mem_0-nu_02--eval_0,64,0.12494300000000001,80.5578353,7.854756300000041,0.04423456000000011,2,0.03014850616455078
corridor,safe,0.2,constructed,safe-mem_0-nu_02--eval_0,65,0.12494300000000001,80.5578353,7.854756300000041,0.04423456000000011,2,0.03192567825317383
corridor,safe,0.2,constructed,safe-mem_0-nu_02--eval_0,66,0.12494300000000001,80.5578353,7.854756300000041,0.04423456000000011,2,0.03168225288391113
corridor,safe,0.2,constructed,safe-mem_0-nu_02--eval_0,67,0.12494300000000001,80.5578353,7.854756300000041,0.04423456000000011,2,0.030056238174438477
dpm,greedy,0.2,constructed,greedy-mem_0-nu_02--eval_0,96,0.08673010540592377,5.740680588999263,44.62440420068384,4.6803128565380225,4,40.29558491706848
drone,greedy,0.2,constructed,greedy-mem_0-nu_02--eval_0,108,0.19223681402155404,33.844790191253104,31.194741202118497,11.895775002882196,6,23.84072756767273
corridor,safe,0.2,constructed,safe-mem_0-nu_02--eval_0,68,0.12494300000000001,80.5578353,7.854756300000041,0.04423456000000011,2,0.03176307678222656
corridor,safe,0.2,constructed,safe-mem_0-nu_02--eval_0,69,0.12494300000000001,80.5578353,7.854756300000041,0.04423456000000011,2,0.02870011329650879
corridor,safe,0.2,constructed,safe-mem_0-nu_02--eval_0,70,0.12494300000000001,80.5578353,7.854756300000041,0.04423456000000011,2,0.02871084213256836
corridor,safe,0.2,constructed,safe-mem_0-nu_02--eval_0,71,0.12494300000000001,80.5578353,7.854756300000041,0.04423456000000011,2,0.02911972999572754
corridor,safe,0.2,constructed,safe-mem_0-nu_02--eval_0,72,0.12494300000000001,80.5578353,7.854756300000041,0.04423456000000011,2,0.028867483139038086
drone,greedy,0.2,constructed,greedy-mem_0-nu_02--eval_0,109,0.1923054889359064,33.88492530791348,31.18599758691077,11.88265147599282,6,23.957691431045532
corridor,safe,0.2,constructed,safe-mem_0-nu_02--eval_0,73,0.12495300000000001,80.5679346,7.851716900000031,0.04073468000000004,2,0.028916120529174805
dpm,greedy,0.2,constructed,greedy-mem_0-nu_02--eval_0,97,0.08684177199792353,5.747091723693732,44.62451490568651,4.674145479463673,4,41.507479429244995
corridor,safe,0.2,constructed,safe-mem_0-nu_02--eval_0,74,0.12495300000000001,80.5679346,7.851716900000031,0.04073468000000004,2,0.02886176109313965
corridor,safe,0.2,constructed,safe-mem_0-nu_02--eval_0,75,0.12495300000000001,80.5679346,7.851716900000031,0.04073468000000004,2,0.028932571411132812
corridor,safe,0.2,constructed,safe-mem_0-nu_02--eval_0,76,0.12495300000000001,80.5679346,7.851716900000031,0.04073468000000004,2,0.029005765914916992
drone,greedy,0.2,constructed,greedy-mem_0-nu_02--eval_0,110,0.19237003124390104,33.926055607565004,31.177325204964124,11.869957746507067,6,24.44271731376648
drone-b,greedy,0.2,constructed,greedy-mem_0-nu_02--eval_0,7,0.19999989803989865,32.73221345742148,41.16856050404604,10.761990947088472,3,186.71403670310974
corridor,safe,0.2,constructed,safe-mem_0-nu_02--eval_0,77,0.12496300000000002,80.57779459999999,7.848846900000059,0.03742468000000006,2,0.029062271118164062
corridor,safe,0.2,constructed,safe-mem_0-nu_02--eval_0,78,0.12496400000000002,80.57987219999998,7.848237200000019,0.03672177999999998,2,0.029393911361694336
corridor,safe,0.2,constructed,safe-mem_0-nu_02--eval_0,79,0.12496400000000002,80.5808722,7.847936200000046,0.03637518000000008,2,0.030427932739257812
corridor,safe,0.2,constructed,safe-mem_0-nu_02--eval_0,80,0.12496400000000002,80.5808722,7.847936200000046,0.03637518000000008,2,0.03205561637878418
dpm,greedy,0.2,constructed,greedy-mem_0-nu_02--eval_0,98,0.08694678806804795,5.752666237079307,44.624620559110355,4.668339586724799,4,41.32997274398804
corridor,safe,0.2,constructed,safe-mem_0-nu_02--eval_0,81,0.12496400000000002,80.5808722,7.847936200000046,0.03637518000000008,2,0.031311750411987305
drone,greedy,0.2,constructed,greedy-mem_0-nu_02--eval_0,111,0.19242225842374658,33.99227564266716,31.16350634001171,11.850918775745896,6,24.714566230773926
corridor,safe,0.2,constructed,safe-mem_0-nu_02--eval_0,82,0.12496400000000002,80.5808722,7.847936200000046,0.03637518000000008,2,0.03151583671569824
corridor,safe,0.2,constructed,safe-mem_0-nu_02--eval_0,83,0.12496400000000002,80.5808722,7.847936200000046,0.03637518000000008,2,0.02997589111328125
corridor,safe,0.2,constructed,safe-mem_0-nu_02--eval_0,84,0.12496500000000002,80.5818512,7.847656200000042,0.03605198000000004,2,0.029875516891479492
corridor,safe,0.2,constructed,safe-mem_0-nu_02--eval_0,85,0.1249661,80.58391269999998,7.847062600000064,0.03536702000000002,2,0.0302431583404541
drone,greedy,0.2,constructed,greedy-mem_0-nu_02--eval_0,112,0.19248073554462536,34.038764176642005,31.153586709074737,11.837122692405593,6,24.729860305786133
corridor,safe,0.2,constructed,safe-mem_0-nu_02--eval_0,86,0.1249661,80.58391269999998,7.847062600000064,0.03536702000000002,2,0.03120732307434082
corridor,safe,0.2,constructed,safe-mem_0-nu_02--eval_0,87,0.1249661,80.58402108999998,7.847031100000044,0.035330688000000034,2,0.031575679779052734
dpm,greedy,0.2,constructed,greedy-mem_0-nu_02--eval_0,99,0.08706929303293479,5.759232427678375,44.62473588784915,4.6615813742444345,4,41.88662004470825
corridor,safe,0.2,constructed,safe-mem_0-nu_02--eval_0,88,0.1249661,80.58402108999998,7.847031100000046,0.035330688000000034,2,0.032614946365356445
corridor,safe,0.2,constructed,safe-mem_0-nu_02--eval_0,89,0.1249661,80.58402108999998,7.847031100000047,0.035330688000000034,2,0.032137155532836914
corridor,safe,0.2,constructed,safe-mem_0-nu_02--eval_0,90,0.1249661,80.58402108999998,7.847031100000047,0.035330688000000034,2,0.03221893310546875
drone,greedy,0.2,constructed,greedy-mem_0-nu_02--eval_0,113,0.19258001711867162,34.0755291219137,31.14559904420579,11.82459844166821,6,25.06088900566101
corridor,safe,0.2,constructed,safe-mem_0-nu_02--eval_0,91,0.1249662,80.58411728999998,7.847003800000066,0.03486754800000006,2,0.033392906188964844
corridor,safe,0.2,constructed,safe-mem_0-nu_02--eval_0,92,0.1249662,80.58411728999998,7.847003800000066,0.03486754800000006,2,0.03336453437805176
corridor,safe,0.2,constructed,safe-mem_0-nu_02--eval_0,93,0.1249662,80.58411728999998,7.847003800000066,0.03486754800000006,2,0.03258180618286133
dpm,greedy,0.2,constructed,greedy-mem_0-nu_02--eval_0,100,0.08718677021690124,5.765586190191959,44.62485376776938,4.655086370172705,4,43.93345522880554
corridor,safe,0.2,constructed,safe-mem_0-nu_02--eval_0,94,0.1249662,80.58411728999998,7.847003800000066,0.03486754800000006,2,0.0319674015045166
corridor,safe,0.2,constructed,safe-mem_0-nu_02--eval_0,95,0.1249662,80.58411728999998,7.847003800000066,0.03486754800000006,2,0.03310823440551758
drone,greedy,0.2,constructed,greedy-mem_0-nu_02--eval_0,114,0.1926651156403609,34.149466055140536,31.130014172076972,11.803073293645035,6,25.83480477333069
corridor,safe,0.2,constructed,safe-mem_0-nu_02--eval_0,96,0.1249662,80.59418729,7.843923800000009,0.031323548000000076,2,0.03431391716003418
corridor,safe,0.2,constructed,safe-mem_0-nu_02--eval_0,97,0.1249662,80.59418729,7.843923800000009,0.031323548000000076,2,0.0334019660949707
corridor,safe,0.2,constructed,safe-mem_0-nu_02--eval_0,98,0.1249662,80.59418729,7.843923800000009,0.031323548000000076,2,0.0320124626159668
corridor,safe,0.2,constructed,safe-mem_0-nu_02--eval_0,99,0.1249662,80.59418729,7.843923800000009,0.031323548000000076,2,0.03271055221557617
drone,greedy,0.2,constructed,greedy-mem_0-nu_02--eval_0,115,0.19275354410946816,34.21268772432252,31.11674542328973,11.784450203283509,6,25.379404544830322
corridor,safe,0.2,constructed,safe-mem_0-nu_02--eval_0,100,0.1249662,80.59418729,7.843923800000009,0.031323548000000076,2,0.03258061408996582
dpm,greedy,0.2,constructed,greedy-mem_0-nu_02--eval_0,101,0.08727194404588615,5.7704842547058375,44.624938723404505,4.650384296568529,4,43.85840368270874
corridor,safe,0.2,constructed,safe-mem_0-nu_02--eval_0,101,0.1249662,80.59418729,7.843923800000009,0.031323548000000076,2,0.03186392784118652
corridor,safe,0.2,constructed,safe-mem_0-nu_02--eval_0,102,0.1249662,80.59527118999998,7.843608800000057,0.030960227999999992,2,0.0323796272277832
corridor,safe,0.2,constructed,safe-mem_0-nu_02--eval_0,103,0.1249662,80.59527118999998,7.843608800000057,0.030960227999999992,2,0.032433271408081055
corridor,safe,0.2,constructed,safe-mem_0-nu_02--eval_0,104,0.1249662,80.59527118999998,7.843608800000057,0.030960227999999992,2,0.03276252746582031
drone,greedy,0.2,constructed,greedy-mem_0-nu_02--eval_0,116,0.19284169828065484,34.26017981787724,31.106806152957162,11.770124011400052,6,26.101428031921387
corridor,safe,0.2,constructed,safe-mem_0-nu_02--eval_0,105,0.1249662,80.59527118999998,7.843608800000057,0.030960227999999992,2,0.03399777412414551
corridor,safe,0.2,constructed,safe-mem_0-nu_02--eval_0,106,0.1249662,80.59527118999998,7.843608800000057,0.030960227999999992,2,0.034111738204956055
corridor,safe,0.2,constructed,safe-mem_0-nu_02--eval_0,107,0.1249662,80.59527118999998,7.843608800000057,0.030960227999999992,2,0.033172607421875
dpm,greedy,0.2,constructed,greedy-mem_0-nu_02--eval_0,102,0.0873670562516334,5.775494777910012,44.62502311978995,4.645153511859935,4,43.910696506500244
corridor,safe,0.2,constructed,safe-mem_0-nu_02--eval_0,108,0.1249662,80.59625718999999,7.843321800000027,0.030629228000000015,2,0.03451180458068848
corridor,safe,0.2,constructed,safe-mem_0-nu_02--eval_0,109,0.1249662,80.59625718999999,7.843321800000027,0.030629228000000015,2,0.03722500801086426
drone,greedy,0.2,constructed,greedy-mem_0-nu_02--eval_0,117,0.1929157197776113,34.31224403902736,31.095815623624556,11.754447139391864,6,26.318707704544067
corridor,safe,0.2,constructed,safe-mem_0-nu_02--eval_0,110,0.1249662,80.59625718999999,7.843321800000027,0.030629228000000015,2,0.0360255241394043
corridor,safe,0.2,constructed,safe-mem_0-nu_02--eval_0,111,0.1249662,80.59725718999998,7.843020800000024,0.03028262800000003,2,0.03449892997741699
corridor,safe,0.2,constructed,safe-mem_0-nu_02--eval_0,112,0.1249662,80.59725718999998,7.843020800000054,0.03028262800000003,2,0.03527021408081055
corridor,safe,0.2,constructed,safe-mem_0-nu_02--eval_0,113,0.1249662,80.59725718999998,7.843020800000054,0.03028262800000003,2,0.037052154541015625
corridor,safe,0.2,constructed,safe-mem_0-nu_02--eval_0,114,0.1249662,80.59725718999998,7.843020800000054,0.03028262800000003,2,0.03549361228942871
drone,greedy,0.2,constructed,greedy-mem_0-nu_02--eval_0,118,0.19300791363555134,34.35843300517744,31.086033470982414,11.73970382459994,6,26.621301889419556
dpm,greedy,0.2,constructed,greedy-mem_0-nu_02--eval_0,103,0.0874654878844428,5.780522018028776,44.62511381956695,4.639729828789427,4,44.89988040924072
corridor,safe,0.2,constructed,safe-mem_0-nu_02--eval_0,115,0.1249662,80.59725718999998,7.843020800000054,0.03028262800000003,2,0.03651738166809082
corridor,safe,0.2,constructed,safe-mem_0-nu_02--eval_0,116,0.1249662,80.59823619,7.842740800000052,0.029959428000000073,2,0.03541707992553711
corridor,safe,0.2,constructed,safe-mem_0-nu_02--eval_0,117,0.1249662,80.59823619,7.842740800000052,0.029959428000000073,2,0.03529620170593262
drone-b,greedy,0.2,constructed,greedy-mem_0-nu_02--eval_0,8,0.19999997518063142,32.74267158838212,41.167777940110305,10.758629317468744,3,186.7461326122284
corridor,safe,0.2,constructed,safe-mem_0-nu_02--eval_0,118,0.1249662,80.59823619,7.842740800000052,0.029959428000000073,2,0.0347902774810791
drone,greedy,0.2,constructed,greedy-mem_0-nu_02--eval_0,119,0.19310766565560294,34.42258511051716,31.07237450658979,11.719411403326967,6,27.011417150497437
corridor,safe,0.2,constructed,safe-mem_0-nu_02--eval_0,119,0.1249662,80.59823619,7.842740800000052,0.029959428000000073,2,0.03482651710510254
corridor,safe,0.2,constructed,safe-mem_0-nu_02--eval_0,120,0.1249662,80.59823619,7.842740800000024,0.029959428000000073,2,0.03552699089050293
corridor,safe,0.2,constructed,safe-mem_0-nu_02--eval_0,121,0.1249662,80.59823619,7.842740800000024,0.029959428000000073,2,0.03645133972167969
dpm,greedy,0.2,constructed,greedy-mem_0-nu_02--eval_0,104,0.08755974827511545,5.785522542514904,44.62520479715717,4.634526600945498,4,46.079347133636475
corridor,safe,0.2,constructed,safe-mem_0-nu_02--eval_0,122,0.1249662,80.59823619,7.842740800000024,0.029959428000000073,2,0.03763604164123535
corridor,safe,0.2,constructed,safe-mem_0-nu_02--eval_0,123,0.1249662,80.59823619,7.842740800000024,0.029959428000000073,2,0.03651595115661621
drone,greedy,0.2,constructed,greedy-mem_0-nu_02--eval_0,120,0.1931626540742295,34.46096714327519,31.06405081815009,11.70709257001575,6,26.842408180236816
corridor,safe,0.2,constructed,safe-mem_0-nu_02--eval_0,124,0.1249662,80.59823619,7.842740800000024,0.029959428000000073,2,0.03700661659240723
corridor,safe,0.2,constructed,safe-mem_0-nu_02--eval_0,125,0.12496731,80.59932980999999,7.842423070000027,0.029592954000000036,2,0.03864145278930664
corridor,safe,0.2,constructed,safe-mem_0-nu_02--eval_0,126,0.12496731,80.59932980999999,7.842423070000027,0.029592954000000036,2,0.036218881607055664
corridor,safe,0.2,constructed,safe-mem_0-nu_02--eval_0,127,0.12496941,80.60140670999999,7.841814070000017,0.028890833999999976,2,0.03621530532836914
corridor,safe,0.2,constructed,safe-mem_0-nu_02--eval_0,128,0.12496941,80.60140670999999,7.841814070000017,0.028890833999999976,2,0.03573274612426758
drone,greedy,0.2,constructed,greedy-mem_0-nu_02--eval_0,121,0.19323655255623903,34.512678435965796,31.053075516243272,11.691725232076003,6,27.18135380744934
dpm,greedy,0.2,constructed,greedy-mem_0-nu_02--eval_0,105,0.08764861008802013,5.790171050085938,44.625289308539564,4.629626568932371,4,46.33118963241577
corridor,safe,0.2,constructed,safe-mem_0-nu_02--eval_0,129,0.12496941,80.60140670999999,7.841814070000017,0.028890833999999976,2,0.036336660385131836
corridor,safe,0.2,constructed,safe-mem_0-nu_02--eval_0,130,0.12496941,80.60140670999999,7.841814070000017,0.028890833999999976,2,0.03617095947265625
corridor,safe,0.2,constructed,safe-mem_0-nu_02--eval_0,131,0.12496941,80.60140670999999,7.841814070000017,0.028890833999999976,2,0.036287784576416016
corridor,safe,0.2,constructed,safe-mem_0-nu_02--eval_0,132,0.12496941,80.60140571,7.841814070000044,0.028488634000000082,2,0.04018521308898926
corridor,safe,0.2,constructed,safe-mem_0-nu_02--eval_0,133,0.12496941,80.60140560999999,7.841814070000014,0.028448414,2,0.03730320930480957
drone,greedy,0.2,constructed,greedy-mem_0-nu_02--eval_0,122,0.19333754970799746,34.5602323767297,31.042901600766303,11.676227570682233,6,28.992499589920044
corridor,safe,0.2,constructed,safe-mem_0-nu_02--eval_0,134,0.12496941,80.60140560999999,7.841814070000014,0.028448414,2,0.03797149658203125
corridor,safe,0.2,constructed,safe-mem_0-nu_02--eval_0,135,0.12497041,80.60239160999998,7.8415270700000415,0.028117414000000084,2,0.03697490692138672
corridor,safe,0.2,constructed,safe-mem_0-nu_02--eval_0,136,0.12497141,80.60445521,7.8409313700000025,0.027430114000000023,2,0.03804588317871094
dpm,greedy,0.2,constructed,greedy-mem_0-nu_02--eval_0,106,0.08774248817788682,5.79503043592832,44.62537467614181,4.624455091519929,4,49.63750696182251
corridor,safe,0.2,constructed,safe-mem_0-nu_02--eval_0,137,0.12497241,80.60544121,7.840644370000024,0.027099114000000046,2,0.037933349609375
corridor,safe,0.2,constructed,safe-mem_0-nu_02--eval_0,138,0.12497241,80.60544121,7.840644370000027,0.027099114000000046,2,0.039391279220581055
drone,greedy,0.2,constructed,greedy-mem_0-nu_02--eval_0,123,0.1934159489275016,34.604315122225266,31.033495326472135,11.662563240660132,6,27.607129096984863
corridor,safe,0.2,constructed,safe-mem_0-nu_02--eval_0,139,0.12497241,80.60544121,7.840644370000027,0.027099114000000046,2,0.03864312171936035
corridor,safe,0.2,constructed,safe-mem_0-nu_02--eval_0,140,0.12497241,80.60544121,7.840644370000027,0.027099114000000046,2,0.04138922691345215
corridor,safe,0.2,constructed,safe-mem_0-nu_02--eval_0,141,0.12497241,80.60544121,7.840644370000027,0.027099114000000046,2,0.038550376892089844
corridor,safe,0.2,constructed,safe-mem_0-nu_02--eval_0,142,0.12497241,80.60544121,7.840644370000027,0.027099114000000046,2,0.03813648223876953
corridor,safe,0.2,constructed,safe-mem_0-nu_02--eval_0,143,0.12497241,80.60544121,7.840644370000027,0.027099114000000046,2,0.0387873649597168
drone,greedy,0.2,constructed,greedy-mem_0-nu_02--eval_0,124,0.1935019659305533,34.67407799225539,31.018912289460463,11.642599633296006,6,28.096978664398193
dpm,greedy,0.2,constructed,greedy-mem_0-nu_02--eval_0,107,0.08783348273108163,5.79985505471495,44.62545886662411,4.619439826129716,4,48.32062339782715
corridor,safe,0.2,constructed,safe-mem_0-nu_02--eval_0,144,0.12497241,80.60544121,7.840644370000028,0.027099114000000046,2,0.03926229476928711
corridor,safe,0.2,constructed,safe-mem_0-nu_02--eval_0,145,0.12497241,80.60544121,7.840644370000028,0.027099114000000046,2,0.03972983360290527
corridor,safe,0.2,constructed,safe-mem_0-nu_02--eval_0,146,0.12497241,80.60544121,7.840644370000028,0.027099114000000046,2,0.03922772407531738
corridor,safe,0.2,constructed,safe-mem_0-nu_02--eval_0,147,0.12497241,80.60544121,7.840644370000028,0.027099114000000046,2,0.03891706466674805
corridor,safe,0.2,constructed,safe-mem_0-nu_02--eval_0,148,0.12497241,80.60544121,7.840644370000028,0.027099114000000046,2,0.03870534896850586
drone,greedy,0.2,constructed,greedy-mem_0-nu_02--eval_0,125,0.19359387016959587,34.71424635873428,31.010393421444018,11.629316782630209,6,27.901002407073975
corridor,safe,0.2,constructed,safe-mem_0-nu_02--eval_0,149,0.12497241,80.60544121,7.840644370000028,0.027099114000000046,2,0.03994870185852051
corridor,safe,0.2,constructed,safe-mem_0-nu_02--eval_0,150,0.12497241,80.60544121,7.840644370000028,0.027099114000000046,2,0.03897547721862793
corridor,safe,0.2,constructed,safe-mem_0-nu_02--eval_0,151,0.12497241,80.60544121,7.840644370000028,0.027099114000000046,2,0.03990006446838379
dpm,greedy,0.2,constructed,greedy-mem_0-nu_02--eval_0,108,0.0879359215534675,5.805134521748149,44.62555967008735,4.6137819419826025,4,48.07127904891968
corridor,safe,0.2,constructed,safe-mem_0-nu_02--eval_0,152,0.12497241,80.60544121,7.840644370000028,0.027099114000000046,2,0.03978705406188965
corridor,safe,0.2,constructed,safe-mem_0-nu_02--eval_0,153,0.12497241,80.60544121,7.840644370000028,0.027099114000000046,2,0.03801751136779785
drone,greedy,0.2,constructed,greedy-mem_0-nu_02--eval_0,126,0.19366732009073265,34.75167366219999,31.002462760297703,11.617330349433477,6,28.6264169216156
corridor,safe,0.2,constructed,safe-mem_0-nu_02--eval_0,154,0.12497241,80.60544121,7.840644370000028,0.027099114000000046,2,0.038958072662353516
corridor,safe,0.2,constructed,safe-mem_0-nu_02--eval_0,155,0.12497241,80.60553771,7.840617770000024,0.027068354000000017,2,0.038039445877075195
corridor,safe,0.2,constructed,safe-mem_0-nu_02--eval_0,156,0.12497241,80.60553771,7.840617770000024,0.027068354000000017,2,0.03958487510681152
corridor,safe,0.2,constructed,safe-mem_0-nu_02--eval_0,157,0.12497252,80.60564609999999,7.840586270000032,0.027032022000000072,2,0.038718461990356445
corridor,safe,0.2,constructed,safe-mem_0-nu_02--eval_0,158,0.12497252,80.60564609999999,7.840586270000032,0.027032022000000072,2,0.04004931449890137
corridor,safe,0.2,constructed,safe-mem_0-nu_02--eval_0,159,0.12497252,80.6057454,7.840556869999999,0.026998142000000027,2,0.0398859977722168
drone-b,greedy,0.2,constructed,greedy-mem_0-nu_02--eval_0,9,0.19999997518063142,32.77368799623684,41.16523827262711,10.74879181323949,3,191.28727746009827
drone,greedy,0.2,constructed,greedy-mem_0-nu_02--eval_0,127,0.19374725131235856,34.80000974631534,30.99198587280208,11.601841136096882,6,28.699902057647705
dpm,greedy,0.2,constructed,greedy-mem_0-nu_02--eval_0,109,0.08804317138610697,5.810879701317792,44.625676132664154,4.607839738067868,4,50.5970664024353
corridor,safe,0.2,constructed,safe-mem_0-nu_02--eval_0,160,0.12497262,80.6058433,7.840528870000021,0.02696582200000006,2,0.040306806564331055
corridor,safe,0.2,constructed,safe-mem_0-nu_02--eval_0,161,0.12497262,80.6059419,7.840500170000016,0.02693272200000003,2,0.04214143753051758
corridor,safe,0.2,constructed,safe-mem_0-nu_02--eval_0,162,0.12497262,80.6059419,7.840500170000016,0.02693272200000003,2,0.040045738220214844
corridor,safe,0.2,constructed,safe-mem_0-nu_02--eval_0,163,0.12497262,80.6059419,7.840500170000016,0.02693272200000003,2,0.03914952278137207
corridor,safe,0.2,constructed,safe-mem_0-nu_02--eval_0,164,0.12497262,80.6059419,7.840500170000016,0.02693272200000003,2,0.0401914119720459
drone,greedy,0.2,constructed,greedy-mem_0-nu_02--eval_0,128,0.19383731993556927,34.85068215136367,30.98100321806331,11.58571201383016,6,28.82564401626587
corridor,safe,0.2,constructed,safe-mem_0-nu_02--eval_0,165,0.12497262,80.60594090000001,7.840500170000044,0.02651092200000001,2,0.04174089431762695
corridor,safe,0.2,constructed,safe-mem_0-nu_02--eval_0,166,0.12497262,80.60594090000001,7.840500170000044,0.02651092200000001,2,0.04149341583251953
corridor,safe,0.2,constructed,safe-mem_0-nu_02--eval_0,167,0.12497362000000001,80.6069199,7.840220170000044,0.026187722000000024,2,0.04075288772583008
dpm,greedy,0.2,constructed,greedy-mem_0-nu_02--eval_0,110,0.08816596749593794,5.8176263828384895,44.625808367866334,4.60103230311667,4,50.25334358215332
corridor,safe,0.2,constructed,safe-mem_0-nu_02--eval_0,168,0.12497362000000001,80.6069199,7.840220170000044,0.026187722000000024,2,0.04227805137634277
corridor,safe,0.2,constructed,safe-mem_0-nu_02--eval_0,169,0.12497362000000001,80.6069199,7.8402201700000145,0.026187722000000024,2,0.04389452934265137
drone,greedy,0.2,constructed,greedy-mem_0-nu_02--eval_0,129,0.19390892040465582,34.90527905109822,30.969303754206734,11.569144090051322,6,29.32102942466736
corridor,safe,0.2,constructed,safe-mem_0-nu_02--eval_0,170,0.12497362000000001,80.6069199,7.8402201700000145,0.026187722000000024,2,0.0485682487487793
corridor,safe,0.2,constructed,safe-mem_0-nu_02--eval_0,171,0.12497362000000001,80.60800309999999,7.839905870000063,0.025825182000000016,2,0.042397499084472656
corridor,safe,0.2,constructed,safe-mem_0-nu_02--eval_0,172,0.12497362000000001,80.60800309999999,7.839905870000063,0.025825182000000016,2,0.041634559631347656
corridor,safe,0.2,constructed,safe-mem_0-nu_02--eval_0,173,0.12497362000000001,80.608003,7.8399058700000355,0.025784962000000064,2,0.04221391677856445
corridor,safe,0.2,constructed,safe-mem_0-nu_02--eval_0,174,0.12497362000000001,80.608003,7.8399058700000355,0.025784962000000064,2,0.04219532012939453
corridor,safe,0.2,constructed,safe-mem_0-nu_02--eval_0,175,0.12497362000000001,80.608003,7.8399058700000355,0.025784962000000064,2,0.04424166679382324
drone,greedy,0.2,constructed,greedy-mem_0-nu_02--eval_0,130,0.19396392420508382,34.94243879617883,30.961484967552057,11.55794842330962,6,31.213743925094604
dpm,greedy,0.2,constructed,greedy-mem_0-nu_02--eval_0,111,0.08828599190718618,5.823998478870049,44.62593309216923,4.594372740098841,4,54.72636890411377
corridor,safe,0.2,constructed,safe-mem_0-nu_02--eval_0,176,0.12497362000000001,80.608003,7.8399058700000355,0.025784962000000064,2,0.04359126091003418
corridor,safe,0.2,constructed,safe-mem_0-nu_02--eval_0,177,0.12497362000000001,80.608003,7.8399058700000355,0.025784962000000064,2,0.04349517822265625
corridor,safe,0.2,constructed,safe-mem_0-nu_02--eval_0,178,0.12497362000000001,80.608002,7.839905870000062,0.02537296200000004,2,0.04418492317199707
corridor,safe,0.2,constructed,safe-mem_0-nu_02--eval_0,179,0.12497362000000001,80.608002,7.839905870000062,0.02537296200000004,2,0.0435638427734375
corridor,safe,0.2,constructed,safe-mem_0-nu_02--eval_0,180,0.12497362000000001,80.608002,7.839905870000062,0.02537296200000004,2,0.04455137252807617
drone,greedy,0.2,constructed,greedy-mem_0-nu_02--eval_0,131,0.19402450199601975,34.983894564258975,30.952729860051047,11.545349346320739,6,29.914167642593384
corridor,safe,0.2,constructed,safe-mem_0-nu_02--eval_0,181,0.12497362000000001,80.608002,7.839905870000062,0.02537296200000004,2,0.04495978355407715
corridor,safe,0.2,constructed,safe-mem_0-nu_02--eval_0,182,0.12497362000000001,80.608002,7.839905870000062,0.02537296200000004,2,0.044562578201293945
corridor,safe,0.2,constructed,safe-mem_0-nu_02--eval_0,183,0.12497362000000001,80.608002,7.839905870000062,0.02537296200000004,2,0.044304847717285156
dpm,greedy,0.2,constructed,greedy-mem_0-nu_02--eval_0,112,0.0883861168116479,5.829378671676293,44.62604054005175,4.588825055218953,4,51.40050411224365
corridor,safe,0.2,constructed,safe-mem_0-nu_02--eval_0,184,0.12497362000000001,80.608002,7.839905870000062,0.02537296200000004,2,0.04505753517150879
corridor,safe,0.2,constructed,safe-mem_0-nu_02--eval_0,185,0.12497362000000001,80.608002,7.839905870000062,0.02537296200000004,2,0.04384779930114746
drone,greedy,0.2,constructed,greedy-mem_0-nu_02--eval_0,132,0.19408458004308066,35.02462345425533,30.9438827678746,11.532438736637712,6,30.230369091033936
corridor,safe,0.2,constructed,safe-mem_0-nu_02--eval_0,186,0.12497362000000001,80.608002,7.839905870000062,0.02537296200000004,2,0.044289588928222656
corridor,safe,0.2,constructed,safe-mem_0-nu_02--eval_0,187,0.12497362000000001,80.608002,7.839905870000062,0.02537296200000004,2,0.04371380805969238
corridor,safe,0.2,constructed,safe-mem_0-nu_02--eval_0,188,0.12497462000000001,80.6090705,7.839606270000025,0.025026802000000063,2,0.04390907287597656
corridor,safe,0.2,constructed,safe-mem_0-nu_02--eval_0,189,0.12497462000000001,80.6090705,7.839606270000025,0.025026802000000063,2,0.04390668869018555
corridor,safe,0.2,constructed,safe-mem_0-nu_02--eval_0,190,0.12497462000000001,80.6090705,7.839606270000025,0.025026802000000063,2,0.044583797454833984
corridor,safe,0.2,constructed,safe-mem_0-nu_02--eval_0,191,0.12497462000000001,80.6090705,7.839606270000025,0.025026802000000063,2,0.045810699462890625
drone,greedy,0.2,constructed,greedy-mem_0-nu_02--eval_0,133,0.19417630078942671,35.079742090665675,30.932233742090922,11.51590542690021,6,30.260443687438965
dpm,greedy,0.2,constructed,greedy-mem_0-nu_02--eval_0,113,0.0884755540721687,5.834114676385887,44.626129741599264,4.583883548469429,4,52.12669348716736
corridor,safe,0.2,constructed,safe-mem_0-nu_02--eval_0,192,0.12497462000000001,80.6090705,7.839606270000025,0.025026802000000063,2,0.04464364051818848
corridor,safe,0.2,constructed,safe-mem_0-nu_02--eval_0,193,0.12497462000000001,80.6090705,7.839606270000025,0.025026802000000063,2,0.044760704040527344
corridor,safe,0.2,constructed,safe-mem_0-nu_02--eval_0,194,0.12497462000000001,80.6090705,7.839606270000025,0.025026802000000063,2,0.04479408264160156
corridor,safe,0.2,constructed,safe-mem_0-nu_02--eval_0,195,0.12497562000000001,80.6100565,7.839319270000054,0.024695802000000048,2,0.04965496063232422
corridor,safe,0.2,constructed,safe-mem_0-nu_02--eval_0,196,0.12497562000000001,80.6100565,7.839319270000054,0.024695802000000048,2,0.0455775260925293
drone,greedy,0.2,constructed,greedy-mem_0-nu_02--eval_0,134,0.19424926798678052,35.12705214765593,30.922110901548585,11.500975183962106,6,30.948870182037354
corridor,safe,0.2,constructed,safe-mem_0-nu_02--eval_0,197,0.12497562000000001,80.6100565,7.839319270000054,0.024695802000000048,2,0.04613065719604492
corridor,safe,0.2,constructed,safe-mem_0-nu_02--eval_0,198,0.12497562000000001,80.61015439999998,7.839291270000054,0.024663482000000028,2,0.04622077941894531
corridor,safe,0.2,constructed,safe-mem_0-nu_02--eval_0,199,0.12497562000000001,80.61015439999998,7.839291270000054,0.024663482000000028,2,0.04490327835083008
dpm,greedy,0.2,constructed,greedy-mem_0-nu_02--eval_0,114,0.08856231886575738,5.838544172774116,44.62621313212577,4.579096577054128,4,54.375006675720215
corridor,safe,0.2,constructed,safe-mem_0-nu_02--eval_0,200,0.12497662000000001,80.61114305,7.839008610000089,0.024337206000000097,2,0.04602789878845215
drone-b,greedy,0.2,constructed,greedy-mem_0-nu_02--eval_0,10,0.19999997518063142,32.7741162863933,41.16520625959915,10.748653774361623,3,192.2561993598938
corridor,safe,0.2,constructed,safe-mem_0-nu_02--eval_0,201,0.12497662000000001,80.61114305,7.839008610000089,0.024337206000000097,2,0.04609847068786621
drone,greedy,0.2,constructed,greedy-mem_0-nu_02--eval_0,135,0.19435194221111193,35.17743126623708,30.911420214638675,11.48474088525951,6,31.21447491645813
corridor,safe,0.2,constructed,safe-mem_0-nu_02--eval_0,202,0.12497662000000001,80.61114305,7.839008610000089,0.024337206000000097,2,0.04635286331176758
corridor,safe,0.2,constructed,safe-mem_0-nu_02--eval_0,203,0.12497662000000001,80.61114305,7.839008610000089,0.024337206000000097,2,0.047170162200927734
corridor,safe,0.2,constructed,safe-mem_0-nu_02--eval_0,204,0.12497662000000001,80.61114305,7.839008610000089,0.024337206000000097,2,0.04641127586364746
corridor,safe,0.2,constructed,safe-mem_0-nu_02--eval_0,205,0.12497662000000001,80.61114305,7.839008610000089,0.024337206000000097,2,0.04531526565551758
corridor,safe,0.2,constructed,safe-mem_0-nu_02--eval_0,206,0.12497662000000001,80.61114305,7.839008610000089,0.024337206000000097,2,0.04759573936462402
corridor,safe,0.2,constructed,safe-mem_0-nu_02--eval_0,207,0.12497662000000001,80.61114305,7.839008610000089,0.024337206000000097,2,0.045850276947021484
drone,greedy,0.2,constructed,greedy-mem_0-nu_02--eval_0,136,0.19440801899183044,35.21455837713815,30.903619038282,11.473625165979232,6,30.741724967956543
corridor,safe,0.2,constructed,safe-mem_0-nu_02--eval_0,208,0.12497662000000001,80.61114305,7.839008610000089,0.024337206000000097,2,0.0491480827331543
dpm,greedy,0.2,constructed,greedy-mem_0-nu_02--eval_0,115,0.08866347668473448,5.843639725741646,44.62630340187929,4.573529695306942,4,56.4929404258728
corridor,safe,0.2,constructed,safe-mem_0-nu_02--eval_0,209,0.12497662000000001,80.61114305,7.839008610000089,0.024337206000000097,2,0.04770803451538086
corridor,safe,0.2,constructed,safe-mem_0-nu_02--eval_0,210,0.12497662000000001,80.61114205,7.839008610000095,0.023915406000000076,2,0.047599077224731445
corridor,safe,0.2,constructed,safe-mem_0-nu_02--eval_0,211,0.12497662000000001,80.61114205,7.839008610000095,0.023915406000000076,2,0.048252105712890625
corridor,safe,0.2,constructed,safe-mem_0-nu_02--eval_0,212,0.12497662000000001,80.61114205,7.839008610000095,0.023915406000000076,2,0.04712057113647461
drone,greedy,0.2,constructed,greedy-mem_0-nu_02--eval_0,137,0.19446900211817042,35.26845641101971,30.89225387838076,11.457998217837115,6,31.11345863342285
corridor,safe,0.2,constructed,safe-mem_0-nu_02--eval_0,213,0.12497662000000001,80.61114205,7.839008610000095,0.023915406000000076,2,0.04699993133544922
corridor,safe,0.2,constructed,safe-mem_0-nu_02--eval_0,214,0.12497662000000001,80.61114205,7.839008610000095,0.023915406000000076,2,0.04875349998474121
corridor,safe,0.2,constructed,safe-mem_0-nu_02--eval_0,215,0.12497662000000001,80.61114205,7.839008610000095,0.023915406000000076,2,0.05050039291381836
corridor,safe,0.2,constructed,safe-mem_0-nu_02--eval_0,216,0.12497672000000001,80.61123855,7.838982010000082,0.02388464600000003,2,0.047922372817993164
dpm,greedy,0.2,constructed,greedy-mem_0-nu_02--eval_0,116,0.08875113366557563,5.848037778968933,44.62638820265399,4.568691131544482,4,56.92941355705261
corridor,safe,0.2,constructed,safe-mem_0-nu_02--eval_0,217,0.12497672000000001,80.61223155000002,7.838688010000081,0.023545846000000044,2,0.0484163761138916
corridor,safe,0.2,constructed,safe-mem_0-nu_02--eval_0,218,0.12497672000000001,80.61223155000002,7.838688010000081,0.023545846000000044,2,0.04785490036010742
drone,greedy,0.2,constructed,greedy-mem_0-nu_02--eval_0,138,0.1945333797857841,35.30785387768906,30.883865456344324,11.445800251899412,6,34.12248873710632
corridor,safe,0.2,constructed,safe-mem_0-nu_02--eval_0,219,0.12497672000000001,80.61223155000002,7.838688010000081,0.023545846000000044,2,0.04990434646606445
corridor,safe,0.2,constructed,safe-mem_0-nu_02--eval_0,220,0.12497672000000001,80.61223155000002,7.83868801000008,0.023545846000000044,2,0.04970717430114746
corridor,safe,0.2,constructed,safe-mem_0-nu_02--eval_0,221,0.12497672000000001,80.61223155000002,7.83868801000008,0.023545846000000044,2,0.04805779457092285
corridor,safe,0.2,constructed,safe-mem_0-nu_02--eval_0,222,0.12497672000000001,80.61223155000002,7.838688010000081,0.023545846000000044,2,0.05247354507446289
corridor,safe,0.2,constructed,safe-mem_0-nu_02--eval_0,223,0.12497672000000001,80.61223155000002,7.838688010000081,0.023545846000000044,2,0.04897737503051758
drone,greedy,0.2,constructed,greedy-mem_0-nu_02--eval_0,139,0.1945987500716352,35.34124626799128,30.876658646831547,11.434868152536131,6,32.06458830833435
corridor,safe,0.2,constructed,safe-mem_0-nu_02--eval_0,224,0.12497672000000001,80.61223155000002,7.838688010000081,0.023545846000000044,2,0.048905134201049805
corridor,safe,0.2,constructed,safe-mem_0-nu_02--eval_0,225,0.12497672000000001,80.61223155000002,7.838688010000081,0.023545846000000044,2,0.04867887496948242
dpm,greedy,0.2,constructed,greedy-mem_0-nu_02--eval_0,117,0.08881908308784636,5.851735376307129,44.626448919361245,4.564949411265545,4,56.12508487701416
corridor,safe,0.2,constructed,safe-mem_0-nu_02--eval_0,226,0.12497672000000001,80.61223155000002,7.838688010000081,0.023545846000000044,2,0.05129671096801758
corridor,safe,0.2,constructed,safe-mem_0-nu_02--eval_0,227,0.12497672000000001,80.61223155000002,7.838688010000081,0.023545846000000044,2,0.04842829704284668
corridor,safe,0.2,constructed,safe-mem_0-nu_02--eval_0,228,0.12497772000000001,80.61321055,7.83840801000008,0.02322264600000006,2,0.05019736289978027
corridor,safe,0.2,constructed,safe-mem_0-nu_02--eval_0,229,0.12497772000000001,80.61321055,7.83840801000008,0.02322264600000006,2,0.04852604866027832
drone,greedy,0.2,constructed,greedy-mem_0-nu_02--eval_0,140,0.1946955546094094,35.41542153964956,30.861109907999865,11.413390756744912,6,32.57379865646362
corridor,safe,0.2,constructed,safe-mem_0-nu_02--eval_0,230,0.12497772000000001,80.61430215,7.838085310000069,0.022850746000000047,2,0.0490269660949707
corridor,safe,0.2,constructed,safe-mem_0-nu_02--eval_0,231,0.12497772000000001,80.61529515,7.837791310000068,0.022511946000000053,2,0.05103349685668945
corridor,safe,0.2,constructed,safe-mem_0-nu_02--eval_0,232,0.12497772000000001,80.61529515,7.837791310000068,0.022511946000000053,2,0.050252437591552734
corridor,safe,0.2,constructed,safe-mem_0-nu_02--eval_0,233,0.12497882000000002,80.61737905,7.837175310000026,0.021802026000000013,2,0.049842119216918945
dpm,greedy,0.2,constructed,greedy-mem_0-nu_02--eval_0,118,0.0889113714946021,5.856642070015335,44.62653689187248,4.559858780903726,4,55.386674642562866
corridor,safe,0.2,constructed,safe-mem_0-nu_02--eval_0,234,0.12497882000000002,80.61737905,7.837175310000026,0.021802026000000013,2,0.05124211311340332
corridor,safe,0.2,constructed,safe-mem_0-nu_02--eval_0,235,0.12497882000000002,80.61737905,7.837175310000026,0.021802026000000013,2,0.04952716827392578
drone,greedy,0.2,constructed,greedy-mem_0-nu_02--eval_0,141,0.19475619285181978,35.45108691002799,30.853449137960236,11.40238591416014,6,32.42538809776306
corridor,safe,0.2,constructed,safe-mem_0-nu_02--eval_0,236,0.12497882000000002,80.61747595,7.837147310000077,0.021347906000000028,2,0.05247139930725098
corridor,safe,0.2,constructed,safe-mem_0-nu_02--eval_0,237,0.12497882000000002,80.61747595,7.837147310000077,0.021347906000000028,2,0.05062556266784668
corridor,safe,0.2,constructed,safe-mem_0-nu_02--eval_0,238,0.12497882000000002,80.61747595,7.837147310000077,0.021347906000000028,2,0.05211448669433594
corridor,safe,0.2,constructed,safe-mem_0-nu_02--eval_0,239,0.12497882000000002,80.61747595,7.837147310000077,0.021347906000000028,2,0.05046868324279785
corridor,safe,0.2,constructed,safe-mem_0-nu_02--eval_0,240,0.12497882000000002,80.61747595,7.837147310000077,0.021347906000000028,2,0.05021524429321289
drone,greedy,0.2,constructed,greedy-mem_0-nu_02--eval_0,142,0.19482997984520323,35.49136637969236,30.84504955798399,11.39019892472512,6,32.80510449409485
corridor,safe,0.2,constructed,safe-mem_0-nu_02--eval_0,241,0.12497882000000002,80.61747595,7.837147310000077,0.021347906000000028,2,0.050140380859375
corridor,safe,0.2,constructed,safe-mem_0-nu_02--eval_0,242,0.12497882000000002,80.61747584999999,7.837147310000049,0.021307686000000062,2,0.05033707618713379
dpm,greedy,0.2,constructed,greedy-mem_0-nu_02--eval_0,119,0.08899005953912156,5.860874123754163,44.62660394060122,4.55553455204084,4,56.587554693222046
drone-b,greedy,0.2,constructed,greedy-mem_0-nu_02--eval_0,11,0.19999997518063142,32.7741162863933,41.165206259599366,10.748653774361623,3,191.4325692653656
corridor,safe,0.2,constructed,safe-mem_0-nu_02--eval_0,243,0.12497882000000002,80.61747584999999,7.837147310000049,0.021307686000000062,2,0.050916433334350586
corridor,safe,0.2,constructed,safe-mem_0-nu_02--eval_0,244,0.12497882000000002,80.61747584999999,7.837147310000049,0.021307686000000062,2,0.05269503593444824
corridor,safe,0.2,constructed,safe-mem_0-nu_02--eval_0,245,0.12497882000000002,80.61747584999999,7.837147310000049,0.021307686000000062,2,0.05341029167175293
corridor,safe,0.2,constructed,safe-mem_0-nu_02--eval_0,246,0.12497882000000002,80.61747584999999,7.837147310000049,0.021307686000000062,2,0.05113840103149414
drone,greedy,0.2,constructed,greedy-mem_0-nu_02--eval_0,143,0.19489856510170275,35.53077702390566,30.836655910610467,11.377852314134214,6,32.959975242614746
corridor,safe,0.2,constructed,safe-mem_0-nu_02--eval_0,247,0.12497982000000002,80.61844785,7.836874310000044,0.020992286000000037,2,0.05262327194213867
corridor,safe,0.2,constructed,safe-mem_0-nu_02--eval_0,248,0.12497982000000002,80.62041984999999,7.83630031000007,0.02033028600000003,2,0.05123138427734375
corridor,safe,0.2,constructed,safe-mem_0-nu_02--eval_0,249,0.12497982000000002,80.62041984999999,7.83630031000007,0.02033028600000003,2,0.05421304702758789
corridor,safe,0.2,constructed,safe-mem_0-nu_02--eval_0,250,0.12497982000000002,80.62141985,7.83599931000007,0.01998368600000004,2,0.051702260971069336
dpm,greedy,0.2,constructed,greedy-mem_0-nu_02--eval_0,120,0.08908254833712419,5.865766629377543,44.62669175404371,4.5504327920092775,4,57.41527986526489
corridor,safe,0.2,constructed,safe-mem_0-nu_02--eval_0,251,0.12497982000000002,80.62141985,7.83599931000007,0.01998368600000004,2,0.05466723442077637
drone,greedy,0.2,constructed,greedy-mem_0-nu_02--eval_0,144,0.19498421460134588,35.581950124658306,30.825837712678187,11.361621004722048,6,33.04376268386841
corridor,safe,0.2,constructed,safe-mem_0-nu_02--eval_0,252,0.12497982000000002,80.62141985,7.83599931000007,0.01998368600000004,2,0.05229687690734863
corridor,safe,0.2,constructed,safe-mem_0-nu_02--eval_0,253,0.12497982000000002,80.62141985,7.83599931000007,0.01998368600000004,2,0.05164742469787598
corridor,safe,0.2,constructed,safe-mem_0-nu_02--eval_0,254,0.12497982000000002,80.62141985,7.83599931000007,0.01998368600000004,2,0.05132269859313965
corridor,safe,0.2,constructed,safe-mem_0-nu_02--eval_0,255,0.12497982000000002,80.62141985,7.83599931000007,0.01998368600000004,2,0.05096721649169922
corridor,random,0.2,constructed,random-mem_0-nu_02--eval_0,0,0.1999999987166036,-24.70025057390754,42.175889304334184,34.16226371165266,2,1.1477162837982178
corridor,random,0.2,constructed,random-mem_0-nu_02--eval_0,1,0.19999999999988463,-24.392325503895787,42.08007828276543,33.94769628651062,2,2.4936935901641846
drone,greedy,0.2,constructed,greedy-mem_0-nu_02--eval_0,145,0.19504879243043652,35.60947695147381,30.820046376974965,11.35252261204087,6,36.074174642562866
corridor,random,0.2,constructed,random-mem_0-nu_02--eval_0,2,0.19999999999999557,-24.458784511358573,42.09952055741351,33.959567628092934,2,3.5217607021331787
corridor,random,0.2,constructed,random-mem_0-nu_02--eval_0,3,0.1999999999999989,-24.344909984378226,42.06534047211238,33.90297108372475,2,4.511193037033081
dpm,greedy,0.2,constructed,greedy-mem_0-nu_02--eval_0,121,0.08917865636627614,5.870853308072182,44.62678337821911,4.545129560151576,4,60.50231432914734
corridor,random,0.2,constructed,random-mem_0-nu_02--eval_0,4,0.2,-24.232600200673264,42.031675194754364,33.84649551140649,2,5.5964930057525635
corridor,random,0.2,constructed,random-mem_0-nu_02--eval_0,5,0.20000000000000004,-24.015521375831305,41.96846192010957,33.746978572988006,2,6.345381498336792
drone,greedy,0.2,constructed,greedy-mem_0-nu_02--eval_0,146,0.19512211255988654,35.63835954552849,30.813970151500463,11.343219708500781,6,34.49839782714844
corridor,random,0.2,constructed,random-mem_0-nu_02--eval_0,6,0.2000000000000001,-23.862749888694317,41.92302020621148,33.674276121760634,2,7.337274551391602
corridor,random,0.2,constructed,random-mem_0-nu_02--eval_0,7,0.2000000000000001,-23.423650760687448,41.788659281110014,33.474226778768184,2,8.258451461791992
corridor,random,0.2,constructed,random-mem_0-nu_02--eval_0,8,0.2000000000000001,-23.39321773678916,41.78050653803899,33.441469494599204,2,9.307474136352539
dpm,greedy,0.2,constructed,greedy-mem_0-nu_02--eval_0,122,0.0892629559243989,5.875271646845405,44.62685888853907,4.540490830382957,4,61.76749658584595
corridor,random,0.2,constructed,random-mem_0-nu_02--eval_0,9,0.20000000000000012,-23.38932259196012,41.779459317055704,33.43714008889676,2,10.068143367767334
drone,greedy,0.2,constructed,greedy-mem_0-nu_02--eval_0,147,0.19517678174040828,35.703232030614735,30.80019777390141,11.32431439967492,6,34.16117787361145
corridor,random,0.2,constructed,random-mem_0-nu_02--eval_0,10,0.20000000000000012,-23.262074736793238,41.74326054320678,33.3650267904343,2,10.815975189208984
corridor,random,0.2,constructed,random-mem_0-nu_02--eval_0,11,0.20000000000000012,-23.211105267268977,41.72859484454405,33.34107430037548,2,11.771023273468018
drone,greedy,0.2,constructed,greedy-mem_0-nu_02--eval_0,148,0.19523794936999625,35.74962025830589,30.79054745635858,11.310729159675878,6,35.170838356018066
corridor,random,0.2,constructed,random-mem_0-nu_02--eval_0,12,0.20000000000000012,-23.153523686394426,41.711961262574434,33.31751158279404,2,12.613136529922485
dpm,greedy,0.2,constructed,greedy-mem_0-nu_02--eval_0,123,0.08935438749516067,5.879903068012217,44.626941424305066,4.535456443516608,4,58.97318720817566
corridor,random,0.2,constructed,random-mem_0-nu_02--eval_0,13,0.20000000000000012,-23.123844928434423,41.70423096191907,33.29651906219111,2,13.644678592681885
corridor,random,0.2,constructed,random-mem_0-nu_02--eval_0,14,0.20000000000000012,-23.132228718768378,41.70626381468939,33.28865943292721,2,14.497824668884277
drone,greedy,0.2,constructed,greedy-mem_0-nu_02--eval_0,149,0.19531239299592337,35.78639825004889,30.782764462845055,11.299303923236469,6,33.866596937179565
drone-b,greedy,0.2,constructed,greedy-mem_0-nu_02--eval_0,12,0.19999997518063142,32.7741162863933,41.16520625959946,10.748653774361633,3,188.4977798461914
corridor,random,0.2,constructed,random-mem_0-nu_02--eval_0,15,0.20000000000000012,-23.1099751105929,41.699750088484834,33.27221752702861,2,15.386463403701782
dpm,greedy,0.2,constructed,greedy-mem_0-nu_02--eval_0,124,0.08944236397124972,5.884402454159031,44.62702071191711,4.530611858562216,4,60.42179608345032
corridor,random,0.2,constructed,random-mem_0-nu_02--eval_0,16,0.20000000000000012,-23.099520326464383,41.69680802333916,33.26379410990976,2,16.27481245994568
drone,greedy,0.2,constructed,greedy-mem_0-nu_02--eval_0,150,0.19538421923882623,35.825862773816475,30.774432323376317,11.286995153507442,6,34.80300974845886
corridor,random,0.2,constructed,random-mem_0-nu_02--eval_0,17,0.20000000000000012,-23.068103373803076,41.688166992857134,33.2455988466452,2,16.8885235786438
corridor,random,0.2,constructed,random-mem_0-nu_02--eval_0,18,0.20000000000000012,-23.01432597665122,41.671867770565925,33.219972939431834,2,17.688764333724976
drone,greedy,0.2,constructed,greedy-mem_0-nu_02--eval_0,151,0.1954511337235167,35.867382036414554,30.765489575065317,11.274295012355948,6,34.63287878036499
dpm,greedy,0.2,constructed,greedy-mem_0-nu_02--eval_0,125,0.08953472300621004,5.8892151525241605,44.6271084696551,4.52550163590856,4,60.854827642440796
corridor,random,0.2,constructed,random-mem_0-nu_02--eval_0,19,0.20000000000000012,-22.962274257092805,41.65703596173988,33.1919492850975,2,18.722423315048218
corridor,random,0.2,constructed,random-mem_0-nu_02--eval_0,20,0.20000000000000012,-22.93742150063716,41.65021086098343,33.17598152777982,2,20.68237018585205
drone,greedy,0.2,constructed,greedy-mem_0-nu_02--eval_0,152,0.19552664066616404,35.92008860074547,30.75424426774444,11.258179301073717,6,36.779160261154175
corridor,random,0.2,constructed,random-mem_0-nu_02--eval_0,21,0.20000000000000012,-22.901201192306946,41.639694195666884,33.155357237581754,2,20.530508518218994
dpm,greedy,0.2,constructed,greedy-mem_0-nu_02--eval_0,126,0.08962120392435596,5.893872080318145,44.627179240061,4.520754522038114,4,62.4871141910553
drone,greedy,0.2,constructed,greedy-mem_0-nu_02--eval_0,153,0.19559892474914375,35.95774198472766,30.746219891577496,11.246148518611575,6,35.81183910369873
corridor,random,0.2,constructed,random-mem_0-nu_02--eval_0,22,0.20000000000000012,-22.830634632870666,41.61994496392959,33.118189838850896,2,21.415429830551147
corridor,random,0.2,constructed,random-mem_0-nu_02--eval_0,23,0.20000000000000012,-22.789577991541908,41.60799382038885,33.09752455784279,2,22.015960693359375
drone,greedy,0.2,constructed,greedy-mem_0-nu_02--eval_0,154,0.19566494881810922,35.989267292197695,30.739586715591567,11.235974841592759,6,38.69196891784668
corridor,random,0.2,constructed,random-mem_0-nu_02--eval_0,24,0.20000000000000012,-22.77607176641758,41.604444931249624,33.08535575544639,2,22.813910484313965
dpm,greedy,0.2,constructed,greedy-mem_0-nu_02--eval_0,127,0.08970519689359352,5.898152592216817,44.62725212493846,4.51613533798819,4,61.262075662612915
corridor,random,0.2,constructed,random-mem_0-nu_02--eval_0,25,0.20000000000000012,-22.73520335630898,41.59253651210405,33.067631137853766,2,23.75426173210144
drone,greedy,0.2,constructed,greedy-mem_0-nu_02--eval_0,155,0.1957378821446464,36.0388345028017,30.72916668105253,11.221093477548623,6,38.63894557952881
corridor,random,0.2,constructed,random-mem_0-nu_02--eval_0,26,0.20000000000000012,-22.736168993973276,41.59283414874044,33.06618217632033,2,25.037607192993164
dpm,greedy,0.2,constructed,greedy-mem_0-nu_02--eval_0,128,0.08978968932858877,5.902458022293667,44.62732409164853,4.511490495887863,4,63.475646018981934
drone,greedy,0.2,constructed,greedy-mem_0-nu_02--eval_0,156,0.19580238871348568,36.08712978964971,30.719082130573018,11.206980334824024,6,36.62453055381775
drone-b,greedy,0.2,constructed,greedy-mem_0-nu_02--eval_0,13,0.19999997518063142,32.78474458947296,41.164413517755264,10.744975719098921,3,189.50977849960327
corridor,random,0.2,constructed,random-mem_0-nu_02--eval_0,27,0.20000000000000012,-22.679238652167026,41.57588283683468,33.04232485455633,2,25.23760747909546
corridor,random,0.2,constructed,random-mem_0-nu_02--eval_0,28,0.20000000000000012,-22.651253070385287,41.568940275550865,33.01851790003774,2,26.689796924591064
drone,greedy,0.2,constructed,greedy-mem_0-nu_02--eval_0,157,0.1958937518256584,36.142007868337195,30.707621660717304,11.19066403197937,6,36.78670692443848
dpm,greedy,0.2,constructed,greedy-mem_0-nu_02--eval_0,129,0.08987337172819593,5.906776750683871,44.62740472471678,4.506859276857439,4,64.2787537574768
corridor,random,0.2,constructed,random-mem_0-nu_02--eval_0,29,0.20000000000000012,-22.60722182383906,41.55600448993452,32.998635969564596,2,27.71011209487915
drone,greedy,0.2,constructed,greedy-mem_0-nu_02--eval_0,158,0.195989678196335,36.17761696848421,30.699907883042727,11.178240080841089,6,37.77682280540466
corridor,random,0.2,constructed,random-mem_0-nu_02--eval_0,30,0.20000000000000012,-22.59208111464223,41.5519286434084,32.988798751068664,2,28.58999228477478
corridor,random,0.2,constructed,random-mem_0-nu_02--eval_0,31,0.20000000000000012,-22.58762120633477,41.550867161332796,32.983124265459566,2,29.322134971618652
dpm,greedy,0.2,constructed,greedy-mem_0-nu_02--eval_0,130,0.08995076501632776,5.910815654247914,44.627468619593515,4.502612624602115,4,65.88406372070312
drone,greedy,0.2,constructed,greedy-mem_0-nu_02--eval_0,159,0.19604183603052214,36.208654515325975,30.69334231521717,11.168639269324586,6,38.58512759208679
corridor,random,0.2,constructed,random-mem_0-nu_02--eval_0,32,0.20000000000000012,-22.57233694165617,41.546432142998405,32.97427032835326,2,30.372400760650635
drone,greedy,0.2,constructed,greedy-mem_0-nu_02--eval_0,160,0.19610816859836872,36.26023104045029,30.68222592656345,11.152749553678214,6,37.80337929725647
corridor,random,0.2,constructed,random-mem_0-nu_02--eval_0,33,0.20000000000000012,-22.519027759040345,41.53069562831701,32.95283107947611,2,31.814528465270996
dpm,greedy,0.2,constructed,greedy-mem_0-nu_02--eval_0,131,0.09002181123140254,5.914447880581842,44.62752539066114,4.498716125558464,4,64.75531578063965
drone,greedy,0.2,constructed,greedy-mem_0-nu_02--eval_0,161,0.19618460281426262,36.308918899645164,30.67180838152831,11.13776896110467,6,38.74919652938843
corridor,random,0.2,constructed,random-mem_0-nu_02--eval_0,34,0.20000000000000012,-22.525610490655925,41.53255843278514,32.95285305491988,2,32.38870334625244
corridor,random,0.2,constructed,random-mem_0-nu_02--eval_0,35,0.20000000000000012,-22.494569080892568,41.52328594634191,32.94038754460986,2,33.173120737075806
dpm,greedy,0.2,constructed,greedy-mem_0-nu_02--eval_0,132,0.09009807756413657,5.918460617131217,44.62758692213308,4.494531679982422,4,67.50126552581787
drone,greedy,0.2,constructed,greedy-mem_0-nu_02--eval_0,162,0.19624063857613475,36.34993790525006,30.663104606500795,11.125230262078565,6,37.999155044555664
drone-b,greedy,0.2,constructed,greedy-mem_0-nu_02--eval_0,14,0.19999999321372872,32.78474634464297,41.164413514805425,10.744973666158456,3,188.55349349975586
corridor,random,0.2,constructed,random-mem_0-nu_02--eval_0,36,0.20000000000000012,-22.4832390098764,41.52007589966171,32.934514897237825,2,34.30433773994446
drone,greedy,0.2,constructed,greedy-mem_0-nu_02--eval_0,163,0.1963006537498761,36.3855453864864,30.655541225173803,11.11397183922911,6,38.9679639339447
dpm,greedy,0.2,constructed,greedy-mem_0-nu_02--eval_0,133,0.09018099773634008,5.922748381690148,44.6276615436213,4.489965618802531,4,66.12041878700256
corridor,random,0.2,constructed,random-mem_0-nu_02--eval_0,37,0.20000000000000012,-22.48201413218258,41.51983937283971,32.93002418204147,2,35.36388063430786
drone,greedy,0.2,constructed,greedy-mem_0-nu_02--eval_0,164,0.1963511584714671,36.41818190422717,30.648764808477925,11.104112922342626,6,39.17183542251587
corridor,random,0.2,constructed,random-mem_0-nu_02--eval_0,38,0.20000000000000012,-22.453746214932632,41.511575650378724,32.91647973474579,2,36.54188585281372
dpm,greedy,0.2,constructed,greedy-mem_0-nu_02--eval_0,134,0.09027054651588287,5.927360640176296,44.62773673835926,4.485047131215453,4,68.68767833709717
drone,greedy,0.2,constructed,greedy-mem_0-nu_02--eval_0,165,0.19643897845429242,36.45941288390853,30.64007393180403,11.090605457091893,6,41.88765573501587
corridor,random,0.2,constructed,random-mem_0-nu_02--eval_0,39,0.20000000000000012,-22.425645928134063,41.50389091619098,32.90001817860425,2,37.85220646858215
drone,greedy,0.2,constructed,greedy-mem_0-nu_02--eval_0,166,0.19652761673857488,36.508718174776405,30.629727908640685,11.075497586961413,6,39.96962285041809
corridor,random,0.2,constructed,random-mem_0-nu_02--eval_0,40,0.20000000000000012,-22.409046207658196,41.49941046855756,32.890243684594864,2,37.726542949676514
dpm,greedy,0.2,constructed,greedy-mem_0-nu_02--eval_0,135,0.09036947247297838,5.932922098978894,44.62783459512299,4.479581210490301,4,67.80797171592712
corridor,random,0.2,constructed,random-mem_0-nu_02--eval_0,41,0.20000000000000012,-22.408068515153087,41.49884708589841,32.885595466154726,2,39.27525210380554
drone,greedy,0.2,constructed,greedy-mem_0-nu_02--eval_0,167,0.1966171185566522,36.5532561847039,30.620235679750838,11.061305948676306,6,40.08300018310547
corridor,random,0.2,constructed,random-mem_0-nu_02--eval_0,42,0.20000000000000012,-22.402633214497765,41.497479041856614,32.87995210756764,2,40.36919593811035
drone,greedy,0.2,constructed,greedy-mem_0-nu_02--eval_0,168,0.1966722663010805,36.589275963301574,30.612552293233286,11.050135104020747,6,40.57258152961731
dpm,greedy,0.2,constructed,greedy-mem_0-nu_02--eval_0,136,0.0904593402402515,5.937513947275415,44.6279165269319,4.474632075486191,4,69.3187882900238
corridor,random,0.2,constructed,random-mem_0-nu_02--eval_0,43,0.20000000000000012,-22.389891782273555,41.49381090643299,32.872240436675526,2,41.49005174636841
drone-b,greedy,0.2,constructed,greedy-mem_0-nu_02--eval_0,15,0.19999999321372872,32.80739005251983,41.1631239832622,10.737533520594068,3,188.75413179397583
drone,greedy,0.2,constructed,greedy-mem_0-nu_02--eval_0,169,0.19672815158549944,36.61174965922845,30.60776559443817,11.042343081316565,6,40.5487961769104
dpm,greedy,0.2,constructed,greedy-mem_0-nu_02--eval_0,137,0.09053612887899991,5.941406703859403,44.62798846261575,4.470397421406756,4,69.5443217754364
corridor,random,0.2,constructed,random-mem_0-nu_02--eval_0,44,0.20000000000000012,-22.385661063147733,41.492847133241135,32.86781957439792,2,42.2540807723999
drone,greedy,0.2,constructed,greedy-mem_0-nu_02--eval_0,170,0.19680181491997928,36.65410194409317,30.59884734131128,11.029619072795226,6,40.84491300582886
corridor,random,0.2,constructed,random-mem_0-nu_02--eval_0,45,0.20000000000000012,-22.378050993582,41.49077989775419,32.862992324261114,2,43.61084771156311
drone,greedy,0.2,constructed,greedy-mem_0-nu_02--eval_0,171,0.1968835159170956,36.6861438822829,30.592121352101024,11.019104634610184,6,41.886518239974976
dpm,greedy,0.2,constructed,greedy-mem_0-nu_02--eval_0,138,0.09059431331795685,5.944403559129095,44.62803295201949,4.467212870217049,4,71.8111960887909
corridor,random,0.2,constructed,random-mem_0-nu_02--eval_0,46,0.20000000000000012,-22.374377544468157,41.48985062106294,32.859437550670016,2,45.123565912246704
drone,greedy,0.2,constructed,greedy-mem_0-nu_02--eval_0,172,0.19694227369096864,36.72349735018275,30.58422836295829,11.00775977609555,6,41.209643840789795
corridor,random,0.2,constructed,random-mem_0-nu_02--eval_0,47,0.20000000000000012,-22.35893638648236,41.485578062805324,32.8505062535475,2,45.570115089416504
dpm,greedy,0.2,constructed,greedy-mem_0-nu_02--eval_0,139,0.09067237769521556,5.948886602292232,44.62810906701399,4.462903447298619,4,70.68285965919495
drone,greedy,0.2,constructed,greedy-mem_0-nu_02--eval_0,173,0.1970212668184427,36.76766228737014,30.575046247724618,10.994248449693105,6,41.66460943222046
corridor,random,0.2,constructed,random-mem_0-nu_02--eval_0,48,0.20000000000000012,-22.324588276349317,41.47597770017245,32.833817265728115,2,46.419880628585815
drone,greedy,0.2,constructed,greedy-mem_0-nu_02--eval_0,174,0.19709909824012886,36.812994486536454,30.565324479640967,10.980468104069049,6,42.038708209991455
dpm,greedy,0.2,constructed,greedy-mem_0-nu_02--eval_0,140,0.09074947285209722,5.953264348526052,44.628182563837655,4.4586498821138,4,70.91380381584167
corridor,random,0.2,constructed,random-mem_0-nu_02--eval_0,49,0.20000000000000012,-22.305631221579844,41.470288672491705,32.82558049820469,2,47.08243775367737
drone,greedy,0.2,constructed,greedy-mem_0-nu_02--eval_0,175,0.19714909668759706,36.85413043066687,30.55670754779187,10.96836505212922,6,42.33413124084473
drone-b,greedy,0.2,constructed,greedy-mem_0-nu_02--eval_0,16,0.19999999321372872,32.80739005251983,41.163123983262096,10.737533520594065,3,191.81048393249512
corridor,random,0.2,constructed,random-mem_0-nu_02--eval_0,50,0.20000000000000012,-22.299198044941004,41.46854562069107,32.82175512491263,2,48.62853121757507
dpm,greedy,0.2,constructed,greedy-mem_0-nu_02--eval_0,141,0.09080815999459461,5.9564614361017085,44.628230291748125,4.455431422324146,4,73.48050737380981
drone,greedy,0.2,constructed,greedy-mem_0-nu_02--eval_0,176,0.19721253816091458,36.89048576039687,30.549186628677866,10.957258530674553,6,42.55569767951965
corridor,random,0.2,constructed,random-mem_0-nu_02--eval_0,51,0.20000000000000012,-22.29620275927109,41.46768245690139,32.82008828436043,2,48.62274765968323
drone,greedy,0.2,constructed,greedy-mem_0-nu_02--eval_0,177,0.1972880347682791,36.93536761370908,30.539649808749147,10.943394188381506,6,42.98747730255127
dpm,greedy,0.2,constructed,greedy-mem_0-nu_02--eval_0,142,0.09087601898490105,5.960165369087969,44.62829613795826,4.451686018737192,4,75.84526348114014
corridor,random,0.2,constructed,random-mem_0-nu_02--eval_0,52,0.20000000000000012,-22.289389357835606,41.465783151802185,32.81413853730386,2,51.36710238456726
drone,greedy,0.2,constructed,greedy-mem_0-nu_02--eval_0,178,0.19734520139641823,36.97653483119831,30.530904163952478,10.931322933036403,6,45.71522355079651
corridor,random,0.2,constructed,random-mem_0-nu_02--eval_0,53,0.20000000000000012,-22.28463704257959,41.46440852999331,32.811421037157416,2,50.39521384239197
dpm,greedy,0.2,constructed,greedy-mem_0-nu_02--eval_0,143,0.09095177983723468,5.964142303272645,44.62836299596282,4.4475184743682785,4,75.1142315864563
drone,greedy,0.2,constructed,greedy-mem_0-nu_02--eval_0,179,0.1974409312173782,37.04706346952363,30.5161121323228,10.91060900621404,6,43.58930945396423
corridor,random,0.2,constructed,random-mem_0-nu_02--eval_0,54,0.20000000000000012,-22.2827595979922,41.46395833327812,32.80665726630561,2,51.141690731048584
drone,greedy,0.2,constructed,greedy-mem_0-nu_02--eval_0,180,0.19749238912304795,37.08635756165527,30.507843725465214,10.899235893620277,6,43.655534982681274
dpm,greedy,0.2,constructed,greedy-mem_0-nu_02--eval_0,144,0.09102407022747636,5.967977559428501,44.62842295531551,4.4435523078132295,4,74.6310362815857
corridor,random,0.2,constructed,random-mem_0-nu_02--eval_0,55,0.20000000000000012,-22.275855708885707,41.46206535044533,32.80331915693611,2,52.61361503601074
drone-b,greedy,0.2,constructed,greedy-mem_0-nu_02--eval_0,17,0.19999999321372872,33.013405412409845,41.14428856181442,10.668784979668834,3,189.55936312675476
drone,greedy,0.2,constructed,greedy-mem_0-nu_02--eval_0,181,0.19757360023625503,37.13767644365957,30.497140979217306,10.884108324815545,6,44.438339948654175
corridor,random,0.2,constructed,random-mem_0-nu_02--eval_0,56,0.20000000000000012,-22.255034557651232,41.456094464207766,32.79358064058642,2,54.4345269203186
drone,greedy,0.2,constructed,greedy-mem_0-nu_02--eval_0,182,0.19765445282689403,37.179839063790325,30.487972439233207,10.870294612847536,6,44.923266887664795
dpm,greedy,0.2,constructed,greedy-mem_0-nu_02--eval_0,145,0.09110040142874298,5.9720052797780365,44.628489621354184,4.439354803403151,4,80.33574199676514
corridor,random,0.2,constructed,random-mem_0-nu_02--eval_0,57,0.20000000000000012,-22.2463022153269,41.45368837707414,32.78536570070859,2,55.21556258201599
drone,greedy,0.2,constructed,greedy-mem_0-nu_02--eval_0,183,0.19769911964727716,37.21911141759086,30.479681307006246,10.858419405661424,6,45.88646388053894
dpm,greedy,0.2,constructed,greedy-mem_0-nu_02--eval_0,146,0.09117941141014464,5.976253901642797,44.62856267485313,4.4350018222993555,4,77.53095602989197
corridor,random,0.2,constructed,random-mem_0-nu_02--eval_0,58,0.20000000000000012,-22.233914433574643,41.44995878887409,32.779044562296086,2,56.67221450805664
drone,greedy,0.2,constructed,greedy-mem_0-nu_02--eval_0,184,0.1977730904582126,37.2545728746919,30.471967915571184,10.846576042839125,6,44.8163948059082
drone,greedy,0.2,constructed,greedy-mem_0-nu_02--eval_0,185,0.19785380609136063,37.30434802467934,30.461574914577376,10.831363921618895,6,45.094783782958984
corridor,random,0.2,constructed,random-mem_0-nu_02--eval_0,59,0.20000000000000012,-22.228279955002936,41.448437637719955,32.775074170808885,2,58.16955828666687
dpm,greedy,0.2,constructed,greedy-mem_0-nu_02--eval_0,147,0.09125235640921835,5.980265577223874,44.62862652996418,4.430991738184595,4,78.81847429275513
drone,greedy,0.2,constructed,greedy-mem_0-nu_02--eval_0,186,0.19793101502722682,37.35616229874217,30.450539285233695,10.815655562875595,6,48.18296003341675
corridor,random,0.2,constructed,random-mem_0-nu_02--eval_0,60,0.20000000000000012,-22.206423653327548,41.442174673156,32.76543645276437,2,58.77541542053223
drone-b,greedy,0.2,constructed,greedy-mem_0-nu_02--eval_0,18,0.19999999321372872,33.013405412409845,41.14428856181446,10.668784979668843,3,188.80717134475708
dpm,greedy,0.2,constructed,greedy-mem_0-nu_02--eval_0,148,0.09132554393360579,5.984163392682293,44.628692961636496,4.426961782331676,4,79.10166931152344
drone,greedy,0.2,constructed,greedy-mem_0-nu_02--eval_0,187,0.19797653371117407,37.3902720497188,30.443287193688384,10.805194849662117,6,49.27650165557861
corridor,random,0.2,constructed,random-mem_0-nu_02--eval_0,61,0.20000000000000012,-22.20335449153548,41.441388629674464,32.76315419888631,2,60.25070786476135
drone,greedy,0.2,constructed,greedy-mem_0-nu_02--eval_0,188,0.19801377339334708,37.41520711897474,30.438142594718233,10.797844100484468,6,46.379844427108765
dpm,greedy,0.2,constructed,greedy-mem_0-nu_02--eval_0,149,0.09139325562356079,5.987840905235501,44.628753981692554,4.423235427844443,4,80.04894137382507
corridor,random,0.2,constructed,random-mem_0-nu_02--eval_0,62,0.20000000000000012,-22.180690157452187,41.43496730026876,32.75297577250051,2,61.73527669906616
drone,greedy,0.2,constructed,greedy-mem_0-nu_02--eval_0,189,0.19810486473924702,37.461409717613975,30.428357167106693,10.783444749377894,6,48.70345425605774
corridor,random,0.2,constructed,random-mem_0-nu_02--eval_0,63,0.20000000000000012,-22.179806916435336,41.434760015239235,32.751450087017204,2,61.77013301849365
dpm,greedy,0.2,constructed,greedy-mem_0-nu_02--eval_0,150,0.09146013140277423,5.991336538898963,44.628813002576294,4.419556910468378,4,80.09433341026306
drone,greedy,0.2,constructed,greedy-mem_0-nu_02--eval_0,190,0.19816629177925654,37.493569382894556,30.421562314395917,10.7735234537533,6,47.12068748474121
corridor,random,0.2,constructed,random-mem_0-nu_02--eval_0,64,0.20000000000000012,-22.175873262822062,41.43368110922018,32.748967565457534,2,63.72706198692322
drone,greedy,0.2,constructed,greedy-mem_0-nu_02--eval_0,191,0.1982196924165088,37.529373587764,30.413977540440307,10.762738119711292,6,48.17688202857971
dpm,greedy,0.2,constructed,greedy-mem_0-nu_02--eval_0,151,0.09153727093269648,5.995372094378566,44.628877855286916,4.4153183663764946,4,80.04368019104004
drone,greedy,0.2,constructed,greedy-mem_0-nu_02--eval_0,192,0.1982767276868944,37.56817645992595,30.405817912177884,10.750784404281267,6,48.14217829704285
corridor,random,0.2,constructed,random-mem_0-nu_02--eval_0,65,0.20000000000000012,-22.18101754291034,41.43516172995228,32.749460763267344,2,63.3723509311676
drone-b,greedy,0.2,constructed,greedy-mem_0-nu_02--eval_0,19,0.19999999321372872,33.015552513427515,41.14418126922314,10.66811581072775,3,193.09944701194763
dpm,greedy,0.2,constructed,greedy-mem_0-nu_02--eval_0,152,0.09160538734515042,5.998945795033365,44.62893480078598,4.411578696749027,4,81.53127837181091
drone,greedy,0.2,constructed,greedy-mem_0-nu_02--eval_0,193,0.19833435168371583,37.59737697696026,30.399684443481167,10.741597939656302,6,48.647396087646484
corridor,random,0.2,constructed,random-mem_0-nu_02--eval_0,66,0.20000000000000012,-22.174660966751812,41.43343353621483,32.74568860170672,2,65.07571339607239
drone,greedy,0.2,constructed,greedy-mem_0-nu_02--eval_0,194,0.19839805442224234,37.63093425240433,30.392574941327947,10.731307015901109,6,49.33229899406433
corridor,random,0.2,constructed,random-mem_0-nu_02--eval_0,67,0.20000000000000012,-22.15187368103926,41.42678497497262,32.736648907931176,2,66.95862936973572
dpm,greedy,0.2,constructed,greedy-mem_0-nu_02--eval_0,153,0.09168154120257116,6.002864376792154,44.6290042777398,4.4073833917556655,4,85.07176566123962
drone,greedy,0.2,constructed,greedy-mem_0-nu_02--eval_0,195,0.19844427441998838,37.66178023426262,30.386209171885476,10.72222367215966,6,48.93006730079651
corridor,random,0.2,constructed,random-mem_0-nu_02--eval_0,68,0.20000000000000012,-22.137124196563185,41.42255914363681,32.729980202589026,2,66.06953358650208
drone,greedy,0.2,constructed,greedy-mem_0-nu_02--eval_0,196,0.19847798524247548,37.693728212769145,30.379340213605165,10.712703296158136,6,48.68767595291138
dpm,greedy,0.2,constructed,greedy-mem_0-nu_02--eval_0,154,0.09173945668178599,6.005941059846858,44.62905212524978,4.404205048194143,4,83.42115354537964
corridor,random,0.2,constructed,random-mem_0-nu_02--eval_0,69,0.20000000000000012,-22.142458550136233,41.42409746636572,32.72967983392695,2,67.60628199577332
drone,greedy,0.2,constructed,greedy-mem_0-nu_02--eval_0,197,0.19852712113516396,37.72346096100006,30.373126550474574,10.703566877087043,6,49.31068706512451
drone-b,greedy,0.2,constructed,greedy-mem_0-nu_02--eval_0,20,0.19999999321372872,33.03769410736948,41.142491797614625,10.661317075852164,3,189.05398225784302
dpm,greedy,0.2,constructed,greedy-mem_0-nu_02--eval_0,155,0.09180444068377075,6.009439338757668,44.629108989309884,4.400632643572476,4,85.05794334411621
drone,greedy,0.2,constructed,greedy-mem_0-nu_02--eval_0,198,0.19858210240495083,37.75991656124808,30.36551740520593,10.692597350685608,6,49.90395927429199
corridor,random,0.2,constructed,random-mem_0-nu_02--eval_0,70,0.20000000000000012,-22.14068325420678,41.42362481457012,32.72833886921908,2,69.34108591079712
drone,greedy,0.2,constructed,greedy-mem_0-nu_02--eval_0,199,0.19862362590477672,37.788131944496236,30.359679691826884,10.683893832138583,6,49.449254274368286
dpm,greedy,0.2,constructed,greedy-mem_0-nu_02--eval_0,156,0.09187846705470992,6.0133395074182765,44.62917524197091,4.396559780460985,4,86.52652263641357
corridor,random,0.2,constructed,random-mem_0-nu_02--eval_0,71,0.20000000000000012,-22.132568644968302,41.421295507141906,32.72494966125905,2,70.83557152748108
drone,greedy,0.2,constructed,greedy-mem_0-nu_02--eval_0,200,0.19866614703352772,37.81291407911051,30.35443035810703,10.676167616308007,6,52.365013122558594
corridor,random,0.2,constructed,random-mem_0-nu_02--eval_0,72,0.20000000000000012,-22.13194525786697,41.42113439685448,32.72273386022713,2,70.5845034122467
dpm,greedy,0.2,constructed,greedy-mem_0-nu_02--eval_0,157,0.09195020423861233,6.0170383954399345,44.62923594369025,4.392621029531002,4,86.38341784477234
drone,greedy,0.2,constructed,greedy-mem_0-nu_02--eval_0,201,0.1987344982243005,37.849379883289714,30.346858963822122,10.665142360743921,6,50.641568183898926
corridor,random,0.2,constructed,random-mem_0-nu_02--eval_0,73,0.20000000000000012,-22.13082371093332,41.42086359899414,32.72129186357229,2,71.52606868743896
drone,greedy,0.2,constructed,greedy-mem_0-nu_02--eval_0,202,0.19881104751925033,37.89164050950726,30.33786038207837,10.652161214690071,6,50.723291873931885
dpm,greedy,0.2,constructed,greedy-mem_0-nu_02--eval_0,158,0.09203014281509278,6.02119144102322,44.62930330458164,4.388230264775729,4,86.50962996482849
drone-b,greedy,0.2,constructed,greedy-mem_0-nu_02--eval_0,21,0.19999999321372872,33.03769410736948,41.14249179761472,10.661317075852168,3,190.11785745620728
drone,greedy,0.2,constructed,greedy-mem_0-nu_02--eval_0,203,0.19886055042531806,37.91768500860037,30.332365640584534,10.643981547621218,6,51.36774682998657
corridor,random,0.2,constructed,random-mem_0-nu_02--eval_0,74,0.20000000000000012,-22.135227580833075,41.42212198955568,32.72177183422125,2,72.95495915412903
dpm,greedy,0.2,constructed,greedy-mem_0-nu_02--eval_0,159,0.09208987127148505,6.02424945516421,44.62934902336072,4.384959701812548,4,88.26391935348511
drone,greedy,0.2,constructed,greedy-mem_0-nu_02--eval_0,204,0.1988900680521507,37.94682848635606,30.326271378661147,10.635434277422465,6,50.872873306274414
corridor,random,0.2,constructed,random-mem_0-nu_02--eval_0,75,0.20000000000000012,-22.129844219225614,41.420561728075924,32.71937330439012,2,75.95438170433044
drone,greedy,0.2,constructed,greedy-mem_0-nu_02--eval_0,205,0.19898854654055015,37.99892722361581,30.315149829113565,10.61847846503016,6,54.42059898376465
dpm,greedy,0.2,constructed,greedy-mem_0-nu_02--eval_0,160,0.09214602912529188,6.027164037210035,44.62939539655346,4.3818801346736365,4,93.29254388809204
corridor,random,0.2,constructed,random-mem_0-nu_02--eval_0,76,0.20000000000000012,-22.12279619144561,41.41858317603878,32.714686727807056,2,76.7985770702362
drone,greedy,0.2,constructed,greedy-mem_0-nu_02--eval_0,206,0.1990477426935881,38.02503003705976,30.309812424027722,10.610275071916911,6,52.15518307685852
corridor,random,0.2,constructed,random-mem_0-nu_02--eval_0,77,0.20000000000000012,-22.121391463414774,41.41820724978783,32.71399131920621,2,76.50315976142883
drone,greedy,0.2,constructed,greedy-mem_0-nu_02--eval_0,207,0.19912628214426556,38.07385052154885,30.299607591840918,10.595489969749268,6,52.08442974090576
dpm,greedy,0.2,constructed,greedy-mem_0-nu_02--eval_0,161,0.09222113408391944,6.031344720413289,44.629468164212454,4.377736173075374,4,90.68465781211853
drone-b,greedy,0.2,constructed,greedy-mem_0-nu_02--eval_0,22,0.19999999321372872,33.03769410736948,41.14249179761463,10.661317075852166,3,190.3229570388794
drone,greedy,0.2,constructed,greedy-mem_0-nu_02--eval_0,208,0.1991799467919527,38.112599990188066,30.291492061894093,10.584168675555818,6,53.105764865875244
corridor,random,0.2,constructed,random-mem_0-nu_02--eval_0,78,0.20000000000000012,-22.118592987561353,41.41742484225098,32.71275999541215,2,77.35752081871033
dpm,greedy,0.2,constructed,greedy-mem_0-nu_02--eval_0,162,0.09229093116744647,6.034876090853339,44.629526424704515,4.373903634603248,4,92.23389530181885
drone,greedy,0.2,constructed,greedy-mem_0-nu_02--eval_0,209,0.1992242318574746,38.13696797223027,30.286414209384297,10.57673564601123,6,53.277607917785645
corridor,random,0.2,constructed,random-mem_0-nu_02--eval_0,79,0.20000000000000012,-22.09105948223134,41.409169922196654,32.70129450650154,2,78.71366620063782
drone,greedy,0.2,constructed,greedy-mem_0-nu_02--eval_0,210,0.19928558322627615,38.17742631589175,30.277778880456037,10.564422392159688,6,55.03390455245972
dpm,greedy,0.2,constructed,greedy-mem_0-nu_02--eval_0,163,0.09236132614296332,6.038482149405247,44.629587795598404,4.370034217519938,4,94.63330435752869
corridor,random,0.2,constructed,random-mem_0-nu_02--eval_0,80,0.20000000000000012,-22.069631714202423,41.402987678779745,32.69310187738999,2,79.3006796836853
drone,greedy,0.2,constructed,greedy-mem_0-nu_02--eval_0,211,0.1993331050741078,38.20996491658112,30.271015181954887,10.55467866063766,6,54.00198817253113
dpm,greedy,0.2,constructed,greedy-mem_0-nu_02--eval_0,164,0.0924347174272824,6.042330524255991,44.629656354383,4.3659882313457645,4,94.80706834793091
drone,greedy,0.2,constructed,greedy-mem_0-nu_02--eval_0,212,0.19939681098513368,38.2532246048508,30.261924109614018,10.541624930691906,6,53.750608921051025
corridor,random,0.2,constructed,random-mem_0-nu_02--eval_0,81,0.20000000000000012,-22.056370628988542,41.399276548023444,32.687303148720275,2,80.66146969795227
drone-b,greedy,0.2,constructed,greedy-mem_0-nu_02--eval_0,23,0.19999999321372872,33.04777152281564,41.14173854990145,10.658069102255471,3,195.46577644348145
drone,greedy,0.2,constructed,greedy-mem_0-nu_02--eval_0,213,0.19947995884280992,38.293000550435394,30.253591997078807,10.529161938899623,6,55.620726108551025
corridor,random,0.2,constructed,random-mem_0-nu_02--eval_0,82,0.20000000000000012,-22.047500550794076,41.396803560245814,32.68236757457686,2,81.46379160881042
dpm,greedy,0.2,constructed,greedy-mem_0-nu_02--eval_0,165,0.09249723017724965,6.045533824202389,44.62970811791582,4.362554859109382,4,102.20753908157349
drone,greedy,0.2,constructed,greedy-mem_0-nu_02--eval_0,214,0.19955842020996709,38.34071479018651,30.243236920480037,10.514214931197765,6,54.90129327774048
corridor,random,0.2,constructed,random-mem_0-nu_02--eval_0,83,0.20000000000000012,-22.04293411155664,41.39546481804416,32.67984286585822,2,83.76446032524109
drone,greedy,0.2,constructed,greedy-mem_0-nu_02--eval_0,215,0.19961917014186792,38.363749265808664,30.238431854147308,10.506690151688009,6,58.03635287284851
dpm,greedy,0.2,constructed,greedy-mem_0-nu_02--eval_0,166,0.09255772029423551,6.048726985352872,44.629762275231556,4.359225894443921,4,97.81036043167114
drone,greedy,0.2,constructed,greedy-mem_0-nu_02--eval_0,216,0.19967845345466617,38.408765907881275,30.228999237456463,10.493731907663475,6,55.14487051963806
corridor,random,0.2,constructed,random-mem_0-nu_02--eval_0,84,0.20000000000000012,-22.04435184013767,41.395879896412424,32.67976656891703,2,84.08811283111572
dpm,greedy,0.2,constructed,greedy-mem_0-nu_02--eval_0,167,0.09262342821107221,6.052116759309186,44.62982252097027,4.3556073296924955,4,95.7199776172638
drone,greedy,0.2,constructed,greedy-mem_0-nu_02--eval_0,217,0.19971485958078974,38.42957000432202,30.224750420355054,10.487641071947477,6,56.30595326423645
corridor,random,0.2,constructed,random-mem_0-nu_02--eval_0,85,0.20000000000000012,-22.04536119807604,41.396174222146186,32.67943810857018,2,84.88436889648438
drone-b,greedy,0.2,constructed,greedy-mem_0-nu_02--eval_0,24,0.19999999321372872,33.04777152281564,41.14173854990143,10.658069102255466,3,197.52634954452515
drone,greedy,0.2,constructed,greedy-mem_0-nu_02--eval_0,218,0.19978680674279584,38.46811244050329,30.21670548267513,10.475620277475567,6,56.65552735328674
dpm,greedy,0.2,constructed,greedy-mem_0-nu_02--eval_0,168,0.09268778113982232,6.055679292871691,44.629882955919875,4.352059533500666,4,103.60217523574829
corridor,random,0.2,constructed,random-mem_0-nu_02--eval_0,86,0.20000000000000012,-22.04057910203031,41.39483337871783,32.677131824839485,2,85.94785475730896
drone,greedy,0.2,constructed,greedy-mem_0-nu_02--eval_0,219,0.19982963721899638,38.4983414331129,30.210338987136787,10.466515749162413,6,57.02945160865784
drone,greedy,0.2,constructed,greedy-mem_0-nu_02--eval_0,220,0.1998606769062674,38.53288325665358,30.202999111411295,10.456504736076393,6,57.92922592163086
dpm,greedy,0.2,constructed,greedy-mem_0-nu_02--eval_0,169,0.09275683205273372,6.059350509724162,44.6299443191487,4.348259123844406,4,101.23742628097534
corridor,random,0.2,constructed,random-mem_0-nu_02--eval_0,87,0.20000000000000012,-22.03356599584714,41.39282736688123,32.67350464073279,2,88.11058378219604
drone,greedy,0.2,constructed,greedy-mem_0-nu_02--eval_0,221,0.19994184385533192,38.580573474786625,30.192861161924952,10.442161576452182,6,57.2821524143219
corridor,random,0.2,constructed,random-mem_0-nu_02--eval_0,88,0.20000000000000012,-22.012068852144058,41.38643213254722,32.66505999110817,2,88.34079909324646
dpm,greedy,0.2,constructed,greedy-mem_0-nu_02--eval_0,170,0.09281705050746059,6.062492255973154,44.62999277974851,4.344955910589499,4,98.30495643615723
drone,greedy,0.2,constructed,greedy-mem_0-nu_02--eval_0,222,0.1999891237420308,38.61809905162237,30.184833916093794,10.430665217292486,6,57.92762732505798
drone-b,greedy,0.2,constructed,greedy-mem_0-nu_02--eval_0,25,0.19999999321372872,33.04777152281562,41.14173854990152,10.658069102255451,3,189.6707842350006
corridor,random,0.2,constructed,random-mem_0-nu_02--eval_0,89,0.20000000000000012,-22.002812060006608,41.383777101193665,32.6612365623651,2,90.4368462562561
drone,greedy,0.2,constructed,greedy-mem_0-nu_02--eval_0,223,0.1999999990365431,38.623928689735415,30.183634485306644,10.428754369946148,6,58.65893316268921
dpm,greedy,0.2,constructed,greedy-mem_0-nu_02--eval_0,171,0.09287255070080037,6.065502993891155,44.63003715338,4.341913460611882,4,100.98722910881042
drone,greedy,0.2,constructed,greedy-mem_0-nu_02--eval_0,224,0.19999999963714712,38.63069050240155,30.182231329753513,10.426868952113614,6,60.6363582611084
corridor,random,0.2,constructed,random-mem_0-nu_02--eval_0,90,0.20000000000000012,-22.00092613276167,41.383255842597734,32.660148093615,2,91.48103404045105
dpm,greedy,0.2,constructed,greedy-mem_0-nu_02--eval_0,172,0.09293791714345756,6.06882783447582,44.63009140684777,4.338326171611252,4,103.94344234466553
drone,greedy,0.2,constructed,greedy-mem_0-nu_02--eval_0,225,0.1999999999454734,38.63953944065713,30.180372311461532,10.424442332371527,6,61.3672821521759
corridor,random,0.2,constructed,random-mem_0-nu_02--eval_0,91,0.20000000000000012,-21.998334874689185,41.38251929211596,32.658997869543114,2,91.9993302822113
drone,greedy,0.2,constructed,greedy-mem_0-nu_02--eval_0,226,0.1999999999488857,38.64835114745542,30.178592730792694,10.42203005972559,6,62.55135536193848
dpm,greedy,0.2,constructed,greedy-mem_0-nu_02--eval_0,173,0.09300165240363423,6.072156845812664,44.63014744971057,4.334805947138222,4,100.78733396530151
drone-b,greedy,0.2,constructed,greedy-mem_0-nu_02--eval_0,26,0.19999999321372872,33.05572857305617,41.14123689648313,10.655973637957093,3,196.48752880096436
corridor,random,0.2,constructed,random-mem_0-nu_02--eval_0,92,0.20000000000000012,-21.994674641084902,41.381514346573624,32.65680828161365,2,93.50109267234802
drone,greedy,0.2,constructed,greedy-mem_0-nu_02--eval_0,227,0.1999999999747493,38.660050103369024,30.176149382591657,10.418751308521895,6,64.7005877494812
dpm,greedy,0.2,constructed,greedy-mem_0-nu_02--eval_0,174,0.09307642372989437,6.07602995295009,44.63021354944619,4.330691610540576,4,106.33027076721191
drone,greedy,0.2,constructed,greedy-mem_0-nu_02--eval_0,228,0.1999999999747493,38.662834987899785,30.175594616866817,10.418035869489204,6,65.70222163200378
corridor,random,0.2,constructed,random-mem_0-nu_02--eval_0,93,0.20000000000000012,-21.991329474067594,41.38062549603236,32.65491833130022,2,95.21396803855896
drone,greedy,0.2,constructed,greedy-mem_0-nu_02--eval_0,229,0.1999999999747493,38.67075965911401,30.173952801391735,10.415949558450922,6,67.96901082992554
dpm,greedy,0.2,constructed,greedy-mem_0-nu_02--eval_0,175,0.09313701163818312,6.079192921354036,44.63026381778389,4.3273667041965025,4,106.74630069732666
corridor,random,0.2,constructed,random-mem_0-nu_02--eval_0,94,0.20000000000000012,-21.990851989973134,41.38050520002161,32.654359419716926,2,97.10936975479126
drone,greedy,0.2,constructed,greedy-mem_0-nu_02--eval_0,230,0.1999999999747493,38.67702407197757,30.172663439661903,10.414098096895056,6,68.60624980926514
dpm,greedy,0.2,constructed,greedy-mem_0-nu_02--eval_0,176,0.09319620708753779,6.082209487481691,44.6303135654396,4.324114715449121,4,105.41280674934387
corridor,random,0.2,constructed,random-mem_0-nu_02--eval_0,95,0.20000000000000015,-21.986637732439366,41.379382276943666,32.65174184647249,2,96.55266165733337
drone-b,greedy,0.2,constructed,greedy-mem_0-nu_02--eval_0,27,0.19999999321372872,33.05572857305617,41.14123689648317,10.655973637957098,3,190.30477738380432
drone,greedy,0.2,constructed,greedy-mem_0-nu_02--eval_0,231,0.19999999997518328,38.68290709768245,30.171406293560693,10.412503489100015,6,70.46617126464844
drone,greedy,0.2,constructed,greedy-mem_0-nu_02--eval_0,232,0.19999999997518328,38.69202121155958,30.169484481911663,10.41000696997519,6,71.11763143539429
corridor,random,0.2,constructed,random-mem_0-nu_02--eval_0,96,0.20000000000000015,-21.98245405699962,41.37825215393809,32.64924509180918,2,96.45563530921936
dpm,greedy,0.2,constructed,greedy-mem_0-nu_02--eval_0,177,0.0932629236319173,6.085552186723831,44.63036613589801,4.320456626211376,4,107.25890755653381
drone,greedy,0.2,constructed,greedy-mem_0-nu_02--eval_0,233,0.1999999999763043,38.69794930762177,30.1682856162409,10.408409085501068,6,78.58053541183472
corridor,random,0.2,constructed,random-mem_0-nu_02--eval_0,97,0.20000000000000015,-21.98143830891867,41.3780346616042,32.6474771066095,2,101.00079321861267
dpm,greedy,0.2,constructed,greedy-mem_0-nu_02--eval_0,178,0.09332928982609776,6.089094442769834,44.63043241877217,4.316790677939315,4,110.81185531616211
drone,greedy,0.2,constructed,greedy-mem_0-nu_02--eval_0,234,0.1999999999763043,38.70419497451513,30.167027693427265,10.406767643834222,6,74.79357600212097
corridor,random,0.2,constructed,random-mem_0-nu_02--eval_0,98,0.20000000000000015,-21.976393714326903,41.37673098640309,32.64441569656837,2,100.14409041404724
drone-b,greedy,0.2,constructed,greedy-mem_0-nu_02--eval_0,28,0.19999999910668995,33.05578606274415,41.1412332720375,10.655958498227555,3,200.02190613746643
dpm,greedy,0.2,constructed,greedy-mem_0-nu_02--eval_0,179,0.09339201901853338,6.092331126988476,44.6304841389575,4.313345055837056,4,112.41467308998108
drone,greedy,0.2,constructed,greedy-mem_0-nu_02--eval_0,235,0.1999999999763043,38.70808488662799,30.16619217957913,10.405744185736522,6,78.06869959831238
corridor,random,0.2,constructed,random-mem_0-nu_02--eval_0,99,0.20000000000000015,-21.967766189554112,41.374298439070884,32.64037831250664,2,101.90168595314026
drone,greedy,0.2,constructed,greedy-mem_0-nu_02--eval_0,236,0.1999999999763043,38.71640526423246,30.16453505309054,10.403522003186088,6,81.2178635597229
dpm,greedy,0.2,constructed,greedy-mem_0-nu_02--eval_0,180,0.09346590543754031,6.0961310292570765,44.630550372661155,4.309278183496595,4,113.17537713050842
corridor,random,0.2,constructed,random-mem_0-nu_02--eval_0,100,0.20000000000000015,-21.963572427975897,41.37319962008933,32.637387370352855,2,105.5353934764862
drone,greedy,0.2,constructed,greedy-mem_0-nu_02--eval_0,237,0.1999999999763043,38.72783641565123,30.16203930715266,10.40023615301568,6,82.35005235671997
dpm,greedy,0.2,constructed,greedy-mem_0-nu_02--eval_0,181,0.09352216294008164,6.099147175420986,44.630594965689816,4.306193136351281,4,115.29665875434875
corridor,random,0.2,constructed,random-mem_0-nu_02--eval_0,101,0.20000000000000015,-21.960054163508055,41.37226928604187,32.63536200165593,2,105.02800631523132
drone,greedy,0.2,constructed,greedy-mem_0-nu_02--eval_0,238,0.1999999999763043,38.73421312399881,30.160751076204157,10.398515187123898,6,83.45835542678833
drone-b,greedy,0.2,constructed,greedy-mem_0-nu_02--eval_0,29,0.19999999910668995,33.0664143658238,41.14044053019319,10.65228044296482,3,199.91978764533997
dpm,greedy,0.2,constructed,greedy-mem_0-nu_02--eval_0,182,0.0935819670214616,6.102330129514245,44.6306473143594,4.302903842579115,4,114.24880719184875
drone,greedy,0.2,constructed,greedy-mem_0-nu_02--eval_0,239,0.1999999999917206,38.73912526185936,30.15975504778219,10.397180110381752,6,83.56214737892151
corridor,random,0.2,constructed,random-mem_0-nu_02--eval_0,102,0.20000000000000015,-21.956629893053634,41.37134596691781,32.63323710559614,2,109.72871732711792
drone,greedy,0.2,constructed,greedy-mem_0-nu_02--eval_0,240,0.1999999999917206,38.7423119612601,30.159109035491568,10.39629228433689,6,87.67081904411316
dpm,greedy,0.2,constructed,greedy-mem_0-nu_02--eval_0,183,0.09363337692195171,6.105073724542764,44.63068875243076,4.300084430754632,4,119.48852586746216
corridor,random,0.2,constructed,random-mem_0-nu_02--eval_0,103,0.20000000000000015,-21.94541570555011,41.36813745341607,32.62828897424265,2,109.14138436317444
drone,greedy,0.2,constructed,greedy-mem_0-nu_02--eval_0,241,0.1999999999917206,38.74689544980214,30.158194179365047,10.395040788511771,6,88.54411125183105
dpm,greedy,0.2,constructed,greedy-mem_0-nu_02--eval_0,184,0.09368200659308387,6.107548245187381,44.630726468711586,4.297421939902739,4,120.545494556427
corridor,random,0.2,constructed,random-mem_0-nu_02--eval_0,104,0.20000000000000015,-21.941245033676847,41.367072131980166,32.625141300631185,2,109.32891893386841
drone-b,greedy,0.2,constructed,greedy-mem_0-nu_02--eval_0,30,0.19999999910668995,33.0664143658238,41.14044053019322,10.652280442964814,3,201.83830428123474
drone,greedy,0.2,constructed,greedy-mem_0-nu_02--eval_0,242,0.199999999999411,38.75506924015518,30.156458797906986,10.392663099691584,6,86.6411337852478
corridor,random,0.2,constructed,random-mem_0-nu_02--eval_0,105,0.20000000000000015,-21.94276433451204,41.36747643755657,32.62460168156103,2,109.64546513557434
dpm,greedy,0.2,constructed,greedy-mem_0-nu_02--eval_0,185,0.09374186102862014,6.110669372265363,44.63077542228944,4.294135613462574,4,119.65511703491211
drone,greedy,0.2,constructed,greedy-mem_0-nu_02--eval_0,243,0.199999999999411,38.77587077981872,30.15200332805479,10.386630379500119,6,91.69855642318726
corridor,random,0.2,constructed,random-mem_0-nu_02--eval_0,106,0.20000000000000015,-21.93830057015421,41.366310211704764,32.62154863116094,2,113.9567437171936
dpm,greedy,0.2,constructed,greedy-mem_0-nu_02--eval_0,186,0.09380748992323909,6.113963596270317,44.63082841578667,4.290537015144553,4,122.17661118507385
drone,greedy,0.2,constructed,greedy-mem_0-nu_02--eval_0,244,0.199999999999411,38.779391250760405,30.15127449196008,10.385668325157715,6,92.33050227165222
corridor,random,0.2,constructed,random-mem_0-nu_02--eval_0,107,0.20000000000000015,-21.936003569926825,41.36571240581128,32.619849773091815,2,111.9677038192749
drone,greedy,0.2,constructed,greedy-mem_0-nu_02--eval_0,245,0.199999999999411,38.7842523258361,30.150281214425377,10.384269655892377,6,90.57953786849976
drone-b,greedy,0.2,constructed,greedy-mem_0-nu_02--eval_0,31,0.199999999149005,33.07728557087996,41.139788207304086,10.649173642704982,3,200.94488167762756
dpm,greedy,0.2,constructed,greedy-mem_0-nu_02--eval_0,187,0.09387103941429925,6.117423104579213,44.63088599226751,4.287035662423979,4,121.33597660064697
drone,greedy,0.2,constructed,greedy-mem_0-nu_02--eval_0,246,0.199999999999411,38.785749784444484,30.149986374787293,10.383863203531368,6,92.23603105545044
corridor,random,0.2,constructed,random-mem_0-nu_02--eval_0,108,0.20000000000000015,-21.93624254281445,41.36576506926077,32.61934913610844,2,111.45914030075073
dpm,greedy,0.2,constructed,greedy-mem_0-nu_02--eval_0,188,0.09394023651416153,6.121181685094005,44.63094855499229,4.283225978676002,4,123.94895458221436
drone,greedy,0.2,constructed,greedy-mem_0-nu_02--eval_0,247,0.19999999999979554,38.79323097808902,30.148400546329746,10.381864917995193,6,95.81239819526672
corridor,random,0.2,constructed,random-mem_0-nu_02--eval_0,109,0.20000000000000015,-21.937071241768344,41.36601635939809,32.619206445097895,2,115.67304587364197
dpm,greedy,0.2,constructed,greedy-mem_0-nu_02--eval_0,189,0.09400585908358872,6.124461727394983,44.6310003371328,4.279629044634554,4,125.59196019172668
drone,greedy,0.2,constructed,greedy-mem_0-nu_02--eval_0,248,0.19999999999979554,38.804824504874134,30.145892139747634,10.37859179127161,6,96.56847167015076
drone-b,greedy,0.2,constructed,greedy-mem_0-nu_02--eval_0,32,0.199999999149005,33.07728557087996,41.13978820730424,10.649173642705,3,203.21756839752197
corridor,random,0.2,constructed,random-mem_0-nu_02--eval_0,110,0.20000000000000015,-21.929559555512498,41.363904336362715,32.615711757296324,2,115.00007176399231
dpm,greedy,0.2,constructed,greedy-mem_0-nu_02--eval_0,190,0.09406588280878064,6.127584710001799,44.6310500736319,4.2763353824484245,4,119.52383732795715
drone,greedy,0.2,constructed,greedy-mem_0-nu_02--eval_0,249,0.19999999999979723,38.81272892478576,30.144193857088368,10.376432441300727,6,95.08807611465454
corridor,random,0.2,constructed,random-mem_0-nu_02--eval_0,111,0.20000000000000015,-21.930215228333424,41.36409299842655,32.615643250734266,2,117.9240357875824
drone,greedy,0.2,constructed,greedy-mem_0-nu_02--eval_0,250,0.19999999999979723,38.82188516855953,30.142268545634177,10.373940233813988,6,99.28623056411743
dpm,greedy,0.2,constructed,greedy-mem_0-nu_02--eval_0,191,0.09412593439377284,6.130804405346503,44.63110577106929,4.273027625263878,4,121.76238751411438
corridor,random,0.2,constructed,random-mem_0-nu_02--eval_0,112,0.20000000000000015,-21.91874556556841,41.360777421415584,32.61057770211307,2,117.07439160346985
drone,greedy,0.2,constructed,greedy-mem_0-nu_02--eval_0,251,0.19999999999979723,38.82925406135064,30.140669351772058,10.371915039094178,6,102.28829097747803
dpm,greedy,0.2,constructed,greedy-mem_0-nu_02--eval_0,192,0.09418484626985989,6.1338455896563255,44.631155313066664,4.2697931238861555,4,123.19222950935364
drone-b,greedy,0.2,constructed,greedy-mem_0-nu_02--eval_0,33,0.199999999149005,33.08604122367529,41.13898770189271,10.64625182971567,3,205.72364735603333
corridor,random,0.2,constructed,random-mem_0-nu_02--eval_0,113,0.20000000000000015,-21.916831380385254,41.360185593768385,32.60938816797505,2,119.86885476112366
drone,greedy,0.2,constructed,greedy-mem_0-nu_02--eval_0,252,0.19999999999979723,38.837429435120356,30.138954669359602,10.36964462229731,6,98.28437304496765
dpm,greedy,0.2,constructed,greedy-mem_0-nu_02--eval_0,193,0.09422777115831812,6.136058766744554,44.6311862236252,4.267447325174124,4,122.31734108924866
corridor,random,0.2,constructed,random-mem_0-nu_02--eval_0,114,0.20000000000000015,-21.9127542098052,41.358995157466865,32.60702217378556,2,119.74213576316833
drone,greedy,0.2,constructed,greedy-mem_0-nu_02--eval_0,253,0.19999999999979723,38.848033133832345,30.13666559367708,10.366693473056245,6,100.43388843536377
dpm,greedy,0.2,constructed,greedy-mem_0-nu_02--eval_0,194,0.09427757260319775,6.138637219288285,44.631226410424105,4.264717990659842,4,122.21483588218689
corridor,random,0.2,constructed,random-mem_0-nu_02--eval_0,115,0.20000000000000015,-21.900676858698574,41.355570934089386,32.60111432867787,2,119.37911939620972
drone,greedy,0.2,constructed,greedy-mem_0-nu_02--eval_0,254,0.19999999999979723,38.85777260793872,30.13459842262002,10.363925416939633,6,100.77504920959473
drone-b,greedy,0.2,constructed,greedy-mem_0-nu_02--eval_0,34,0.199999999149005,33.08604122367529,41.13898770189272,10.64625182971567,3,197.76312637329102
dpm,greedy,0.2,constructed,greedy-mem_0-nu_02--eval_0,195,0.09432585726089837,6.141229044591549,44.63126572068946,4.262068046377862,4,123.62463045120239
drone,greedy,0.2,constructed,greedy-mem_0-nu_02--eval_0,255,0.19999999999979723,38.86988579231717,30.132081001467025,10.360549572283292,6,101.78125762939453
corridor,random,0.2,constructed,random-mem_0-nu_02--eval_0,116,0.20000000000000015,-21.89628617951585,41.354437764507004,32.597931759291484,2,120.32789540290833
drone,safe,0.2,constructed,safe-mem_0-nu_02--eval_0,0,0.00447309900179376,42.52442523071918,30.189735896099446,10.263886809382065,6,2.5581114292144775
drone,safe,0.2,constructed,safe-mem_0-nu_02--eval_0,1,0.004918495794275278,43.91591303433848,29.894256961189203,9.817833543089517,6,3.0292205810546875
drone,safe,0.2,constructed,safe-mem_0-nu_02--eval_0,2,0.005373549979903945,45.333551753338234,29.590489813630786,9.357554648544758,6,3.1243462562561035
drone,safe,0.2,constructed,safe-mem_0-nu_02--eval_0,3,0.0057978567169051564,46.67010766847272,29.29976971173676,8.919637124054605,6,3.2377336025238037
drone,safe,0.2,constructed,safe-mem_0-nu_02--eval_0,4,0.005942282462531266,47.58301546336014,29.10391845025409,8.635193142221889,6,3.234245777130127
drone,safe,0.2,constructed,safe-mem_0-nu_02--eval_0,5,0.00639786988194378,48.74205302703154,28.860703923488458,8.267776468695759,6,3.3384554386138916
drone,safe,0.2,constructed,safe-mem_0-nu_02--eval_0,6,0.00653913491367576,49.37261974356187,28.725379825303886,8.066952860791039,6,3.5443966388702393
drone,safe,0.2,constructed,safe-mem_0-nu_02--eval_0,7,0.006800898020073819,50.19013893251428,28.553518764430702,7.807439209572253,6,3.752163887023926
drone,safe,0.2,constructed,safe-mem_0-nu_02--eval_0,8,0.006967086898483768,50.69667187581879,28.44585875407421,7.6452886673093685,6,3.8998184204101562
dpm,greedy,0.2,constructed,greedy-mem_0-nu_02--eval_0,196,0.09436528794703275,6.143215769675477,44.63129460813976,4.2599125842169645,4,128.82269740104675
drone,safe,0.2,constructed,safe-mem_0-nu_02--eval_0,9,0.007202752017985397,51.31088648525699,28.316751999414247,7.448272870096522,6,4.017789840698242
corridor,random,0.2,constructed,random-mem_0-nu_02--eval_0,117,0.20000000000000015,-21.896464776460025,41.35451734029566,32.597183897197624,2,122.62614154815674
drone,safe,0.2,constructed,safe-mem_0-nu_02--eval_0,10,0.007318243212204638,51.549903449335474,28.267242976348093,7.3727925297753965,6,4.226893663406372
drone,safe,0.2,constructed,safe-mem_0-nu_02--eval_0,11,0.007471847197356778,51.98292524955229,28.17835026770304,7.238051041278481,6,4.407355070114136
drone,safe,0.2,constructed,safe-mem_0-nu_02--eval_0,12,0.007625163955972975,52.44398860335441,28.081199965103547,7.091537096381757,6,4.556906461715698
drone,safe,0.2,constructed,safe-mem_0-nu_02--eval_0,13,0.007777867684224385,52.892655681378315,27.986675816976348,6.949865107826658,6,4.744773864746094
drone,safe,0.2,constructed,safe-mem_0-nu_02--eval_0,14,0.007876439127170402,53.394918309760016,27.877867012520863,6.788881071783498,6,4.8961780071258545
drone,safe,0.2,constructed,safe-mem_0-nu_02--eval_0,15,0.007891738468707759,53.51831740563643,27.852250438114897,6.7505497770711775,6,5.071337461471558
drone,safe,0.2,constructed,safe-mem_0-nu_02--eval_0,16,0.007921999807629598,53.7005379690585,27.813901324703682,6.693632610671601,6,5.260407447814941
drone,safe,0.2,constructed,safe-mem_0-nu_02--eval_0,17,0.008014549820277926,53.99012614554971,27.75364320773915,6.600473926285005,6,5.3464696407318115
drone,safe,0.2,constructed,safe-mem_0-nu_02--eval_0,18,0.008086282636502335,54.29278474589915,27.689836884059883,6.5050307196920505,6,5.477848052978516
drone-b,greedy,0.2,constructed,greedy-mem_0-nu_02--eval_0,35,0.199999999149005,33.08604122367529,41.13898770189271,10.646251829715666,3,195.93198680877686
dpm,greedy,0.2,constructed,greedy-mem_0-nu_02--eval_0,197,0.0944264250387713,6.146358303466399,44.63134281162026,4.256559324807095,4,129.1224057674408
corridor,random,0.2,constructed,random-mem_0-nu_02--eval_0,118,0.20000000000000015,-21.889503436498774,41.35256137795384,32.59404573099012,2,122.91269326210022
drone,safe,0.2,constructed,safe-mem_0-nu_02--eval_0,19,0.008169716534546807,54.6511386160898,27.613340493419525,6.39102923296189,6,5.7391955852508545
drone,safe,0.2,constructed,safe-mem_0-nu_02--eval_0,20,0.008228501560862243,54.837900692479856,27.574644590579524,6.330590310556997,6,5.850776195526123
drone,safe,0.2,constructed,safe-mem_0-nu_02--eval_0,21,0.008272347680402966,54.93499814322639,27.554903370655513,6.299652185663898,6,6.013548374176025
drone,safe,0.2,constructed,safe-mem_0-nu_02--eval_0,22,0.00828227946409266,54.97263036906513,27.547354706618847,6.288109301141856,6,6.192126750946045
drone,safe,0.2,constructed,safe-mem_0-nu_02--eval_0,23,0.008318868820205919,55.11869062088015,27.517653559011695,6.242839821993569,6,6.271395206451416
drone,safe,0.2,constructed,safe-mem_0-nu_02--eval_0,24,0.008335964151190995,55.15554546736314,27.510327791002382,6.231382414510573,6,6.521807432174683
drone,safe,0.2,constructed,safe-mem_0-nu_02--eval_0,25,0.008386914777031846,55.3788836797657,27.464783348332503,6.162965892001417,6,7.093664884567261
drone,safe,0.2,constructed,safe-mem_0-nu_02--eval_0,26,0.008431743744495884,55.479660168783866,27.444513250580805,6.13173481037805,6,6.974408864974976
corridor,random,0.2,constructed,random-mem_0-nu_02--eval_0,119,0.20000000000000015,-21.887436418865516,41.35200060597095,32.59305660155002,2,128.38972783088684
dpm,greedy,0.2,constructed,greedy-mem_0-nu_02--eval_0,198,0.09447167078193919,6.1488238303242975,44.63138132504124,4.254075863352966,4,128.07085752487183
drone,safe,0.2,constructed,safe-mem_0-nu_02--eval_0,27,0.008442281047591663,55.55193244046277,27.429747065373093,6.1101662755993935,6,7.231989145278931
drone,safe,0.2,constructed,safe-mem_0-nu_02--eval_0,28,0.008456321158000317,55.606586250875594,27.41851907863604,6.093238754143447,6,7.325104713439941
drone,safe,0.2,constructed,safe-mem_0-nu_02--eval_0,29,0.008517687610999573,55.745107095956214,27.38836575021342,6.048964730740726,6,7.4836742877960205
drone,safe,0.2,constructed,safe-mem_0-nu_02--eval_0,30,0.008549041299323839,55.90811043526875,27.352612734551176,5.997265312898563,6,7.876413345336914
drone,safe,0.2,constructed,safe-mem_0-nu_02--eval_0,31,0.008561655860472278,55.948079524714814,27.344495641402318,5.984889291716054,6,8.177428483963013
drone,safe,0.2,constructed,safe-mem_0-nu_02--eval_0,32,0.00859416444488978,56.037571086816,27.32639213722177,5.9577294245720624,6,8.143765449523926
drone,safe,0.2,constructed,safe-mem_0-nu_02--eval_0,33,0.008610823177116209,56.09386032860436,27.314559464592566,5.939852018646675,6,8.604762315750122
drone,safe,0.2,constructed,safe-mem_0-nu_02--eval_0,34,0.008685010241361275,56.30635793977735,27.270833104982078,5.875011356982975,6,8.696711778640747
corridor,random,0.2,constructed,random-mem_0-nu_02--eval_0,120,0.20000000000000015,-21.88432664430914,41.351157168630145,32.59145971294661,2,126.8816430568695
dpm,greedy,0.2,constructed,greedy-mem_0-nu_02--eval_0,199,0.09453342062393733,6.1519913546162766,44.63143290757543,4.25068577187358,4,126.7769844532013
drone,safe,0.2,constructed,safe-mem_0-nu_02--eval_0,35,0.008698547693064315,56.35531821751439,27.260744651609443,5.859646999814742,6,9.26913857460022
drone,safe,0.2,constructed,safe-mem_0-nu_02--eval_0,36,0.008779915356860863,56.51029845248657,27.229856239211458,5.809534870650464,6,8.935693264007568
drone,safe,0.2,constructed,safe-mem_0-nu_02--eval_0,37,0.008804569517939521,56.62196487979881,27.20616219714703,5.773199029491155,6,9.063054323196411
drone-b,greedy,0.2,constructed,greedy-mem_0-nu_02--eval_0,36,0.199999999149005,33.08648079998098,41.13896864656225,10.64612885464977,3,198.45816373825073
drone,safe,0.2,constructed,safe-mem_0-nu_02--eval_0,38,0.008842919958645664,56.724994967864944,27.185257468187434,5.741439143009112,6,9.521414995193481
drone,safe,0.2,constructed,safe-mem_0-nu_02--eval_0,39,0.0088852875394161,56.80632186279591,27.169060208750366,5.715429582286717,6,9.585843563079834
drone,safe,0.2,constructed,safe-mem_0-nu_02--eval_0,40,0.008904212133276277,56.874575284139524,27.154753794070754,5.693854170045145,6,9.89714002609253
drone,safe,0.2,constructed,safe-mem_0-nu_02--eval_0,41,0.008946193742266238,56.97265217569776,27.13499165463289,5.6639457096841115,6,9.731266736984253
corridor,random,0.2,constructed,random-mem_0-nu_02--eval_0,121,0.20000000000000015,-21.871722156996793,41.34756761354333,32.58604039470143,2,128.41340351104736
dpm,greedy,0.2,constructed,greedy-mem_0-nu_02--eval_0,200,0.09459427402280876,6.1550737436450245,44.63147930215831,4.247353747471067,4,129.1684868335724
drone,safe,0.2,constructed,safe-mem_0-nu_02--eval_0,42,0.008951216998295725,56.9890711560125,27.131670627667628,5.6587146467528395,6,10.10257339477539
drone,safe,0.2,constructed,safe-mem_0-nu_02--eval_0,43,0.008961768936673727,57.033318305783325,27.12243714064363,5.644922295436719,6,10.266616582870483
drone,safe,0.2,constructed,safe-mem_0-nu_02--eval_0,44,0.008981095183488408,57.10623291116853,27.107379880617355,5.6220401123426,6,10.501282215118408
drone,safe,0.2,constructed,safe-mem_0-nu_02--eval_0,45,0.009003495579195511,57.1632572652248,27.096060167243877,5.604316886394371,6,10.500352382659912
drone,safe,0.2,constructed,safe-mem_0-nu_02--eval_0,46,0.00901302170699547,57.18487691864081,27.091669450412407,5.597520725012341,6,10.73681354522705
drone,safe,0.2,constructed,safe-mem_0-nu_02--eval_0,47,0.009022853835636245,57.23160067206978,27.08196767581405,5.583019178116824,6,10.952902555465698
corridor,random,0.2,constructed,random-mem_0-nu_02--eval_0,122,0.20000000000000015,-21.865246972354814,41.345712361824624,32.583276535848675,2,129.8372983932495
drone,safe,0.2,constructed,safe-mem_0-nu_02--eval_0,48,0.009032371509518607,57.27402213535318,27.07317318200348,5.56988021822311,6,11.24555516242981
dpm,greedy,0.2,constructed,greedy-mem_0-nu_02--eval_0,201,0.0946398944583273,6.157482076286772,44.63151594665097,4.244854526491817,4,133.3603081703186
drone,safe,0.2,constructed,safe-mem_0-nu_02--eval_0,49,0.009040282225192701,57.30513508559239,27.066552066274163,5.559841393774817,6,11.634011507034302
drone,safe,0.2,constructed,safe-mem_0-nu_02--eval_0,50,0.009048152725854422,57.320199112488886,27.063607810113794,5.555168649798012,6,11.500022411346436
drone,safe,0.2,constructed,safe-mem_0-nu_02--eval_0,51,0.009063319742717083,57.34765622307734,27.05796098971884,5.5462187938828595,6,11.919919967651367
drone,safe,0.2,constructed,safe-mem_0-nu_02--eval_0,52,0.009073318036567479,57.382971634843386,27.050491080756625,5.534676404062109,6,12.067714929580688
drone,safe,0.2,constructed,safe-mem_0-nu_02--eval_0,53,0.00909571085248571,57.44192015569985,27.03862044909692,5.516404233174834,6,12.21951699256897
drone-b,greedy,0.2,constructed,greedy-mem_0-nu_02--eval_0,37,0.199999999149005,33.09655821542713,41.13821539884899,10.64288088105306,3,201.76428127288818
corridor,random,0.2,constructed,random-mem_0-nu_02--eval_0,123,0.20000000000000015,-21.850619431604017,41.34155131181965,32.576790598945806,2,130.10939764976501
drone,safe,0.2,constructed,safe-mem_0-nu_02--eval_0,54,0.009119714392711316,57.510254139208996,27.024627712884524,5.494637505252509,6,12.21776294708252
dpm,greedy,0.2,constructed,greedy-mem_0-nu_02--eval_0,202,0.09469412607238628,6.160499048463909,44.63156267761793,4.241876700230113,4,133.00729537010193
drone,safe,0.2,constructed,safe-mem_0-nu_02--eval_0,55,0.009139135395658339,57.631373514901576,26.998949461601015,5.457207315698098,6,12.454639673233032
drone,safe,0.2,constructed,safe-mem_0-nu_02--eval_0,56,0.009157871487272184,57.690189671645726,26.986643550869896,5.438308791081165,6,13.03319239616394
drone,safe,0.2,constructed,safe-mem_0-nu_02--eval_0,57,0.00916484901778341,57.71351091525429,26.981911300230255,5.430966293165496,6,13.114458799362183
drone,safe,0.2,constructed,safe-mem_0-nu_02--eval_0,58,0.009183048268328277,57.76297337227112,26.971930655679117,5.415236563358478,6,13.693737030029297
drone,safe,0.2,constructed,safe-mem_0-nu_02--eval_0,59,0.009194168927125814,57.804291421086376,26.963460070081915,5.402659565464408,6,13.457687377929688
corridor,random,0.2,constructed,random-mem_0-nu_02--eval_0,124,0.20000000000000015,-21.84756381551898,41.340697636820664,32.57543261331107,2,131.9419493675232
drone,safe,0.2,constructed,safe-mem_0-nu_02--eval_0,60,0.00920365059412279,57.837679255639415,26.956465385284602,5.391877397321742,6,14.257453203201294
dpm,greedy,0.2,constructed,greedy-mem_0-nu_02--eval_0,203,0.09474749151307468,6.163227648665444,44.631609279523,4.238943233018411,4,135.42007303237915
drone,safe,0.2,constructed,safe-mem_0-nu_02--eval_0,61,0.00922114958953515,57.886546805510164,26.946537922959678,5.376823782740426,6,14.086241006851196
drone,safe,0.2,constructed,safe-mem_0-nu_02--eval_0,62,0.009233194127928676,57.92472639334983,26.938445107167684,5.364456230372259,6,14.473488569259644
drone,safe,0.2,constructed,safe-mem_0-nu_02--eval_0,63,0.00923978859277058,57.95904041793297,26.93145139668873,5.35373851378148,6,14.410659551620483
drone,safe,0.2,constructed,safe-mem_0-nu_02--eval_0,64,0.009260646767901686,58.06226313274128,26.910255309172012,5.3229366452274105,6,14.674699306488037
drone,safe,0.2,constructed,safe-mem_0-nu_02--eval_0,65,0.009271824504431562,58.098546216739564,26.902851802388597,5.311687196859008,6,14.662789106369019
corridor,random,0.2,constructed,random-mem_0-nu_02--eval_0,125,0.20000000000000015,-21.845192098930518,41.34001026298537,32.574175903626916,2,131.3235170841217
drone,safe,0.2,constructed,safe-mem_0-nu_02--eval_0,66,0.009279072023427622,58.128994062265484,26.896456953406805,5.3018657674325045,6,14.810508251190186
dpm,greedy,0.2,constructed,greedy-mem_0-nu_02--eval_0,204,0.09479996791798395,6.16592489198351,44.63165353585413,4.236061661396482,4,131.18325662612915
drone-b,greedy,0.2,constructed,greedy-mem_0-nu_02--eval_0,38,0.19999999960939258,33.096558238042604,41.138215396412974,10.642880876665254,3,207.0591685771942
drone,safe,0.2,constructed,safe-mem_0-nu_02--eval_0,67,0.009290574688604485,58.172061645606256,26.88755121357984,5.288407207907899,6,15.523787021636963
drone,safe,0.2,constructed,safe-mem_0-nu_02--eval_0,68,0.009307405425217508,58.22381529168295,26.87691725533869,5.2717812183145165,6,15.66220736503601
drone,safe,0.2,constructed,safe-mem_0-nu_02--eval_0,69,0.00931547295853492,58.26857963088739,26.868043771026375,5.2581952322031835,6,15.918644189834595
drone,safe,0.2,constructed,safe-mem_0-nu_02--eval_0,70,0.009336338906795225,58.31221045955231,26.859187412742777,5.244532671419259,6,16.11456799507141
corridor,random,0.2,constructed,random-mem_0-nu_02--eval_0,126,0.20000000000000015,-21.844096688397702,41.33969134007697,32.5734826390865,2,134.58660578727722
drone,safe,0.2,constructed,safe-mem_0-nu_02--eval_0,71,0.009343893761699988,58.34594339803525,26.85241188626837,5.2343155315418874,6,16.578850746154785
drone,safe,0.2,constructed,safe-mem_0-nu_02--eval_0,72,0.009361793502501856,58.41026357742247,26.83900892290668,5.214017351480882,6,16.780429124832153
dpm,greedy,0.2,constructed,greedy-mem_0-nu_02--eval_0,205,0.09485614708130428,6.1689664216370215,44.63170088205072,4.232977894840452,4,134.193541765213
drone,safe,0.2,constructed,safe-mem_0-nu_02--eval_0,73,0.009375118956419288,58.45036838545694,26.83091757662777,5.201743890173359,6,16.861476182937622
drone,safe,0.2,constructed,safe-mem_0-nu_02--eval_0,74,0.009389513350712985,58.502209013511475,26.820415007165195,5.185586881426387,6,17.390149354934692
drone,safe,0.2,constructed,safe-mem_0-nu_02--eval_0,75,0.009404020776462595,58.55948716921254,26.808404517270617,5.167475065980217,6,17.39081645011902
corridor,random,0.2,constructed,random-mem_0-nu_02--eval_0,127,0.20000000000000015,-21.84350890615885,41.339529376480634,32.572711740207964,2,137.38367104530334
drone,safe,0.2,constructed,safe-mem_0-nu_02--eval_0,76,0.00941878071433589,58.59813007910577,26.800470178178255,5.155477553815945,6,17.894651651382446
drone,safe,0.2,constructed,safe-mem_0-nu_02--eval_0,77,0.00942451285664032,58.62907434704185,26.793880253915322,5.1455918422921565,6,18.4854097366333
dpm,greedy,0.2,constructed,greedy-mem_0-nu_02--eval_0,206,0.09491157698898448,6.171821014038715,44.63174908027276,4.229929105416284,4,135.94640469551086
drone,safe,0.2,constructed,safe-mem_0-nu_02--eval_0,78,0.009440065596494374,58.68616406916391,26.782209304250426,5.127723510063422,6,18.73142147064209
drone-b,greedy,0.2,constructed,greedy-mem_0-nu_02--eval_0,39,0.19999999960939258,33.10746271495563,41.13740995305053,10.63913270474405,3,199.99731278419495
drone,safe,0.2,constructed,safe-mem_0-nu_02--eval_0,79,0.00945272297636426,58.72340318357628,26.774568565744097,5.1157682493060745,6,18.757178783416748
drone,safe,0.2,constructed,safe-mem_0-nu_02--eval_0,80,0.009461741722273091,58.754980080952215,26.768100315277792,5.105918034776173,6,19.112244844436646
corridor,random,0.2,constructed,random-mem_0-nu_02--eval_0,128,0.20000000000000015,-21.838651244789236,41.33827538045997,32.56952046691266,2,136.72041583061218
drone,safe,0.2,constructed,safe-mem_0-nu_02--eval_0,81,0.009477323283776566,58.813130390205124,26.756093129151072,5.087682232515621,6,19.139334201812744
drone,safe,0.2,constructed,safe-mem_0-nu_02--eval_0,82,0.009491540429827056,58.86631491021516,26.74528050981642,5.071359075555147,6,19.508681297302246
dpm,greedy,0.2,constructed,greedy-mem_0-nu_02--eval_0,207,0.09495994200497476,6.174287909321375,44.63178827287854,4.2272769013900255,4,136.12629389762878
drone,safe,0.2,constructed,safe-mem_0-nu_02--eval_0,83,0.009506708362058686,58.90959049806356,26.736505379520366,5.057613883005099,6,20.14892268180847
drone,safe,0.2,constructed,safe-mem_0-nu_02--eval_0,84,0.009525908045601026,58.954681401505255,26.72734773047553,5.0434843859605785,6,19.96919012069702
drone,safe,0.2,constructed,safe-mem_0-nu_02--eval_0,85,0.009534032068633562,58.99257475346138,26.71960438152821,5.031811082064815,6,20.329667568206787
corridor,random,0.2,constructed,random-mem_0-nu_02--eval_0,129,0.20000000000000015,-21.83430874864697,41.337057828375656,32.566116736691924,2,138.70449924468994
drone,safe,0.2,constructed,safe-mem_0-nu_02--eval_0,86,0.0095446580605368,59.035774123009816,26.710595106217284,5.018091521180665,6,20.6596200466156
drone,safe,0.2,constructed,safe-mem_0-nu_02--eval_0,87,0.009549526868890046,59.0504112422583,26.707532784572514,5.013463776139187,6,20.959603309631348
dpm,greedy,0.2,constructed,greedy-mem_0-nu_02--eval_0,208,0.09501990539916301,6.1773344980301985,44.6318388952942,4.22398442077538,4,137.51046895980835
drone,safe,0.2,constructed,safe-mem_0-nu_02--eval_0,88,0.00955901276562926,59.09010715255063,26.699338315610554,5.001070851945056,6,21.09812879562378
drone,safe,0.2,constructed,safe-mem_0-nu_02--eval_0,89,0.00956401902413082,59.10421591863531,26.696512794605635,4.9965024743540285,6,21.34732437133789
drone-b,greedy,0.2,constructed,greedy-mem_0-nu_02--eval_0,40,0.19999999960939258,33.11776348295011,41.13646818197819,10.635695277697772,3,199.3205442428589
drone,safe,0.2,constructed,safe-mem_0-nu_02--eval_0,90,0.00957926094346388,59.16373331260628,26.684118664783185,4.977523845061302,6,21.606441259384155
corridor,random,0.2,constructed,random-mem_0-nu_02--eval_0,130,0.20000000000000015,-21.82990907753485,41.335897066011704,32.563448384405014,2,139.13379049301147
drone,safe,0.2,constructed,safe-mem_0-nu_02--eval_0,91,0.009594567111027182,59.22082842719638,26.67217942973214,4.959206671120367,6,21.981028079986572
dpm,greedy,0.2,constructed,greedy-mem_0-nu_02--eval_0,209,0.09507731425361272,6.180320857481011,44.63188921275817,4.220829538148963,4,136.2731466293335
drone,safe,0.2,constructed,safe-mem_0-nu_02--eval_0,92,0.009608229617282697,59.26467038469542,26.66321354205481,4.945589253181602,6,22.214454174041748
drone,safe,0.2,constructed,safe-mem_0-nu_02--eval_0,93,0.009631523877094334,59.322155817089666,26.651308968050753,4.927202579515578,6,22.717370986938477
drone,safe,0.2,constructed,safe-mem_0-nu_02--eval_0,94,0.009643872265660878,59.35318524437838,26.645261635353634,4.917638422152374,6,23.33899426460266
corridor,random,0.2,constructed,random-mem_0-nu_02--eval_0,131,0.20000000000000015,-21.825904992397675,41.33475155438647,32.56165201981048,2,142.68914890289307
drone,safe,0.2,constructed,safe-mem_0-nu_02--eval_0,95,0.009651435789678978,59.37712690602852,26.640489957174044,4.910320865190217,6,23.54816198348999
drone,safe,0.2,constructed,safe-mem_0-nu_02--eval_0,96,0.00966856848194334,59.43000859115042,26.62963022276152,4.893781162096029,6,22.855600118637085
dpm,greedy,0.2,constructed,greedy-mem_0-nu_02--eval_0,210,0.09512513634516398,6.182730143974595,44.63192999402355,4.218202014827081,4,141.74896335601807
drone,safe,0.2,constructed,safe-mem_0-nu_02--eval_0,97,0.009673270526753569,59.462618594776075,26.622790662585235,4.883754667316662,6,24.804662942886353
drone,safe,0.2,constructed,safe-mem_0-nu_02--eval_0,98,0.009685699624732282,59.50275937383431,26.61435587286488,4.870774083220511,6,23.27039933204651
corridor,random,0.2,constructed,random-mem_0-nu_02--eval_0,132,0.20000000000000015,-21.820792375405922,41.333308581960594,32.55927767026445,2,140.50973176956177
drone,safe,0.2,constructed,safe-mem_0-nu_02--eval_0,99,0.00969728323216367,59.538313891041796,26.607041627519592,4.859871120024026,6,24.091044902801514
drone,safe,0.2,constructed,safe-mem_0-nu_02--eval_0,100,0.009712056110351582,59.585314640628724,26.597448426571905,4.845023247000806,6,24.075754165649414
drone-b,greedy,0.2,constructed,greedy-mem_0-nu_02--eval_0,41,0.19999999982096775,33.11776350153592,41.136468180642886,10.63569527442547,3,205.8470938205719
dpm,greedy,0.2,constructed,greedy-mem_0-nu_02--eval_0,211,0.09517622013193514,6.185289437516421,44.63196730582767,4.2154089918860835,4,144.2011935710907
drone,safe,0.2,constructed,safe-mem_0-nu_02--eval_0,101,0.009717099736470228,59.60538623510398,26.593408523938145,4.838926844275856,6,24.831437826156616
drone,safe,0.2,constructed,safe-mem_0-nu_02--eval_0,102,0.00973137596961523,59.6473279571577,26.584853272339547,4.825638844976517,6,24.66897702217102
drone,safe,0.2,constructed,safe-mem_0-nu_02--eval_0,103,0.009740225497121904,59.669347348652266,26.580249951882593,4.81870800971135,6,24.955665826797485
corridor,random,0.2,constructed,random-mem_0-nu_02--eval_0,133,0.20000000000000015,-21.815123582608322,41.3317076951498,32.55596198684519,2,142.69652485847473
drone,safe,0.2,constructed,safe-mem_0-nu_02--eval_0,104,0.009746831916658948,59.69274114190438,26.575520286343053,4.811579785005077,6,25.91908288002014
dpm,greedy,0.2,constructed,greedy-mem_0-nu_02--eval_0,212,0.09522248091297739,6.187729292764411,44.63200087672321,4.21288151460256,4,143.15018892288208
drone,safe,0.2,constructed,safe-mem_0-nu_02--eval_0,105,0.009759127926221377,59.72770054422977,26.56842613741385,4.800798735922253,6,25.431491136550903
drone,safe,0.2,constructed,safe-mem_0-nu_02--eval_0,106,0.009767487095306364,59.75193224545927,26.563330711240553,4.7931794071035885,6,25.978697538375854
drone,safe,0.2,constructed,safe-mem_0-nu_02--eval_0,107,0.009774913524501933,59.782455779208036,26.557151657846692,4.78384453832063,6,26.217527866363525
corridor,random,0.2,constructed,random-mem_0-nu_02--eval_0,134,0.20000000000000015,-21.814168929034377,41.331472492145316,32.55480729615312,2,143.57220101356506
drone,safe,0.2,constructed,safe-mem_0-nu_02--eval_0,108,0.00978965941192956,59.82165569331545,26.549421501087267,4.7717413888130675,6,26.217753171920776
drone,safe,0.2,constructed,safe-mem_0-nu_02--eval_0,109,0.009798190559009712,59.860097423869625,26.54155051938467,4.75963957313595,6,26.82314658164978
drone-b,greedy,0.2,constructed,greedy-mem_0-nu_02--eval_0,42,0.19999999982096775,33.11776350153592,41.136468180642986,10.635695274425471,3,197.69559860229492
dpm,greedy,0.2,constructed,greedy-mem_0-nu_02--eval_0,213,0.09526900332769905,6.190078508516274,44.63203594889436,4.21033708871832,4,144.02427291870117
drone,safe,0.2,constructed,safe-mem_0-nu_02--eval_0,110,0.00980702998034393,59.88595030484153,26.5362496759853,4.7515241496534015,6,27.20537567138672
drone,safe,0.2,constructed,safe-mem_0-nu_02--eval_0,111,0.009814573615008641,59.91135335181941,26.531048497541573,4.7433455777363935,6,30.732650995254517
corridor,random,0.2,constructed,random-mem_0-nu_02--eval_0,135,0.20000000000000015,-21.813118924631343,41.33127479981202,32.55253905244251,2,145.40923810005188
drone,safe,0.2,constructed,safe-mem_0-nu_02--eval_0,112,0.009822000032940452,59.94464825294382,26.524048695939193,4.732877449634802,6,27.167561769485474
drone,safe,0.2,constructed,safe-mem_0-nu_02--eval_0,113,0.009844788035142344,59.99538175919865,26.513575827353215,4.716857152442723,6,27.678040027618408
dpm,greedy,0.2,constructed,greedy-mem_0-nu_02--eval_0,214,0.09530786925336565,6.1920473908098845,44.6320641550025,4.208214206162621,4,142.44524693489075
drone,safe,0.2,constructed,safe-mem_0-nu_02--eval_0,114,0.009849407522230399,60.01294195997234,26.509974021773434,4.7114313391048475,6,28.01126503944397
corridor,random,0.2,constructed,random-mem_0-nu_02--eval_0,136,0.20000000000000015,-21.811004486257634,41.33066952059046,32.55099206730874,2,146.72861218452454
drone,safe,0.2,constructed,safe-mem_0-nu_02--eval_0,115,0.009855086471814729,60.02843215379663,26.50695069301541,4.7066287953119135,6,28.13708209991455
drone,safe,0.2,constructed,safe-mem_0-nu_02--eval_0,116,0.009874181468529555,60.07666966110215,26.49719534626178,4.691424203900005,6,28.62709617614746
drone,safe,0.2,constructed,safe-mem_0-nu_02--eval_0,117,0.00988003312376347,60.10251602262392,26.491937780393666,4.683272828257222,6,28.785220861434937
dpm,greedy,0.2,constructed,greedy-mem_0-nu_02--eval_0,215,0.09537432502669074,6.195452001834756,44.63211547919935,4.204575260863536,4,143.10043692588806
drone-b,greedy,0.2,constructed,greedy-mem_0-nu_02--eval_0,43,0.19999999996395487,33.117763501392936,41.136468180643014,10.635695272965426,3,206.7616412639618
drone,safe,0.2,constructed,safe-mem_0-nu_02--eval_0,118,0.009890597252043328,60.136324182133556,26.48506307557223,4.672827448335378,6,29.506922960281372
corridor,random,0.2,constructed,random-mem_0-nu_02--eval_0,137,0.20000000000000015,-21.804399667479764,41.32880067343342,32.547605956876644,2,151.9241602420807
drone,safe,0.2,constructed,safe-mem_0-nu_02--eval_0,119,0.009913824130759738,60.16775791623964,26.478852114911998,4.6627487151680596,6,30.499603509902954
drone,safe,0.2,constructed,safe-mem_0-nu_02--eval_0,120,0.009919579410666051,60.20140521348532,26.47194311521354,4.652454554063629,6,29.973713874816895
drone,safe,0.2,constructed,safe-mem_0-nu_02--eval_0,121,0.009927556252980661,60.233751922753505,26.465415780157084,4.6422914963284985,6,30.824714183807373
dpm,greedy,0.2,constructed,greedy-mem_0-nu_02--eval_0,216,0.09541872932298251,6.197709409917588,44.63215067966362,4.202143014285974,4,153.96776938438416
drone,safe,0.2,constructed,safe-mem_0-nu_02--eval_0,122,0.00993695530272328,60.259744029060904,26.460098965982198,4.634254285414631,6,30.38192081451416
corridor,random,0.2,constructed,random-mem_0-nu_02--eval_0,138,0.20000000000000015,-21.807262251046247,41.32963913448017,32.54774044566921,2,151.23790860176086
drone,safe,0.2,constructed,safe-mem_0-nu_02--eval_0,123,0.009940593542198126,60.278764570121965,26.456198184446777,4.6283486898954855,6,30.804447650909424
drone,safe,0.2,constructed,safe-mem_0-nu_02--eval_0,124,0.009946354544766407,60.30109119495027,26.451750227642272,4.621677453995336,6,30.84565281867981
dpm,greedy,0.2,constructed,greedy-mem_0-nu_02--eval_0,217,0.09547206243982193,6.200461958676476,44.632193391208006,4.199218047598177,4,145.4884238243103
drone,safe,0.2,constructed,safe-mem_0-nu_02--eval_0,125,0.009950938165962323,60.322415720216426,26.44737817759432,4.615005137840281,6,31.421210289001465
drone-b,greedy,0.2,constructed,greedy-mem_0-nu_02--eval_0,44,0.19999999996395487,33.117763501392936,41.13646818064298,10.635695272965428,3,199.595294713974
drone,safe,0.2,constructed,safe-mem_0-nu_02--eval_0,126,0.009956913603600608,60.34288634889184,26.443216190277266,4.608611912192657,6,31.98554515838623
corridor,random,0.2,constructed,random-mem_0-nu_02--eval_0,139,0.20000000000000015,-21.79871908595314,41.327139586957855,32.544262711569935,2,148.5561454296112
drone,safe,0.2,constructed,safe-mem_0-nu_02--eval_0,127,0.009962369951548528,60.37587738007534,26.43643510425345,4.598528381450505,6,31.858227968215942
drone,safe,0.2,constructed,safe-mem_0-nu_02--eval_0,128,0.0099711854488028,60.40309631088555,26.43086978565589,4.5901824959674045,6,32.29675579071045
dpm,greedy,0.2,constructed,greedy-mem_0-nu_02--eval_0,218,0.09551893254371263,6.20304730622521,44.632233869584255,4.19664058467135,4,145.49176383018494
drone,safe,0.2,constructed,safe-mem_0-nu_02--eval_0,129,0.00998613837859041,60.45263539861812,26.42065449097481,4.57481433903417,6,33.29412508010864
drone,safe,0.2,constructed,safe-mem_0-nu_02--eval_0,130,0.009994700759335066,60.48582346364497,26.41392370725631,4.56458910066537,6,32.71294569969177
corridor,random,0.2,constructed,random-mem_0-nu_02--eval_0,140,0.20000000000000015,-21.793625691779457,41.32562562060083,32.54194934342527,2,152.24210047721863
drone,safe,0.2,constructed,safe-mem_0-nu_02--eval_0,131,0.009995813150426226,60.49557357872008,26.411961705827213,4.561658929117063,6,33.07822918891907
drone,safe,0.2,constructed,safe-mem_0-nu_02--eval_0,132,0.01000524402811216,60.52614905945891,26.405610175515566,4.552085191934919,6,33.56959080696106
dpm,greedy,0.2,constructed,greedy-mem_0-nu_02--eval_0,219,0.09556281832913549,6.205340258413035,44.632265439644236,4.19424293508047,4,148.83635902404785
drone,safe,0.2,constructed,safe-mem_0-nu_02--eval_0,133,0.010009562091040036,60.54517144270402,26.401668785797053,4.546260493520534,6,33.78305506706238
drone-b,greedy,0.2,constructed,greedy-mem_0-nu_02--eval_0,45,0.19999999996403178,33.117763501942086,41.136468180634644,10.635695272811565,3,200.63693761825562
corridor,random,0.2,constructed,random-mem_0-nu_02--eval_0,141,0.20000000000000015,-21.792615755787303,41.325375507161965,32.54128723744376,2,151.94149732589722
drone,safe,0.2,constructed,safe-mem_0-nu_02--eval_0,134,0.010019449367335115,60.5737756712485,26.3957952351317,4.537317535295276,6,35.397905588150024
drone,safe,0.2,constructed,safe-mem_0-nu_02--eval_0,135,0.01002905238831973,60.602685227722866,26.38986016282212,4.528450152404831,6,34.33226990699768
dpm,greedy,0.2,constructed,greedy-mem_0-nu_02--eval_0,220,0.0956014650104677,6.207328039524177,44.632289879933516,4.192140218230999,4,154.78568363189697
drone,safe,0.2,constructed,safe-mem_0-nu_02--eval_0,136,0.010032206482515061,60.6273006346232,26.384777955648293,4.5209933719381095,6,35.14249563217163
drone,safe,0.2,constructed,safe-mem_0-nu_02--eval_0,137,0.010053285206347382,60.677797388092316,26.374578377278084,4.505133306825545,6,35.163187980651855
corridor,random,0.2,constructed,random-mem_0-nu_02--eval_0,142,0.20000000000000015,-21.790061630473403,41.32468354365113,32.539416907024375,2,155.59102988243103
drone,safe,0.2,constructed,safe-mem_0-nu_02--eval_0,138,0.010058727132888254,60.710086411283484,26.367975293038143,4.495184459712535,6,35.18773365020752
drone,safe,0.2,constructed,safe-mem_0-nu_02--eval_0,139,0.01006715537796269,60.73698442856682,26.36250830377949,4.486839265508865,6,35.956085443496704
dpm,greedy,0.2,constructed,greedy-mem_0-nu_02--eval_0,221,0.09563870300795416,6.209219731757298,44.63231464070622,4.190111397992958,4,150.36117577552795
drone,safe,0.2,constructed,safe-mem_0-nu_02--eval_0,140,0.010078201034707922,60.79301227814169,26.350874730442982,4.469175011287038,6,36.305503368377686
corridor,random,0.2,constructed,random-mem_0-nu_02--eval_0,143,0.20000000000000015,-21.787345582053987,41.32397203787187,32.53766000814902,2,158.03252744674683
drone-b,greedy,0.2,constructed,greedy-mem_0-nu_02--eval_0,46,0.19999999996403178,33.11825155674658,41.136431594462984,10.635560592068126,3,202.98479914665222
drone,safe,0.2,constructed,safe-mem_0-nu_02--eval_0,141,0.010079255186357772,60.7994356152627,26.349488333811944,4.467187815026524,6,36.94962239265442
drone,safe,0.2,constructed,safe-mem_0-nu_02--eval_0,142,0.010090467624437176,60.833539460936535,26.342289917883278,4.456383085328976,6,37.134252071380615
dpm,greedy,0.2,constructed,greedy-mem_0-nu_02--eval_0,222,0.09568544637089679,6.211738586200247,44.632353114498976,4.187546448985252,4,156.84222269058228
drone,safe,0.2,constructed,safe-mem_0-nu_02--eval_0,143,0.010094485329691658,60.84933147901533,26.339205766818054,4.451587138457185,6,39.61070728302002
corridor,random,0.2,constructed,random-mem_0-nu_02--eval_0,144,0.20000000000000015,-21.785786594921966,41.32352507006712,32.536787435191016,2,158.76180291175842
drone,safe,0.2,constructed,safe-mem_0-nu_02--eval_0,144,0.01010163630834532,60.888831589236055,26.33100820308622,4.439175702717417,6,37.77876877784729
drone,safe,0.2,constructed,safe-mem_0-nu_02--eval_0,145,0.010103476542610993,60.904874590554385,26.327614662287193,4.434238939060744,6,38.08050847053528
drone,safe,0.2,constructed,safe-mem_0-nu_02--eval_0,146,0.010109908555494002,60.915415809164415,26.32555039557368,4.4308207735297565,6,39.446630001068115
dpm,greedy,0.2,constructed,greedy-mem_0-nu_02--eval_0,223,0.09572658346658866,6.2138656189153,44.63238573573958,4.185292154430378,4,154.0384681224823
drone,safe,0.2,constructed,safe-mem_0-nu_02--eval_0,147,0.010115867910357668,60.941643769643505,26.320212641172063,4.4226650075841984,6,38.60559630393982
corridor,random,0.2,constructed,random-mem_0-nu_02--eval_0,145,0.20000000000000015,-21.775663686269162,41.32058351219766,32.53270743822942,2,167.036785364151
drone-b,greedy,0.2,constructed,greedy-mem_0-nu_02--eval_0,47,0.19999999996403178,33.11825155674658,41.13643159446301,10.635560592068128,3,208.25143456459045
drone,safe,0.2,constructed,safe-mem_0-nu_02--eval_0,148,0.010125166899491148,60.966812353540405,26.315034590553044,4.414830102613514,6,39.57673907279968
drone,safe,0.2,constructed,safe-mem_0-nu_02--eval_0,149,0.010132062081623778,60.988658960723626,26.310692064449736,4.408039823704548,6,39.26351237297058
dpm,greedy,0.2,constructed,greedy-mem_0-nu_02--eval_0,224,0.09577429540498619,6.216288862682527,44.63242065712798,4.182683752274073,4,153.38029074668884
drone,safe,0.2,constructed,safe-mem_0-nu_02--eval_0,150,0.010138748744730898,61.018666384674546,26.30460909419891,4.398852671305676,6,41.1394157409668
corridor,random,0.2,constructed,random-mem_0-nu_02--eval_0,146,0.20000000000000015,-21.770713057710523,41.319189980900944,32.53049956361432,2,161.0671398639679
drone,safe,0.2,constructed,safe-mem_0-nu_02--eval_0,151,0.010143798026609491,61.046591810642006,26.298760972072728,4.389873624211791,6,40.2509081363678
drone,safe,0.2,constructed,safe-mem_0-nu_02--eval_0,152,0.010156918818074958,61.07260554457364,26.293482416575987,4.381407536092314,6,40.50784206390381
dpm,greedy,0.2,constructed,greedy-mem_0-nu_02--eval_0,225,0.09582361338963546,6.218777944254051,44.632459660210436,4.17998240539726,4,154.96845769882202
drone,safe,0.2,constructed,safe-mem_0-nu_02--eval_0,153,0.010159065990804022,61.09111758324288,26.2895291697944,4.37547430362971,6,40.67482233047485
corridor,random,0.2,constructed,random-mem_0-nu_02--eval_0,147,0.20000000000000015,-21.7671283901361,41.318201421345236,32.52878484038819,2,161.51895809173584
drone,safe,0.2,constructed,safe-mem_0-nu_02--eval_0,154,0.010165530449375073,61.11863575310693,26.28385523488318,4.366884145941889,6,43.418248653411865
drone-b,greedy,0.2,constructed,greedy-mem_0-nu_02--eval_0,48,0.19999999996403178,33.11825155674658,41.13643159446299,10.635560592068128,3,199.38562440872192
drone,safe,0.2,constructed,safe-mem_0-nu_02--eval_0,155,0.010172599954544864,61.14129301575049,26.279281000115372,4.359787442514534,6,41.0566508769989
dpm,greedy,0.2,constructed,greedy-mem_0-nu_02--eval_0,226,0.09586575564989983,6.2209462249847,44.63249080520299,4.177679034366725,4,157.58592557907104
drone,safe,0.2,constructed,safe-mem_0-nu_02--eval_0,156,0.01017908537695923,61.16313872457144,26.274771883013596,4.353014686686706,6,41.825156688690186
drone,safe,0.2,constructed,safe-mem_0-nu_02--eval_0,157,0.010186265072280423,61.183578652025005,26.270508463343788,4.34657249789034,6,42.763585329055786
corridor,random,0.2,constructed,random-mem_0-nu_02--eval_0,148,0.20000000000000015,-21.76621495468169,41.31799198549728,32.52721316558652,2,164.97891640663147
drone,safe,0.2,constructed,safe-mem_0-nu_02--eval_0,158,0.010195084670440755,61.21432572341359,26.26399434993672,4.336502253006518,6,42.35352420806885
dpm,greedy,0.2,constructed,greedy-mem_0-nu_02--eval_0,227,0.09591593433006032,6.223556002078836,44.63252907419147,4.174932408855089,4,159.24184036254883
drone,safe,0.2,constructed,safe-mem_0-nu_02--eval_0,159,0.01020271347822961,61.237694255835095,26.2590427709069,4.32897854274371,6,42.64581799507141
drone,safe,0.2,constructed,safe-mem_0-nu_02--eval_0,160,0.01021154016175207,61.26094543548563,26.25434192211156,4.321750153900413,6,43.03175497055054
corridor,random,0.2,constructed,random-mem_0-nu_02--eval_0,149,0.20000000000000015,-21.767112627216,41.31829200597825,32.52665794761262,2,162.62844252586365
drone-b,greedy,0.2,constructed,greedy-mem_0-nu_02--eval_0,49,0.1999999999965152,33.11873732336932,41.136404946894416,10.635434453819867,3,213.4084756374359
drone,safe,0.2,constructed,safe-mem_0-nu_02--eval_0,161,0.010213451623276398,61.27372000493105,26.251804886490227,4.3179036435118325,6,43.815314531326294
drone,safe,0.2,constructed,safe-mem_0-nu_02--eval_0,162,0.010216564662091612,61.284328196481326,26.24965128553575,4.314639134420814,6,43.69540524482727
dpm,greedy,0.2,constructed,greedy-mem_0-nu_02--eval_0,228,0.09596944424418338,6.226273164994714,44.63256924164202,4.17200517073966,4,159.33740305900574
drone,safe,0.2,constructed,safe-mem_0-nu_02--eval_0,163,0.010222054663617782,61.30279929566804,26.246009143465784,4.308967252084803,6,45.33786106109619
corridor,random,0.2,constructed,random-mem_0-nu_02--eval_0,150,0.20000000000000015,-21.7655761821845,41.31785492062189,32.52578129168935,2,164.40213251113892
drone,safe,0.2,constructed,safe-mem_0-nu_02--eval_0,164,0.010223121885876662,61.310377750047216,26.244500084406653,4.3065827546396385,6,45.121166467666626
drone,safe,0.2,constructed,safe-mem_0-nu_02--eval_0,165,0.0102274327192035,61.327635455055486,26.241068565427927,4.30135129851773,6,44.675354957580566
dpm,greedy,0.2,constructed,greedy-mem_0-nu_02--eval_0,229,0.09601991412391964,6.2288855675842765,44.63261081207835,4.1692350923524595,4,160.74493265151978
drone,safe,0.2,constructed,safe-mem_0-nu_02--eval_0,166,0.01023282761892011,61.35070470255508,26.23648342689744,4.294189369205287,6,45.30687952041626
corridor,random,0.2,constructed,random-mem_0-nu_02--eval_0,151,0.20000000000000015,-21.75983873831678,41.316262939729704,32.522962648254506,2,167.3584339618683
drone-b,greedy,0.2,constructed,greedy-mem_0-nu_02--eval_0,50,0.1999999999976196,33.11873732345649,41.136404946893336,10.635434453803434,3,198.4585964679718
drone,safe,0.2,constructed,safe-mem_0-nu_02--eval_0,167,0.010242799795322102,61.378977175538424,26.23077143327484,4.285452708486964,6,45.24403667449951
drone,safe,0.2,constructed,safe-mem_0-nu_02--eval_0,168,0.010249996534457805,61.3998095927699,26.226670722144448,4.279173032930989,6,45.55965256690979
dpm,greedy,0.2,constructed,greedy-mem_0-nu_02--eval_0,230,0.09606646769857899,6.231374670271146,44.63264845259581,4.166683598504009,4,159.68529295921326
drone,safe,0.2,constructed,safe-mem_0-nu_02--eval_0,169,0.010256865765218101,61.428667526124585,26.220926072092524,4.270406896437648,6,47.991771936416626
corridor,random,0.2,constructed,random-mem_0-nu_02--eval_0,152,0.20000000000000015,-21.758025340693393,41.31569801655858,32.52175310022701,2,172.54392504692078
drone,safe,0.2,constructed,safe-mem_0-nu_02--eval_0,170,0.010264195672406672,61.459132613603444,26.214804588754557,4.2611466015121096,6,46.48830056190491
drone,safe,0.2,constructed,safe-mem_0-nu_02--eval_0,171,0.010272159217727474,61.47387189214553,26.21201356578582,4.256522667751459,6,46.57331562042236
dpm,greedy,0.2,constructed,greedy-mem_0-nu_02--eval_0,231,0.0961029674368222,6.233360903188283,44.63267801305246,4.164668330854874,4,163.4203441143036
drone,safe,0.2,constructed,safe-mem_0-nu_02--eval_0,172,0.010281812299064205,61.50403705405927,26.205683725818716,4.246836698930666,6,47.312129497528076
drone-b,greedy,0.2,constructed,greedy-mem_0-nu_02--eval_0,51,0.1999999999976196,33.11873732345649,41.13640494689332,10.635434453803448,3,201.30740976333618
corridor,random,0.2,constructed,random-mem_0-nu_02--eval_0,153,0.20000000000000015,-21.7463275451026,41.312295756526574,32.516823351308034,2,168.3820424079895
drone,safe,0.2,constructed,safe-mem_0-nu_02--eval_0,173,0.010286942734690267,61.52688783907005,26.201031600123848,4.2399678394933895,6,48.814645528793335
drone,safe,0.2,constructed,safe-mem_0-nu_02--eval_0,174,0.010292662655182255,61.5396838088001,26.198535311079066,4.235955314997781,6,47.6459641456604
dpm,greedy,0.2,constructed,greedy-mem_0-nu_02--eval_0,232,0.09616645380368344,6.23682748855652,44.63273341824539,4.1611781236577805,4,165.84045791625977
drone,safe,0.2,constructed,safe-mem_0-nu_02--eval_0,175,0.01029924681573384,61.55907173652291,26.19468736177107,4.229966377787577,6,48.17043709754944
corridor,random,0.2,constructed,random-mem_0-nu_02--eval_0,154,0.20000000000000015,-21.747262871565137,41.31256781359058,32.51666413567562,2,171.24447989463806
drone,safe,0.2,constructed,safe-mem_0-nu_02--eval_0,176,0.010305814684442909,61.575724985138535,26.19134169223791,4.224816951180555,6,48.606786489486694
drone,safe,0.2,constructed,safe-mem_0-nu_02--eval_0,177,0.010309783623023578,61.60707103063482,26.18485348267839,4.215158515143744,6,49.42615628242493
dpm,greedy,0.2,constructed,greedy-mem_0-nu_02--eval_0,233,0.0962077951321075,6.23900526286169,44.63276440300208,4.158918542008278,4,164.90539693832397
drone-b,greedy,0.2,constructed,greedy-mem_0-nu_02--eval_0,52,0.1999999999976196,33.11873732345649,41.13640494689345,10.635434453803459,3,199.23598289489746
drone,safe,0.2,constructed,safe-mem_0-nu_02--eval_0,178,0.01031592141641753,61.62015891320566,26.18227494695768,4.211071898733831,6,49.35828351974487
corridor,random,0.2,constructed,random-mem_0-nu_02--eval_0,155,0.20000000000000015,-21.747349336045573,41.31257580559006,32.516445569115405,2,171.9885184764862
drone,safe,0.2,constructed,safe-mem_0-nu_02--eval_0,179,0.010320556054227721,61.63288593398275,26.179643343971815,4.206920434554616,6,49.54773783683777
drone,safe,0.2,constructed,safe-mem_0-nu_02--eval_0,180,0.010326630901384278,61.65110331840076,26.176044306741638,4.201355472598272,6,50.105968952178955
dpm,greedy,0.2,constructed,greedy-mem_0-nu_02--eval_0,234,0.09625273962478859,6.241416363132131,44.632804099984604,4.156449586827588,4,165.98161101341248
drone,safe,0.2,constructed,safe-mem_0-nu_02--eval_0,181,0.010334581472978562,61.678828034074705,26.17055672031506,4.1928466222421745,6,50.078970432281494
corridor,random,0.2,constructed,random-mem_0-nu_02--eval_0,156,0.20000000000000015,-21.74119710467783,41.31098701681874,32.512603456287074,2,173.43711519241333
drone,safe,0.2,constructed,safe-mem_0-nu_02--eval_0,182,0.01033759969112378,61.70313767444217,26.165456181147107,4.185253456626095,6,50.82244110107422
drone,safe,0.2,constructed,safe-mem_0-nu_02--eval_0,183,0.010347771972465412,61.73057668153993,26.159912609649812,4.176642203498899,6,51.06053566932678
dpm,greedy,0.2,constructed,greedy-mem_0-nu_02--eval_0,235,0.09629991710661456,6.243991341581202,44.63284679567504,4.153855319482237,4,168.75329422950745
drone-b,greedy,0.2,constructed,greedy-mem_0-nu_02--eval_0,53,0.1999999999976196,33.11917216467813,41.13637885400835,10.63531018485891,3,201.00765681266785
drone,safe,0.2,constructed,safe-mem_0-nu_02--eval_0,184,0.010352192362006338,61.74261749291572,26.157598540116354,4.172934931926418,6,52.0869562625885
corridor,random,0.2,constructed,random-mem_0-nu_02--eval_0,157,0.20000000000000015,-21.736499171434897,41.30966578994109,32.51054244793895,2,175.50074100494385
drone,safe,0.2,constructed,safe-mem_0-nu_02--eval_0,185,0.01036471196713682,61.77233078865024,26.151532590917274,4.163461917305866,6,52.3265061378479
dpm,greedy,0.2,constructed,greedy-mem_0-nu_02--eval_0,236,0.09635332069970093,6.246753189040415,44.632888634240274,4.150929622977154,4,169.46544480323792
drone,safe,0.2,constructed,safe-mem_0-nu_02--eval_0,186,0.010372220017210512,61.80019604031034,26.14579905671246,4.154671874729448,6,53.137407302856445
drone,safe,0.2,constructed,safe-mem_0-nu_02--eval_0,187,0.01037705487780304,61.81700889112971,26.14244666722868,4.149529643120068,6,52.70456385612488
corridor,random,0.2,constructed,random-mem_0-nu_02--eval_0,158,0.20000000000000015,-21.735977781060917,41.30950370302067,32.50980798646827,2,176.16022419929504
drone,safe,0.2,constructed,safe-mem_0-nu_02--eval_0,188,0.010388808460172962,61.84587193937705,26.136677654610953,4.140571756436565,6,52.75176405906677
dpm,greedy,0.2,constructed,greedy-mem_0-nu_02--eval_0,237,0.09639740793969599,6.249107098048752,44.63292019853903,4.148521944533122,4,169.5309636592865
drone-b,greedy,0.2,constructed,greedy-mem_0-nu_02--eval_0,54,0.1999999999976196,33.11917216467813,41.136378854008356,10.635310184858914,3,208.64343690872192
drone,safe,0.2,constructed,safe-mem_0-nu_02--eval_0,189,0.010396561480790831,61.86807514544723,26.132170020754064,4.133595925739072,6,53.13027000427246
drone,safe,0.2,constructed,safe-mem_0-nu_02--eval_0,190,0.010398785867752834,61.87523947614034,26.130724814285873,4.131445195051684,6,53.45556879043579
corridor,random,0.2,constructed,random-mem_0-nu_02--eval_0,159,0.20000000000000015,-21.73820039951339,41.31011132161481,32.509936149493385,2,176.98935914039612
drone,safe,0.2,constructed,safe-mem_0-nu_02--eval_0,191,0.010406818234029438,61.896162343890246,26.126495826196727,4.1248271255673625,6,55.476704120635986
dpm,greedy,0.2,constructed,greedy-mem_0-nu_02--eval_0,238,0.09644531964632738,6.2515397145498826,44.632955566982865,4.1459042887631865,4,172.35185408592224
drone,safe,0.2,constructed,safe-mem_0-nu_02--eval_0,192,0.010416055550846832,61.930462090524486,26.119490645267128,4.1142500504249275,6,54.273305892944336
corridor,random,0.2,constructed,random-mem_0-nu_02--eval_0,160,0.20000000000000015,-21.729249443332606,41.30752185719651,32.50646279975056,2,178.45451068878174
drone,safe,0.2,constructed,safe-mem_0-nu_02--eval_0,193,0.010425166375292276,61.959293804321085,26.113688705720925,4.105283270485469,6,54.677024841308594
drone-b,greedy,0.2,constructed,greedy-mem_0-nu_02--eval_0,55,0.1999999999976196,33.12813108873433,41.135689060536,10.632654252435929,3,200.9448058605194
drone,safe,0.2,constructed,safe-mem_0-nu_02--eval_0,194,0.010431486895806487,61.97580441308933,26.110351140116457,4.100042016071901,6,55.51710748672485
dpm,greedy,0.2,constructed,greedy-mem_0-nu_02--eval_0,239,0.0964928042417402,6.254131745885998,44.63299362367201,4.143302863923294,4,172.18811058998108
drone,safe,0.2,constructed,safe-mem_0-nu_02--eval_0,195,0.010442699948854127,62.011765360824626,26.103075834218288,4.089048741516408,6,55.32524394989014
corridor,random,0.2,constructed,random-mem_0-nu_02--eval_0,161,0.20000000000000015,-21.727738302751526,41.30710756517528,32.505784557912754,2,180.92486953735352
drone,safe,0.2,constructed,safe-mem_0-nu_02--eval_0,196,0.01045205630295833,62.03981528163837,26.097352468801034,4.0802897182130495,6,57.575798988342285
dpm,greedy,0.2,constructed,greedy-mem_0-nu_02--eval_0,240,0.096531518985482,6.2560718449916255,44.63302096093214,4.14119005680217,4,173.71492266654968
drone,safe,0.2,constructed,safe-mem_0-nu_02--eval_0,197,0.01045450293577395,62.05253569989501,26.094788345446705,4.076468218438725,6,55.857401847839355
drone,safe,0.2,constructed,safe-mem_0-nu_02--eval_0,198,0.010462012210976097,62.0742275176934,26.09040873799811,4.0696046284647736,6,56.23302483558655
corridor,random,0.2,constructed,random-mem_0-nu_02--eval_0,162,0.20000000000000015,-21.725557797139533,41.30656575378142,32.50379718448322,2,183.29456758499146
drone-b,greedy,0.2,constructed,greedy-mem_0-nu_02--eval_0,56,0.1999999999976196,33.12813108873433,41.13568906053614,10.63265425243593,3,201.62490963935852
drone,safe,0.2,constructed,safe-mem_0-nu_02--eval_0,199,0.010464655753699969,62.08053157120952,26.08921898879006,4.067654845170513,6,56.908364057540894
dpm,greedy,0.2,constructed,greedy-mem_0-nu_02--eval_0,241,0.09657181197710582,6.258174373404547,44.6330483543686,4.138990717632545,4,174.7278962135315
drone,safe,0.2,constructed,safe-mem_0-nu_02--eval_0,200,0.010469504919133257,62.095778288646585,26.08622069468174,4.063063998868847,6,57.29092359542847
drone,safe,0.2,constructed,safe-mem_0-nu_02--eval_0,201,0.010472163746856588,62.1212168742009,26.081010481081098,4.055305143545294,6,58.91604518890381
corridor,random,0.2,constructed,random-mem_0-nu_02--eval_0,163,0.20000000000000015,-21.726707642800392,41.30689702208212,32.50366518412452,2,186.65842390060425
drone,safe,0.2,constructed,safe-mem_0-nu_02--eval_0,202,0.010476543122301982,62.13523708408478,26.078171270940683,4.051012635909282,6,58.03719353675842
dpm,greedy,0.2,constructed,greedy-mem_0-nu_02--eval_0,242,0.09660299093698943,6.259763488632401,44.633068747644785,4.137294624775209,4,175.73711705207825
drone,safe,0.2,constructed,safe-mem_0-nu_02--eval_0,203,0.010483764410398777,62.156480224753444,26.073823549611014,4.044307457190815,6,58.350173234939575
drone-b,greedy,0.2,constructed,greedy-mem_0-nu_02--eval_0,57,0.1999999999976196,33.12813108873433,41.135689060536116,10.63265425243593,3,201.42545557022095
corridor,random,0.2,constructed,random-mem_0-nu_02--eval_0,164,0.20000000000000015,-21.726209328049364,41.30676328583247,32.50336000791744,2,184.3388922214508
drone,safe,0.2,constructed,safe-mem_0-nu_02--eval_0,204,0.010491751669253133,62.177861987632625,26.06957395492407,4.037734423534339,6,58.591185569763184
dpm,greedy,0.2,constructed,greedy-mem_0-nu_02--eval_0,243,0.0966546523260933,6.262394080131471,44.63311125228639,4.1344620927866735,4,176.36262607574463
drone,safe,0.2,constructed,safe-mem_0-nu_02--eval_0,205,0.010498674580756385,62.197333075676916,26.06556600787169,4.0317513653898525,6,58.66464114189148
drone,safe,0.2,constructed,safe-mem_0-nu_02--eval_0,206,0.010504544210450547,62.22539543347722,26.059711107266764,4.023172956859698,6,61.54658317565918
corridor,random,0.2,constructed,random-mem_0-nu_02--eval_0,165,0.20000000000000015,-21.723122776112216,41.305882719488835,32.5016914719846,2,188.44619250297546
drone,safe,0.2,constructed,safe-mem_0-nu_02--eval_0,207,0.010509547922893055,62.2502656495416,26.054608491855735,4.01553278563685,6,60.35760974884033
dpm,greedy,0.2,constructed,greedy-mem_0-nu_02--eval_0,244,0.09668789033409504,6.264133028927202,44.6331363733904,4.132644140705839,4,186.54152750968933
drone,safe,0.2,constructed,safe-mem_0-nu_02--eval_0,208,0.010518725666566113,62.290779658577016,26.04593855820867,4.002696061481707,6,60.84431028366089
drone-b,greedy,0.2,constructed,greedy-mem_0-nu_02--eval_0,58,0.1999999999976196,33.12813108873433,41.135689060536166,10.63265425243594,3,201.34439492225647
drone,safe,0.2,constructed,safe-mem_0-nu_02--eval_0,209,0.010519789910533251,62.29972423951389,26.044171059575064,3.9999712895551776,6,64.34286069869995
corridor,random,0.2,constructed,random-mem_0-nu_02--eval_0,166,0.20000000000000015,-21.72235534565189,41.30567034108401,32.501349434004986,2,190.3656394481659
drone,safe,0.2,constructed,safe-mem_0-nu_02--eval_0,210,0.010526883262411744,62.32428022357582,26.039259103673842,3.9924183287132315,6,63.45399785041809
dpm,greedy,0.2,constructed,greedy-mem_0-nu_02--eval_0,245,0.09672871490384809,6.266175146113026,44.63316569759257,4.130415745117824,4,179.12785840034485
drone,safe,0.2,constructed,safe-mem_0-nu_02--eval_0,211,0.010536870182840276,62.35572560374728,26.032855559091477,3.982786773313149,6,61.58612513542175
drone,safe,0.2,constructed,safe-mem_0-nu_02--eval_0,212,0.010538284616052357,62.36920716566435,26.03016198629237,3.9788470623456673,6,61.85683250427246
corridor,random,0.2,constructed,random-mem_0-nu_02--eval_0,167,0.20000000000000015,-21.721028759301035,41.30533943118565,32.49957589652041,2,192.41873598098755
dpm,greedy,0.2,constructed,greedy-mem_0-nu_02--eval_0,246,0.09677934420688011,6.26893228539719,44.63320700101017,4.127638704430766,4,177.36558389663696
drone-b,greedy,0.2,constructed,greedy-mem_0-nu_02--eval_0,59,0.1999999999976196,33.12813108873433,41.135689060536194,10.632654252435932,3,205.96509838104248
drone,safe,0.2,constructed,safe-mem_0-nu_02--eval_0,213,0.010541511907957447,62.40336596003018,26.023000254765563,3.9682220544013465,6,63.43974256515503
drone,safe,0.2,constructed,safe-mem_0-nu_02--eval_0,214,0.010549576285051324,62.424874517671014,26.01872620632223,3.961735211372255,6,62.839081048965454
corridor,random,0.2,constructed,random-mem_0-nu_02--eval_0,168,0.20000000000000015,-21.71311747132716,41.30304352319938,32.49630258009418,2,191.4361789226532
drone,safe,0.2,constructed,safe-mem_0-nu_02--eval_0,215,0.010555390645107196,62.43791332061168,26.01610488067611,3.957669345162945,6,65.6299250125885
dpm,greedy,0.2,constructed,greedy-mem_0-nu_02--eval_0,247,0.09681414180251738,6.270671140860304,44.63323101753538,4.125740107581097,4,183.95484566688538
drone,safe,0.2,constructed,safe-mem_0-nu_02--eval_0,216,0.010557944078469972,62.44571884497181,26.01451349571022,3.955300482629009,6,63.25607895851135
drone,safe,0.2,constructed,safe-mem_0-nu_02--eval_0,217,0.010565715554034854,62.47331780988492,26.00899096681905,3.9467665313691795,6,64.0658757686615
corridor,random,0.2,constructed,random-mem_0-nu_02--eval_0,169,0.20000000000000015,-21.7152970879127,41.30363114019089,32.49610887197493,2,191.67943382263184
drone-b,greedy,0.2,constructed,greedy-mem_0-nu_02--eval_0,60,0.19999999999850318,33.138208504239785,41.13493581282146,10.629406278832281,3,202.29272723197937
dpm,greedy,0.2,constructed,greedy-mem_0-nu_02--eval_0,248,0.0968598602609698,6.273008689365252,44.63326601594349,4.123237809555381,4,182.72007775306702
drone,safe,0.2,constructed,safe-mem_0-nu_02--eval_0,218,0.010573861035278546,62.49723654143668,26.004126559239502,3.9392065195578265,6,64.91377019882202
drone,safe,0.2,constructed,safe-mem_0-nu_02--eval_0,219,0.010579660046333882,62.52000323184569,25.999450895541315,3.932308915743696,6,66.26216745376587
corridor,random,0.2,constructed,random-mem_0-nu_02--eval_0,170,0.20000000000000015,-21.714553473343294,41.30343827081122,32.49553632843582,2,196.38586854934692
drone,safe,0.2,constructed,safe-mem_0-nu_02--eval_0,220,0.010586165565315088,62.54287049668088,25.994908216984133,3.925238614662547,6,64.81090521812439
dpm,greedy,0.2,constructed,greedy-mem_0-nu_02--eval_0,249,0.0968978701221512,6.275070515292811,44.633300024578055,4.121152771290772,4,186.03396916389465
drone,safe,0.2,constructed,safe-mem_0-nu_02--eval_0,221,0.010591022022468227,62.556604830898124,25.991999942951825,3.9208011148209208,6,65.34704828262329
drone-b,greedy,0.2,constructed,greedy-mem_0-nu_02--eval_0,61,0.19999999999850318,33.138208504239785,41.134935812821475,10.629406278832287,3,206.14499139785767
drone,safe,0.2,constructed,safe-mem_0-nu_02--eval_0,222,0.010591898031885668,62.56440974049277,25.990397587304326,3.9184144255515156,6,65.7148609161377
corridor,random,0.2,constructed,random-mem_0-nu_02--eval_0,171,0.20000000000000015,-21.71556931155706,41.303733883384346,32.495343380837895,2,193.6572127342224
dpm,greedy,0.2,constructed,greedy-mem_0-nu_02--eval_0,250,0.09694428754190453,6.277390242053901,44.633334793552585,4.11861456091744,4,183.69899606704712
drone,safe,0.2,constructed,safe-mem_0-nu_02--eval_0,223,0.010596240392791684,62.584770629973534,25.986322048171576,3.912121622362741,6,66.49624419212341
drone,safe,0.2,constructed,safe-mem_0-nu_02--eval_0,224,0.010600720258198276,62.60103383610661,25.98315170403073,3.9072192152851297,6,68.60954737663269
drone,safe,0.2,constructed,safe-mem_0-nu_02--eval_0,225,0.010608623519794885,62.62315947798495,25.97847530072727,3.9000642114353834,6,66.97280502319336
corridor,random,0.2,constructed,random-mem_0-nu_02--eval_0,172,0.20000000000000015,-21.716584111343877,41.30402560231911,32.49514454779075,2,195.23947525024414
dpm,greedy,0.2,constructed,greedy-mem_0-nu_02--eval_0,251,0.09700084993037375,6.280325735094312,44.633382486480365,4.1155069201563705,4,190.81983304023743
drone,safe,0.2,constructed,safe-mem_0-nu_02--eval_0,226,0.010609762683039098,62.63779165667645,25.97544467468916,3.8955893447282186,6,71.098876953125
drone-b,greedy,0.2,constructed,greedy-mem_0-nu_02--eval_0,62,0.19999999999850318,33.1504273704682,41.13402249996924,10.625468110846304,3,207.0761477947235
drone,safe,0.2,constructed,safe-mem_0-nu_02--eval_0,227,0.010616079771295178,62.656038862773286,25.9716898633418,3.889743002339795,6,67.82075190544128
corridor,random,0.2,constructed,random-mem_0-nu_02--eval_0,173,0.20000000000000015,-21.7145200596964,41.303440077539314,32.493942362931755,2,199.1749119758606
dpm,greedy,0.2,constructed,greedy-mem_0-nu_02--eval_0,252,0.09704516900716778,6.282869072898315,44.633417193794415,4.113078825325541,4,186.4234480857849
drone,safe,0.2,constructed,safe-mem_0-nu_02--eval_0,228,0.010619854667559018,62.667972775918734,25.96936448298525,3.886176568104953,6,75.32531309127808
drone,safe,0.2,constructed,safe-mem_0-nu_02--eval_0,229,0.010622914237968772,62.684671353214945,25.965989564017057,3.8811055664027445,6,69.4861490726471
drone,safe,0.2,constructed,safe-mem_0-nu_02--eval_0,230,0.010626085032524815,62.701939075672115,25.96250514868876,3.8757979637310265,6,69.70521235466003
corridor,random,0.2,constructed,random-mem_0-nu_02--eval_0,174,0.20000000000000015,-21.7131757930965,41.30309538168902,32.49306399922729,2,200.3490490913391
drone-b,greedy,0.2,constructed,greedy-mem_0-nu_02--eval_0,63,0.19999999999850318,33.1504273704682,41.13402249996918,10.625468110846297,3,202.62358856201172
dpm,greedy,0.2,constructed,greedy-mem_0-nu_02--eval_0,253,0.09708751593970072,6.284998809361757,44.633447900043755,4.110765719640913,4,202.5660331249237
drone,safe,0.2,constructed,safe-mem_0-nu_02--eval_0,231,0.010630647130147323,62.714071110781376,25.960056871371307,3.8720693412021796,6,71.63866829872131
drone,safe,0.2,constructed,safe-mem_0-nu_02--eval_0,232,0.010633456587443357,62.73873419767595,25.955110496856122,3.864600820256313,6,72.7544617652893
corridor,random,0.2,constructed,random-mem_0-nu_02--eval_0,175,0.20000000000000015,-21.71013131097575,41.30221121890458,32.491639673323974,2,201.77973413467407
dpm,greedy,0.2,constructed,greedy-mem_0-nu_02--eval_0,254,0.0971342284495183,6.287508182349857,44.633488148775314,4.108197688106372,4,199.0366930961609
drone,safe,0.2,constructed,safe-mem_0-nu_02--eval_0,233,0.010636363243081915,62.76116018919222,25.95070730522483,3.857915821463787,6,70.63918042182922
drone,safe,0.2,constructed,safe-mem_0-nu_02--eval_0,234,0.010643449954683257,62.78804359876367,25.945326317016004,3.849672235522455,6,73.82458877563477
drone-b,greedy,0.2,constructed,greedy-mem_0-nu_02--eval_0,64,0.19999999999850318,33.1504273704682,41.13402249996923,10.625468110846295,3,211.6805169582367
corridor,random,0.2,constructed,random-mem_0-nu_02--eval_0,176,0.20000000000000015,-21.706992173163517,41.30132481226179,32.48998307507139,2,203.21648645401
drone,safe,0.2,constructed,safe-mem_0-nu_02--eval_0,235,0.010649160542230095,62.80101827673275,25.942722241544818,3.8455953734372166,6,71.66919040679932
dpm,greedy,0.2,constructed,greedy-mem_0-nu_02--eval_0,255,0.09718296436482703,6.2899984014178,44.63352891423444,4.105520530382241,4,189.35664439201355
dpm,safe,0.2,constructed,safe-mem_0-nu_02--eval_0,0,2.795768686197429e-08,2.783307304890651e-06,44.43572810574427,0.8307882440752234,4,0.4282240867614746
dpm,safe,0.2,constructed,safe-mem_0-nu_02--eval_0,1,4.078919022478064e-08,4.046121306397647e-06,44.43572809292513,0.8307845660390508,4,0.5346100330352783
dpm,safe,0.2,constructed,safe-mem_0-nu_02--eval_0,2,7.034753410890066e-08,6.982972988814768e-06,44.43572808192009,0.830776087351515,4,0.6586987972259521
dpm,safe,0.2,constructed,safe-mem_0-nu_02--eval_0,3,7.837156150774596e-08,7.76507451346816e-06,44.435728070404735,0.8307737877122047,4,1.096761703491211
dpm,safe,0.2,constructed,safe-mem_0-nu_02--eval_0,4,1.416191178619906e-07,1.4075096416580549e-05,44.43572805713739,0.8307556351861658,4,1.1226677894592285
dpm,safe,0.2,constructed,safe-mem_0-nu_02--eval_0,5,1.8855646036848184e-07,1.8747101051652044e-05,44.43572804246819,0.8307421703299173,4,1.0143353939056396
drone,safe,0.2,constructed,safe-mem_0-nu_02--eval_0,236,0.010655426435904329,62.828199698914446,25.93720395924437,3.8371873797274914,6,75.1786253452301
dpm,safe,0.2,constructed,safe-mem_0-nu_02--eval_0,6,2.3080241490748608e-07,2.295631194469541e-05,44.43572802746203,0.8307300381865366,4,1.1445600986480713
dpm,safe,0.2,constructed,safe-mem_0-nu_02--eval_0,7,2.627605165052656e-07,2.613152439367661e-05,44.43572801978396,0.8307208649311278,4,1.289973497390747
dpm,safe,0.2,constructed,safe-mem_0-nu_02--eval_0,8,2.976451413498572e-07,2.9596209004657852e-05,44.43572801809197,0.8307108741690662,4,1.440108060836792
dpm,safe,0.2,constructed,safe-mem_0-nu_02--eval_0,9,3.3763613698435844e-07,3.358544263452676e-05,44.43572800730345,0.8306994155353912,4,1.6119041442871094
dpm,safe,0.2,constructed,safe-mem_0-nu_02--eval_0,10,3.982957339326857e-07,3.963240554447413e-05,44.43572802692433,0.8306819909906114,4,1.7618544101715088
dpm,safe,0.2,constructed,safe-mem_0-nu_02--eval_0,11,4.3651882900316354e-07,4.3434263955624174e-05,44.43572801433317,0.8306710207005086,4,1.9132847785949707
dpm,safe,0.2,constructed,safe-mem_0-nu_02--eval_0,12,4.6747726348390084e-07,4.650516052172454e-05,44.4357280015952,0.8306621333944965,4,2.09956431388855
dpm,safe,0.2,constructed,safe-mem_0-nu_02--eval_0,13,4.892052548605966e-07,4.866290880490156e-05,44.43572797400421,0.8306559053930193,4,2.281965732574463
dpm,safe,0.2,constructed,safe-mem_0-nu_02--eval_0,14,5.168506804362769e-07,5.140326670197937e-05,44.43572796028936,0.8306479625927072,4,2.456249713897705
drone,safe,0.2,constructed,safe-mem_0-nu_02--eval_0,237,0.01065910932688945,62.84566372637301,25.9336651861405,3.831996675074416,6,77.14788293838501
dpm,safe,0.2,constructed,safe-mem_0-nu_02--eval_0,15,5.411904082112794e-07,5.381900744810029e-05,44.43572795565976,0.8306409772379929,4,2.6971757411956787
dpm,safe,0.2,constructed,safe-mem_0-nu_02--eval_0,16,5.707187182202514e-07,5.675155872590273e-05,44.43572792361182,0.8306325078236009,4,2.800628662109375
dpm,safe,0.2,constructed,safe-mem_0-nu_02--eval_0,17,5.921858937625183e-07,5.888223008033974e-05,44.43572789268784,0.8306263564211347,4,3.0800833702087402
dpm,safe,0.2,constructed,safe-mem_0-nu_02--eval_0,18,6.472713467154393e-07,6.436512951589144e-05,44.43572789940601,0.8306105304362048,4,3.2279694080352783
corridor,random,0.2,constructed,random-mem_0-nu_02--eval_0,177,0.20000000000000015,-21.70822455106777,41.301666297541296,32.48966488542073,2,212.531414270401
dpm,safe,0.2,constructed,safe-mem_0-nu_02--eval_0,19,6.622016398476171e-07,6.58358328688957e-05,44.435727884727484,0.830606244725277,4,3.4867212772369385
dpm,safe,0.2,constructed,safe-mem_0-nu_02--eval_0,20,7.108576531707949e-07,7.069327477655173e-05,44.43572787713937,0.8305922871246976,4,4.07932710647583
dpm,safe,0.2,constructed,safe-mem_0-nu_02--eval_0,21,7.565472892544177e-07,7.52503514019805e-05,44.43572786474596,0.830579175225387,4,4.402070760726929
dpm,safe,0.2,constructed,safe-mem_0-nu_02--eval_0,22,7.788941775654975e-07,7.745759012717418e-05,44.43572786174028,0.83057275853022,4,4.480095863342285
drone,safe,0.2,constructed,safe-mem_0-nu_02--eval_0,238,0.010662239589149112,62.865549810978536,25.929565430865615,3.8258676948346326,6,73.96041655540466
dpm,safe,0.2,constructed,safe-mem_0-nu_02--eval_0,23,7.947991434042836e-07,7.902352455622867e-05,44.43572784283516,0.830568193886123,4,4.761654615402222
dpm,safe,0.2,constructed,safe-mem_0-nu_02--eval_0,24,8.518701661279708e-07,8.471995828713628e-05,44.43572783726339,0.8305518229260779,4,4.937782287597656
drone-b,greedy,0.2,constructed,greedy-mem_0-nu_02--eval_0,65,0.19999999999850318,33.17145884587976,41.132627844812525,10.61854037803166,3,209.65770053863525
dpm,safe,0.2,constructed,safe-mem_0-nu_02--eval_0,25,8.988183271875836e-07,8.938327865261556e-05,44.43572783683034,0.8305383637033581,4,4.875343322753906
dpm,safe,0.2,constructed,safe-mem_0-nu_02--eval_0,26,9.291362513134169e-07,9.24052295650802e-05,44.43572782754185,0.8305296675255168,4,5.122213363647461
dpm,safe,0.2,constructed,safe-mem_0-nu_02--eval_0,27,9.681139334330123e-07,9.628935040337426e-05,44.435727830764584,0.830518481486515,4,5.387353181838989
dpm,safe,0.2,constructed,safe-mem_0-nu_02--eval_0,28,9.969122270465232e-07,9.916207558395256e-05,44.43572782597752,0.8305102331536405,4,5.709911584854126
drone,safe,0.2,constructed,safe-mem_0-nu_02--eval_0,239,0.010665772904592018,62.88750738398922,25.925136831233786,3.8192169689625506,6,74.65033149719238
dpm,safe,0.2,constructed,safe-mem_0-nu_02--eval_0,29,1.0270378951318182e-06,0.00010216450446107504,44.43572782207503,0.8305015970364221,4,6.0023627281188965
dpm,safe,0.2,constructed,safe-mem_0-nu_02--eval_0,30,1.0854989752088686e-06,0.00010799261314683913,44.435727829158,0.8304848131417704,4,6.223329067230225
dpm,safe,0.2,constructed,safe-mem_0-nu_02--eval_0,31,1.1324065865442127e-06,0.0001126766446329681,44.43572782027723,0.8304713730899658,4,6.4090330600738525
dpm,safe,0.2,constructed,safe-mem_0-nu_02--eval_0,32,1.167998708178692e-06,0.00011622079714270332,44.435727821882715,0.8304611840239858,4,6.973119735717773
dpm,safe,0.2,constructed,safe-mem_0-nu_02--eval_0,33,1.2013141872343344e-06,0.00011952884560640956,44.43572780578139,0.8304516170620616,4,6.9527928829193115
dpm,safe,0.2,constructed,safe-mem_0-nu_02--eval_0,34,1.2549822967841151e-06,0.00012488598217513209,44.43572781825524,0.8304362063691587,4,7.229630470275879
drone,safe,0.2,constructed,safe-mem_0-nu_02--eval_0,240,0.010670310050204773,62.90751136405517,25.92112426457617,3.813113703868815,6,76.46913242340088
corridor,random,0.2,constructed,random-mem_0-nu_02--eval_0,178,0.20000000000000015,-21.707310568665278,41.30141933062115,32.48887700937761,2,213.72571849822998
dpm,safe,0.2,constructed,safe-mem_0-nu_02--eval_0,35,1.2851964982932212e-06,0.0001278836535334828,44.43572779930339,0.8304275435522412,4,7.7251200675964355
dpm,safe,0.2,constructed,safe-mem_0-nu_02--eval_0,36,1.3151230697860487e-06,0.00013086845270420363,44.43572780522177,0.8304189522976074,4,7.8560779094696045
dpm,safe,0.2,constructed,safe-mem_0-nu_02--eval_0,37,1.3334314690429434e-06,0.00013267480211576823,44.43572779437436,0.8304136927546628,4,8.243306636810303
dpm,safe,0.2,constructed,safe-mem_0-nu_02--eval_0,38,1.3767579230296591e-06,0.00013699796595686482,44.435727781275666,0.8304012829149647,4,8.51038146018982
dpm,safe,0.2,constructed,safe-mem_0-nu_02--eval_0,39,1.4104640795928213e-06,0.00014035484192691017,44.43572776826265,0.8303916242635512,4,8.789675951004028
drone,safe,0.2,constructed,safe-mem_0-nu_02--eval_0,241,0.010672623347925562,62.91791548909655,25.919008416264134,3.8100128807046993,6,76.22296118736267
dpm,safe,0.2,constructed,safe-mem_0-nu_02--eval_0,40,1.428332155415142e-06,0.0001421186898811713,44.43572776110913,0.8303864899061362,4,9.687333583831787
dpm,safe,0.2,constructed,safe-mem_0-nu_02--eval_0,41,1.4716055373038988e-06,0.0001464326370369786,44.435727765256395,0.8303740630922486,4,9.502548694610596
dpm,safe,0.2,constructed,safe-mem_0-nu_02--eval_0,42,1.5139942199849565e-06,0.00015066408871415343,44.43572776303219,0.8303618982914749,4,10.231024742126465
dpm,safe,0.2,constructed,safe-mem_0-nu_02--eval_0,43,1.54011879353073e-06,0.0001532560821632081,44.43572775705036,0.8303543981852158,4,10.135165452957153
dpm,safe,0.2,constructed,safe-mem_0-nu_02--eval_0,44,1.5890400025188907e-06,0.00015813790703008942,44.43572775035395,0.8303403574836361,4,10.873027563095093
drone,safe,0.2,constructed,safe-mem_0-nu_02--eval_0,242,0.010678257400043847,62.93716038172225,25.915168976721905,3.8040981249366457,6,76.34827280044556
drone-b,greedy,0.2,constructed,greedy-mem_0-nu_02--eval_0,66,0.19999999999850318,33.18175961387426,41.131686073739985,10.615102950985408,3,206.61296010017395
dpm,safe,0.2,constructed,safe-mem_0-nu_02--eval_0,45,1.6111134676673844e-06,0.00016033744900410102,44.43572773382364,0.8303340262456188,4,11.219522714614868
dpm,safe,0.2,constructed,safe-mem_0-nu_02--eval_0,46,1.6348109237326176e-06,0.00016268645021640658,44.43572772678467,0.8303272115478341,4,11.54371190071106
corridor,random,0.2,constructed,random-mem_0-nu_02--eval_0,179,0.20000000000000015,-21.70165064142963,41.299789616274694,32.48666891180722,2,211.99521493911743
dpm,safe,0.2,constructed,safe-mem_0-nu_02--eval_0,47,1.6533368998155026e-06,0.00016451157692002648,44.435727713140174,0.830321893290011,4,12.101197481155396
dpm,safe,0.2,constructed,safe-mem_0-nu_02--eval_0,48,1.6830129149430925e-06,0.00016747154723408792,44.43572770710182,0.8303133808483895,4,12.277749061584473
drone,safe,0.2,constructed,safe-mem_0-nu_02--eval_0,243,0.010679040467666021,62.94141305517326,25.914346857203945,3.802805131543673,6,76.29934620857239
dpm,safe,0.2,constructed,safe-mem_0-nu_02--eval_0,49,1.7384253703518878e-06,0.0001729955396440094,44.435727707571694,0.8302974955041196,4,12.739818572998047
dpm,safe,0.2,constructed,safe-mem_0-nu_02--eval_0,50,1.7492171295769562e-06,0.00017406121562894107,44.43572769274566,0.8302943964562902,4,13.680193424224854
dpm,safe,0.2,constructed,safe-mem_0-nu_02--eval_0,51,1.7813889666641666e-06,0.00017726323756328698,44.43572768699132,0.8302851684957756,4,13.112141847610474
dpm,safe,0.2,constructed,safe-mem_0-nu_02--eval_0,52,1.8571999057996852e-06,0.00018483122693327376,44.435727704388384,0.8302634074099794,4,13.611671447753906
drone,safe,0.2,constructed,safe-mem_0-nu_02--eval_0,244,0.01068244363494739,62.955470992185745,25.911447145678167,3.798500224764627,6,77.2260172367096
dpm,safe,0.2,constructed,safe-mem_0-nu_02--eval_0,53,1.8808754227518388e-06,0.00018718399391545005,44.43572769605163,0.8302566078962919,4,14.104514598846436
dpm,safe,0.2,constructed,safe-mem_0-nu_02--eval_0,54,1.9414932980353793e-06,0.00019322716508587756,44.43572769608378,0.8302392037172674,4,13.976315021514893
dpm,safe,0.2,constructed,safe-mem_0-nu_02--eval_0,55,1.979460965659324e-06,0.00019700892851287215,44.435727693864266,0.8302283227294095,4,14.555304288864136
dpm,safe,0.2,constructed,safe-mem_0-nu_02--eval_0,56,2.0078434205106203e-06,0.0001998420969096968,44.43572769320851,0.8302201775696919,4,14.75823187828064
corridor,random,0.2,constructed,random-mem_0-nu_02--eval_0,180,0.20000000000000015,-21.699029379430293,41.29900244978736,32.485268479663155,2,209.74733638763428
drone,safe,0.2,constructed,safe-mem_0-nu_02--eval_0,245,0.010689874754385854,62.97459344677362,25.907520886792536,3.792410337253904,6,77.70066952705383
dpm,safe,0.2,constructed,safe-mem_0-nu_02--eval_0,57,2.0771848935971052e-06,0.00020675622571182003,44.43572771081149,0.8302002579368315,4,15.605574369430542
dpm,safe,0.2,constructed,safe-mem_0-nu_02--eval_0,58,2.132598093597349e-06,0.00021228796219607227,44.435727695174485,0.8301843713267544,4,15.251691579818726
dpm,safe,0.2,constructed,safe-mem_0-nu_02--eval_0,59,2.1462775137604333e-06,0.00021364339737530664,44.43572768912476,0.8301804549886351,4,15.570112228393555
drone-b,greedy,0.2,constructed,greedy-mem_0-nu_02--eval_0,67,0.19999999999850318,33.18175961387426,41.13168607374007,10.615102950985404,3,210.81295108795166
drone,safe,0.2,constructed,safe-mem_0-nu_02--eval_0,246,0.010695248800559696,62.995213201650046,25.903420776331007,3.786155075340382,6,77.71485757827759
dpm,safe,0.2,constructed,safe-mem_0-nu_02--eval_0,60,2.1877848985053594e-06,0.0002177777818109503,44.435727685091095,0.8301685404969122,4,16.38858199119568
dpm,safe,0.2,constructed,safe-mem_0-nu_02--eval_0,61,2.2463899940083e-06,0.00022361767043378646,44.43572769259905,0.8301517245523734,4,16.58373785018921
dpm,safe,0.2,constructed,safe-mem_0-nu_02--eval_0,62,2.2612061419391467e-06,0.00022508211530473894,44.435727685685094,0.8301474757551514,4,16.862905740737915
dpm,safe,0.2,constructed,safe-mem_0-nu_02--eval_0,63,2.2777137047859144e-06,0.0002267063571153976,44.43572767606397,0.830142730355621,4,17.420632123947144
drone,safe,0.2,constructed,safe-mem_0-nu_02--eval_0,247,0.010696158989990913,63.00116272329157,25.902161127538257,3.7842275970787345,6,77.58156609535217
dpm,safe,0.2,constructed,safe-mem_0-nu_02--eval_0,64,2.3190116852627764e-06,0.00023082418888718115,44.43572766635478,0.8301308817324181,4,17.983532667160034
corridor,random,0.2,constructed,random-mem_0-nu_02--eval_0,181,0.20000000000000015,-21.697742265725925,41.29866020980605,32.48453532109989,2,210.83277034759521
dpm,safe,0.2,constructed,safe-mem_0-nu_02--eval_0,65,2.359988818352171e-06,0.00023491389227357412,44.43572765785669,0.8301191396774992,4,18.01625943183899
dpm,safe,0.2,constructed,safe-mem_0-nu_02--eval_0,66,2.4237152677620804e-06,0.00024127105085734447,44.435727674958514,0.8301008270578734,4,18.34483027458191
drone,safe,0.2,constructed,safe-mem_0-nu_02--eval_0,248,0.01069851731350546,63.01117204582014,25.900177293377947,3.781270568147136,6,80.13674283027649
dpm,safe,0.2,constructed,safe-mem_0-nu_02--eval_0,67,2.4644432472200095e-06,0.00024532702047879123,44.43572766938542,0.8300891490732153,4,18.953685760498047
dpm,safe,0.2,constructed,safe-mem_0-nu_02--eval_0,68,2.483715128090725e-06,0.00024724456806881224,44.4357276640284,0.8300836251464148,4,19.154314041137695
dpm,safe,0.2,constructed,safe-mem_0-nu_02--eval_0,69,2.500189917462604e-06,0.0002488842956114589,44.43572765433522,0.8300789089376731,4,19.59029459953308
drone,safe,0.2,constructed,safe-mem_0-nu_02--eval_0,249,0.01070070999398426,63.02193695545641,25.8980098742204,3.7779223603950927,6,78.62347793579102
dpm,safe,0.2,constructed,safe-mem_0-nu_02--eval_0,70,2.5524710541039165e-06,0.0002540983678425837,44.43572766056407,0.8300639381158339,4,20.363590002059937
dpm,safe,0.2,constructed,safe-mem_0-nu_02--eval_0,71,2.5658331951267664e-06,0.0002554091497247546,44.435727656728886,0.8300601176812281,4,20.509725332260132
drone-b,greedy,0.2,constructed,greedy-mem_0-nu_02--eval_0,68,0.19999999999850318,33.19120809898141,41.13096795493569,10.612294092559992,3,205.17361187934875
dpm,safe,0.2,constructed,safe-mem_0-nu_02--eval_0,72,2.625755765066044e-06,0.0002613821611339783,44.435727671573844,0.8300429100987,4,21.146106719970703
corridor,random,0.2,constructed,random-mem_0-nu_02--eval_0,182,0.20000000000000015,-21.697464034922376,41.298556039998005,32.48407445844997,2,207.90338230133057
drone,safe,0.2,constructed,safe-mem_0-nu_02--eval_0,250,0.010702364801671983,63.025042195185065,25.89743001538801,3.776962990222644,6,80.6499137878418
dpm,safe,0.2,constructed,safe-mem_0-nu_02--eval_0,73,2.6387248477734206e-06,0.00026266358398198636,44.43572766483154,0.8300391926216742,4,21.604998111724854
dpm,safe,0.2,constructed,safe-mem_0-nu_02--eval_0,74,2.673463721131322e-06,0.0002661270828491278,44.43572766154132,0.8300292289541364,4,21.910863637924194
dpm,safe,0.2,constructed,safe-mem_0-nu_02--eval_0,75,2.689957607904986e-06,0.000267764038335021,44.43572765020803,0.8300245019239991,4,22.543731689453125
drone,safe,0.2,constructed,safe-mem_0-nu_02--eval_0,251,0.010709131919163898,63.042005085764686,25.893855272688214,3.771488940637543,6,79.0427975654602
dpm,safe,0.2,constructed,safe-mem_0-nu_02--eval_0,76,2.7198228315462085e-06,0.00027073638225244854,44.435727648262166,0.8300159407280142,4,24.027217388153076
dpm,safe,0.2,constructed,safe-mem_0-nu_02--eval_0,77,2.7458340555664508e-06,0.00027332752753348214,44.43572763743269,0.8300084896749199,4,23.78853964805603
dpm,safe,0.2,constructed,safe-mem_0-nu_02--eval_0,78,2.763849728291928e-06,0.00027510992305272014,44.43572762972665,0.8300033220714336,4,24.038334608078003
drone,safe,0.2,constructed,safe-mem_0-nu_02--eval_0,252,0.01071026844623191,63.05299975806406,25.891610934615464,3.7680688206454582,6,79.43357849121094
corridor,random,0.2,constructed,random-mem_0-nu_02--eval_0,183,0.20000000000000015,-21.697215198439494,41.29848550798492,32.48392469310123,2,216.9655318260193
dpm,safe,0.2,constructed,safe-mem_0-nu_02--eval_0,79,2.795217009246447e-06,0.0002782320328954437,44.43572762430509,0.8299943308520259,4,24.768521547317505
dpm,safe,0.2,constructed,safe-mem_0-nu_02--eval_0,80,2.8064642483016382e-06,0.0002793332853182429,44.43572762045363,0.8299911003602078,4,25.200262308120728
drone,safe,0.2,constructed,safe-mem_0-nu_02--eval_0,253,0.010716792231323134,63.06602313013042,25.88900578268276,3.763990684464756,6,79.73022484779358
dpm,safe,0.2,constructed,safe-mem_0-nu_02--eval_0,81,2.8291576253793046e-06,0.0002815784010068465,44.435727615114565,0.8299845833417255,4,25.855792999267578
dpm,safe,0.2,constructed,safe-mem_0-nu_02--eval_0,82,2.8415308033517718e-06,0.0002828024241617481,44.43572761220294,0.8299810340217961,4,26.31044888496399
drone-b,greedy,0.2,constructed,greedy-mem_0-nu_02--eval_0,69,0.19999999999850318,33.20128551442756,41.130214707222834,10.609046118963299,3,211.22894310951233
dpm,safe,0.2,constructed,safe-mem_0-nu_02--eval_0,83,2.932765503498437e-06,0.000291916457932657,44.43572763977714,0.8299548884535787,4,26.672115564346313
drone,safe,0.2,constructed,safe-mem_0-nu_02--eval_0,254,0.010722534466334126,63.08991919389136,25.883898219036695,3.7565816100259983,6,80.12808299064636
dpm,safe,0.2,constructed,safe-mem_0-nu_02--eval_0,84,2.967266421053737e-06,0.00029534220953369896,44.43572763846614,0.8299449884280973,4,26.979559659957886
corridor,random,0.2,constructed,random-mem_0-nu_02--eval_0,184,0.20000000000000015,-21.694564127783973,41.297743910531445,32.482707922801936,2,211.44107294082642
dpm,safe,0.2,constructed,safe-mem_0-nu_02--eval_0,85,3.0340802998492938e-06,0.00030200066974816656,44.43572765906915,0.8299258484411143,4,27.61296820640564
dpm,safe,0.2,constructed,safe-mem_0-nu_02--eval_0,86,3.1031226830108283e-06,0.00030889305152056025,44.435727663171356,0.8299060549763678,4,28.989732265472412
drone,safe,0.2,constructed,safe-mem_0-nu_02--eval_0,255,0.010726156789639807,63.1040453854998,25.881031382046242,3.7522722755464986,6,82.7996096611023
drone,random,0.2,constructed,random-mem_0-nu_02--eval_0,0,9.7702924671077e-08,-49.54406952555428,49.99996753946314,13.904469724495572,6,2.7160866260528564
drone,random,0.2,constructed,random-mem_0-nu_02--eval_0,1,1.3149426118141198e-07,-49.544070704933816,49.99996699846444,13.904461599567448,6,3.521479845046997
drone,random,0.2,constructed,random-mem_0-nu_02--eval_0,2,1.3548757131063875e-07,-49.5440707122751,49.999966997468455,13.904461536701778,6,3.734703779220581
dpm,safe,0.2,constructed,safe-mem_0-nu_02--eval_0,87,3.1854566504864183e-06,0.0003171098702305355,44.43572768688654,0.8298824475811537,4,28.56283140182495
drone,random,0.2,constructed,random-mem_0-nu_02--eval_0,3,1.3827508119191203e-07,-49.54407086720047,49.999966929486526,13.904460325312158,6,3.970341444015503
drone,random,0.2,constructed,random-mem_0-nu_02--eval_0,4,1.777777277189124e-07,-49.54407212273896,49.99996635652654,13.904451410947503,6,4.385742664337158
drone,random,0.2,constructed,random-mem_0-nu_02--eval_0,5,2.2394836084071432e-07,-49.5440722724706,49.999966350735995,13.904450874815476,6,4.898960113525391
dpm,safe,0.2,constructed,safe-mem_0-nu_02--eval_0,88,3.207611714035479e-06,0.0003193042117521278,44.4357276814308,0.8298760899101658,4,29.224467754364014
drone,random,0.2,constructed,random-mem_0-nu_02--eval_0,6,1.6021038093713494e-06,-49.54407594476237,49.99996378358996,13.904371369935289,6,5.54175066947937
drone,random,0.2,constructed,random-mem_0-nu_02--eval_0,7,2.4723408916988355e-06,-49.54407683741454,49.99996377461634,13.904360584387748,6,5.969114065170288
drone,random,0.2,constructed,random-mem_0-nu_02--eval_0,8,2.6073177498906678e-06,-49.54407697559147,49.999963694265126,13.904356615738163,6,6.615588188171387
dpm,safe,0.2,constructed,safe-mem_0-nu_02--eval_0,89,3.2427934799546814e-06,0.0003228063627305371,44.435727685937245,0.8298659921163091,4,29.486209392547607
drone,random,0.2,constructed,random-mem_0-nu_02--eval_0,9,2.7069925346780447e-06,-49.54407769956584,49.999963507640295,13.904352143087985,6,7.198017835617065
drone,random,0.2,constructed,random-mem_0-nu_02--eval_0,10,6.807249864017548e-06,-49.54408338546417,49.99996345451202,13.904312080908111,6,8.08394742012024
dpm,safe,0.2,constructed,safe-mem_0-nu_02--eval_0,90,3.2827000312072564e-06,0.00032677337773693915,44.43572768465556,0.8298545348643726,4,29.98765754699707
drone,random,0.2,constructed,random-mem_0-nu_02--eval_0,11,6.875058601610311e-06,-49.54408897100262,49.9999610171003,13.904274958285473,6,8.459688425064087
drone,random,0.2,constructed,random-mem_0-nu_02--eval_0,12,7.767821993682626e-06,-49.54408905829164,49.99996097371998,13.904252770272903,6,8.97505497932434
corridor,random,0.2,constructed,random-mem_0-nu_02--eval_0,185,0.20000000000000015,-21.695231652835893,41.29793603414149,32.48246889585368,2,216.2139801979065
drone,random,0.2,constructed,random-mem_0-nu_02--eval_0,13,7.932495778004596e-06,-49.54410068628382,49.99995529278824,13.904166336830716,6,9.722642421722412
dpm,safe,0.2,constructed,safe-mem_0-nu_02--eval_0,91,3.3030077823403235e-06,0.00032877865886539513,44.435727680132565,0.8298487024547377,4,30.475378274917603
drone-b,greedy,0.2,constructed,greedy-mem_0-nu_02--eval_0,70,0.19999999999850318,33.20128551442756,41.13021470722285,10.609046118963303,3,207.67417454719543
drone,random,0.2,constructed,random-mem_0-nu_02--eval_0,14,1.1037473177434209e-05,-49.54410421548551,49.99995526743974,13.904097930021084,6,10.25734806060791
drone,random,0.2,constructed,random-mem_0-nu_02--eval_0,15,1.1191797590523851e-05,-49.5441141370145,49.99995075350596,13.904019745006051,6,10.950991868972778
dpm,safe,0.2,constructed,safe-mem_0-nu_02--eval_0,92,3.3469270666128963e-06,0.00033315172149564324,44.43572768651615,0.8298361374842639,4,31.353142499923706
drone,random,0.2,constructed,random-mem_0-nu_02--eval_0,16,1.284357878860511e-05,-49.544115818725096,49.999950716322154,13.903982853351293,6,11.962926626205444
drone,random,0.2,constructed,random-mem_0-nu_02--eval_0,17,1.3281852422281058e-05,-49.54411751363634,49.99994958263446,13.903952383096893,6,14.218258142471313
dpm,safe,0.2,constructed,safe-mem_0-nu_02--eval_0,93,3.395286086052122e-06,0.000337973598354406,44.43572770499633,0.8298222394407143,4,31.706454753875732
drone,random,0.2,constructed,random-mem_0-nu_02--eval_0,18,1.3589719649924511e-05,-49.544118746028744,49.99994957947499,13.903945503774661,6,13.556741714477539
drone,random,0.2,constructed,random-mem_0-nu_02--eval_0,19,1.6177994549117277e-05,-49.54411490566505,49.999949573929804,13.903874570709108,6,16.616443395614624
dpm,safe,0.2,constructed,safe-mem_0-nu_02--eval_0,94,3.415908035364725e-06,0.00034000949437371607,44.43572770275339,0.8298163116979199,4,32.88987874984741
drone,random,0.2,constructed,random-mem_0-nu_02--eval_0,20,1.6180961155698123e-05,-49.54411495024643,49.99994955720051,13.903874241127577,6,17.12972402572632
dpm,safe,0.2,constructed,safe-mem_0-nu_02--eval_0,95,3.479687848736166e-06,0.0003463808994479142,44.43572771495381,0.8297979983590839,4,32.141894817352295
drone,random,0.2,constructed,random-mem_0-nu_02--eval_0,21,1.618687413142903e-05,-49.544115010890835,49.99994953263934,13.903873856585466,6,16.024183988571167
drone,random,0.2,constructed,random-mem_0-nu_02--eval_0,22,4.043560605337574e-05,-49.5440884855358,49.99994941645169,13.903231018208885,6,16.747228384017944
dpm,safe,0.2,constructed,safe-mem_0-nu_02--eval_0,96,3.52020514528726e-06,0.0003504168221649057,44.435727722242454,0.829786371775859,4,32.9109206199646
corridor,random,0.2,constructed,random-mem_0-nu_02--eval_0,186,0.20000000000000015,-21.689785233830303,41.29632856193809,32.47978520254474,2,219.83061933517456
drone,random,0.2,constructed,random-mem_0-nu_02--eval_0,23,4.071425490810519e-05,-49.54408972152887,49.99994874776427,13.903211938990074,6,17.9116690158844
drone,random,0.2,constructed,random-mem_0-nu_02--eval_0,24,4.330275613680249e-05,-49.54409378016503,49.99994570074932,13.90309545166484,6,18.404808044433594
dpm,safe,0.2,constructed,safe-mem_0-nu_02--eval_0,97,3.5575063503384034e-06,0.00035413038110696817,44.43572771751982,0.829775674761167,4,32.93801712989807
drone,random,0.2,constructed,random-mem_0-nu_02--eval_0,25,4.352353921351181e-05,-49.54410250448764,49.99994131815749,13.90301979474209,6,19.17483949661255
dpm,safe,0.2,constructed,safe-mem_0-nu_02--eval_0,98,3.6158051509087173e-06,0.00035995001435632266,44.435727725463664,0.8297589583665174,4,33.27736854553223
drone,random,0.2,constructed,random-mem_0-nu_02--eval_0,26,4.3815183526585395e-05,-49.544102455159376,49.99994126938437,13.903012572928812,6,20.507043838500977
drone,random,0.2,constructed,random-mem_0-nu_02--eval_0,27,4.3895165090234566e-05,-49.54410286350634,49.99994114229228,13.903009577247138,6,21.162821292877197
dpm,safe,0.2,constructed,safe-mem_0-nu_02--eval_0,99,3.6295847190963145e-06,0.00036129626759062955,44.43572771840718,0.8297549970162863,4,33.84975051879883
drone-b,greedy,0.2,constructed,greedy-mem_0-nu_02--eval_0,71,0.19999999999850318,33.20128551442756,41.130214707223054,10.60904611896331,3,211.29104351997375
drone,random,0.2,constructed,random-mem_0-nu_02--eval_0,28,4.4134249529588284e-05,-49.54410250709937,49.999941136906784,13.903002954412592,6,22.20002317428589
dpm,safe,0.2,constructed,safe-mem_0-nu_02--eval_0,100,3.6374386959228902e-06,0.00036206144668164404,44.43572771382166,0.8297527391551968,4,34.43378448486328
drone,random,0.2,constructed,random-mem_0-nu_02--eval_0,29,6.064633803357201e-05,-49.544107161411716,49.99994113588683,13.902722997999957,6,26.60932230949402
dpm,safe,0.2,constructed,safe-mem_0-nu_02--eval_0,101,3.690453503298988e-06,0.0003673439109101398,44.4357277209827,0.829737515797046,4,34.940921783447266
drone,random,0.2,constructed,random-mem_0-nu_02--eval_0,30,6.0652398888516565e-05,-49.544107180226696,49.99994112764768,13.902722725288537,6,25.84087347984314
corridor,random,0.2,constructed,random-mem_0-nu_02--eval_0,187,0.20000000000000015,-21.688999835374833,41.29612100604087,32.47903122703777,2,217.04101634025574
dpm,safe,0.2,constructed,safe-mem_0-nu_02--eval_0,102,3.7358564686863425e-06,0.00037186726445007524,44.43572771864765,0.8297244831733572,4,36.14475464820862
drone,random,0.2,constructed,random-mem_0-nu_02--eval_0,31,6.06915395058546e-05,-49.544107739546156,49.99994089846851,13.90271784659946,6,29.739789247512817
drone,random,0.2,constructed,random-mem_0-nu_02--eval_0,32,6.317172237495691e-05,-49.544105711821196,49.99994019851273,13.902640560660464,6,30.166236639022827
dpm,safe,0.2,constructed,safe-mem_0-nu_02--eval_0,103,3.7431180208767684e-06,0.00037258267573679794,44.43572771187311,0.829722401535329,4,35.9439537525177
drone,random,0.2,constructed,random-mem_0-nu_02--eval_0,33,6.31777137143373e-05,-49.54410579660343,49.99994016622671,13.902639902086092,6,30.069406509399414
dpm,safe,0.2,constructed,safe-mem_0-nu_02--eval_0,104,3.768257320809044e-06,0.00037508631633347884,44.43572771322193,0.8297151838898468,4,36.56777262687683
drone,random,0.2,constructed,random-mem_0-nu_02--eval_0,34,6.317849971125665e-05,-49.544105825152215,49.9999401550542,13.902639702353992,6,29.02453637123108
dpm,safe,0.2,constructed,safe-mem_0-nu_02--eval_0,105,3.857942057654896e-06,0.0003840416489578984,44.4357277448833,0.8296894406300885,4,36.833388328552246
drone,random,0.2,constructed,random-mem_0-nu_02--eval_0,35,6.322934254942956e-05,-49.54410821065788,49.99993913964912,13.902622860203316,6,30.209047079086304
dpm,safe,0.2,constructed,safe-mem_0-nu_02--eval_0,106,3.9227293257772215e-06,0.00039050802028173183,44.43572775104574,0.8296708415102072,4,37.439990758895874
corridor,random,0.2,constructed,random-mem_0-nu_02--eval_0,188,0.20000000000000015,-21.684528949495554,41.29482537991301,32.476947125601775,2,221.79684257507324
drone,random,0.2,constructed,random-mem_0-nu_02--eval_0,36,6.385286048047115e-05,-49.54410801781342,49.99993894800179,13.902603074279718,6,31.08612823486328
drone-b,greedy,0.2,constructed,greedy-mem_0-nu_02--eval_0,72,0.19999999999850318,33.201775075478466,41.13018638189065,10.608893192960883,3,213.32868814468384
dpm,safe,0.2,constructed,safe-mem_0-nu_02--eval_0,107,3.978872691188269e-06,0.00039610538273656553,44.43572775470229,0.8296547453973718,4,42.65227746963501
drone,random,0.2,constructed,random-mem_0-nu_02--eval_0,37,6.385481291800581e-05,-49.5441080929182,49.99993891551105,13.90260246700576,6,32.18426203727722
drone,random,0.2,constructed,random-mem_0-nu_02--eval_0,38,6.426036830769001e-05,-49.54410776912467,49.999938800023514,13.902589774820823,6,33.545321226119995
dpm,safe,0.2,constructed,safe-mem_0-nu_02--eval_0,108,4.030548906600976e-06,0.00040125075994202047,44.435727759545564,0.8296399163306591,4,39.08030080795288
drone,random,0.2,constructed,random-mem_0-nu_02--eval_0,39,6.434386821194428e-05,-49.54410767888521,49.99993878812194,13.902587326072918,6,34.34639525413513
dpm,safe,0.2,constructed,safe-mem_0-nu_02--eval_0,109,4.097823539962992e-06,0.00040796281476755724,44.43572778312392,0.8296206440307945,4,39.3140184879303
drone,random,0.2,constructed,random-mem_0-nu_02--eval_0,40,6.525219809355849e-05,-49.544106598850945,49.999938773462496,13.902562912560501,6,37.56583905220032
dpm,safe,0.2,constructed,safe-mem_0-nu_02--eval_0,110,4.118814914667334e-06,0.00041004962745578,44.43572778187167,0.8296146197581686,4,40.018025636672974
drone,random,0.2,constructed,random-mem_0-nu_02--eval_0,41,6.945337861825486e-05,-49.54410236040621,49.99993852636573,13.902446304699529,6,37.50116205215454
corridor,random,0.2,constructed,random-mem_0-nu_02--eval_0,189,0.20000000000000015,-21.683397436760853,41.294480286409694,32.476152511301535,2,223.5470540523529
dpm,safe,0.2,constructed,safe-mem_0-nu_02--eval_0,111,4.165479757886764e-06,0.0004147054906932674,44.435727784596025,0.8296012316451852,4,40.40765571594238
drone,random,0.2,constructed,random-mem_0-nu_02--eval_0,42,7.252627804295882e-05,-49.544097750954094,49.99993851820103,13.902362244889709,6,38.36195993423462
dpm,safe,0.2,constructed,safe-mem_0-nu_02--eval_0,112,4.200001388343734e-06,0.00041813529164119034,44.43572778944599,0.8295913166449826,4,41.15521836280823
drone,random,0.2,constructed,random-mem_0-nu_02--eval_0,43,7.255166451824825e-05,-49.54409781739477,49.99993850507109,13.902361725362288,6,39.65236234664917
dpm,safe,0.2,constructed,safe-mem_0-nu_02--eval_0,113,4.278830587666042e-06,0.0004259917200865144,44.435727810460484,0.8295686613443212,4,41.93356227874756
drone,random,0.2,constructed,random-mem_0-nu_02--eval_0,44,7.287187413112979e-05,-49.54409833794741,49.99993826145326,13.902353136323379,6,41.34579682350159
drone-b,greedy,0.2,constructed,greedy-mem_0-nu_02--eval_0,73,0.19999999999850318,33.201775075478466,41.13018638189067,10.608893192960878,3,206.99162006378174
dpm,safe,0.2,constructed,safe-mem_0-nu_02--eval_0,114,4.320870320842875e-06,0.0004301758242413274,44.435727811722074,0.829556592138604,4,42.592665910720825
drone,random,0.2,constructed,random-mem_0-nu_02--eval_0,45,7.346979293311909e-05,-49.54409784251271,49.999938094677795,13.902334186860237,6,42.8898389339447
dpm,safe,0.2,constructed,safe-mem_0-nu_02--eval_0,115,4.359072339478427e-06,0.00043398409413955704,44.435727814820105,0.8295456338125877,4,43.00499153137207
corridor,random,0.2,constructed,random-mem_0-nu_02--eval_0,190,0.20000000000000015,-21.682369785987472,41.29420400409309,32.47564939515168,2,220.97193908691406
drone,random,0.2,constructed,random-mem_0-nu_02--eval_0,46,7.875443467558859e-05,-49.54410315580984,49.99993809456585,13.902272454788676,6,44.81531500816345
dpm,safe,0.2,constructed,safe-mem_0-nu_02--eval_0,116,4.399573658845864e-06,0.00043802175467513795,44.435727820090555,0.8295340206887464,4,44.80477333068848
drone,random,0.2,constructed,random-mem_0-nu_02--eval_0,47,7.879157736175933e-05,-49.54410313159275,49.99993808968701,13.9022714197267,6,46.52789640426636
dpm,safe,0.2,constructed,safe-mem_0-nu_02--eval_0,117,4.436553276468622e-06,0.00044169806503611394,44.43572782875831,0.8295234082293307,4,45.10435485839844
drone,random,0.2,constructed,random-mem_0-nu_02--eval_0,48,8.391184329658584e-05,-49.54409544723673,49.99993808025194,13.902130358056569,6,47.00428342819214
dpm,safe,0.2,constructed,safe-mem_0-nu_02--eval_0,118,4.4824639892112725e-06,0.0004462555798775132,44.435727840815325,0.8295102070865423,4,45.4597430229187
drone,random,0.2,constructed,random-mem_0-nu_02--eval_0,49,8.429895806728978e-05,-49.54409883081729,49.9999361982331,13.902089888444387,6,49.404210329055786
dpm,safe,0.2,constructed,safe-mem_0-nu_02--eval_0,119,4.528785269317082e-06,0.00045087246466067035,44.4357278443647,0.829496919213232,4,45.81451606750488
corridor,random,0.2,constructed,random-mem_0-nu_02--eval_0,191,0.20000000000000015,-21.6824788248785,41.29423510832364,32.475427819065665,2,225.258770942688
drone,random,0.2,constructed,random-mem_0-nu_02--eval_0,50,9.353329953238562e-05,-49.544085343300736,49.99993601239723,13.901834267673754,6,49.90163826942444
drone-b,greedy,0.2,constructed,greedy-mem_0-nu_02--eval_0,74,0.19999999999850318,33.201775075478466,41.13018638189071,10.60889319296088,3,207.20011067390442
dpm,safe,0.2,constructed,safe-mem_0-nu_02--eval_0,120,4.620160464392807e-06,0.0004599946250385205,44.43572788895979,0.8294706701801755,4,46.720033168792725
drone,random,0.2,constructed,random-mem_0-nu_02--eval_0,51,9.618969330381401e-05,-49.54409169711971,49.999934789444175,13.901787234273929,6,51.64591097831726
dpm,safe,0.2,constructed,safe-mem_0-nu_02--eval_0,121,4.638196330489468e-06,0.00046178104473846817,44.43572788374616,0.8294654961703423,4,47.35856056213379
drone,random,0.2,constructed,random-mem_0-nu_02--eval_0,52,9.670675372193846e-05,-49.54409229202569,49.99993478223128,13.901775813416261,6,52.63080883026123
dpm,safe,0.2,constructed,safe-mem_0-nu_02--eval_0,122,4.711291235027739e-06,0.0004690800846884228,44.43572789308398,0.8294445295012346,4,47.95190787315369
drone,random,0.2,constructed,random-mem_0-nu_02--eval_0,53,9.67463395946575e-05,-49.544092795104916,49.99993455511348,13.901770917590284,6,55.461986780166626
dpm,safe,0.2,constructed,safe-mem_0-nu_02--eval_0,123,4.728734308372372e-06,0.000470807598029292,44.4357278902268,0.8294395156471204,4,48.83774447441101
corridor,random,0.2,constructed,random-mem_0-nu_02--eval_0,192,0.20000000000000015,-21.682170899216178,41.29418134677234,32.47477390474541,2,231.03621864318848
drone,random,0.2,constructed,random-mem_0-nu_02--eval_0,54,9.741713569636195e-05,-49.544093457859404,49.999934550537205,13.901756972931263,6,57.355674505233765
dpm,safe,0.2,constructed,safe-mem_0-nu_02--eval_0,124,4.803807724704106e-06,0.0004782966398669126,44.435727913095214,0.8294179601382099,4,48.87876868247986
dpm,safe,0.2,constructed,safe-mem_0-nu_02--eval_0,125,4.844093788142358e-06,0.00048231356730220386,44.43572790909264,0.8294064077673253,4,49.47688293457031
drone,random,0.2,constructed,random-mem_0-nu_02--eval_0,55,9.760510913770933e-05,-49.54409392217422,49.999934477113634,13.90175259862469,6,58.59387826919556
drone-b,greedy,0.2,constructed,greedy-mem_0-nu_02--eval_0,75,0.19999999999850318,33.21185249092462,41.1294331341771,10.60564521936413,3,207.1490957736969
dpm,safe,0.2,constructed,safe-mem_0-nu_02--eval_0,126,4.944630422460994e-06,0.0004923506317910872,44.43572795123368,0.8293775646910347,4,50.44931197166443
drone,random,0.2,constructed,random-mem_0-nu_02--eval_0,56,9.828950167266327e-05,-49.54409519041835,49.99993430918673,13.901742921347973,6,67.58561062812805
dpm,safe,0.2,constructed,safe-mem_0-nu_02--eval_0,127,5.0175966066254235e-06,0.0004996311373293752,44.43572797669074,0.8293566098275079,4,50.48030352592468
corridor,random,0.2,constructed,random-mem_0-nu_02--eval_0,193,0.20000000000000015,-21.680648350994705,41.29378975723379,32.47363765051125,2,226.86223721504211
drone,random,0.2,constructed,random-mem_0-nu_02--eval_0,57,0.00011366006794980093,-49.54407250691181,49.99993419820486,13.901314398082047,6,68.92610192298889
dpm,safe,0.2,constructed,safe-mem_0-nu_02--eval_0,128,5.056077502026771e-06,0.0005034656610961859,44.435727979252874,0.8293455728654211,4,52.32100057601929
drone,random,0.2,constructed,random-mem_0-nu_02--eval_0,58,0.00011366763235198907,-49.54407300943585,49.9999339882006,13.90131055344119,6,62.51665782928467
dpm,safe,0.2,constructed,safe-mem_0-nu_02--eval_0,129,5.083038501750107e-06,0.0005061489702011902,44.435727974227284,0.8293378464717326,4,52.01262354850769
dpm,safe,0.2,constructed,safe-mem_0-nu_02--eval_0,130,5.124526466961455e-06,0.0005102785102737162,44.43572798037485,0.82932594319417,4,52.07832956314087
drone,random,0.2,constructed,random-mem_0-nu_02--eval_0,59,0.00011372335835287456,-49.544073325397,49.999933817631316,13.90130615578505,6,63.153717041015625
dpm,safe,0.2,constructed,safe-mem_0-nu_02--eval_0,131,5.134553754354974e-06,0.0005112678461666603,44.435727975500235,0.8293230748025526,4,52.80719494819641
corridor,random,0.2,constructed,random-mem_0-nu_02--eval_0,194,0.20000000000000015,-21.68099708366353,41.293897231350805,32.47323673829531,2,228.86279892921448
drone,random,0.2,constructed,random-mem_0-nu_02--eval_0,60,0.00011374052855245329,-49.54407336891839,49.99993380257971,13.901305512760015,6,65.34561538696289
drone-b,greedy,0.2,constructed,greedy-mem_0-nu_02--eval_0,76,0.19999999999850318,33.218385030232746,41.12890941151454,10.603845233230405,3,205.71647667884827
dpm,safe,0.2,constructed,safe-mem_0-nu_02--eval_0,132,5.154736582203067e-06,0.0005132593334753717,44.43572797021479,0.829317273982974,4,57.54436540603638
drone,random,0.2,constructed,random-mem_0-nu_02--eval_0,61,0.00011620096148322665,-49.544070781237096,49.99993378991057,13.901240399202791,6,67.07221174240112
dpm,safe,0.2,constructed,safe-mem_0-nu_02--eval_0,133,5.16721799959775e-06,0.0005144952290925365,44.43572796568282,0.8293136957424617,4,54.194029808044434
drone,random,0.2,constructed,random-mem_0-nu_02--eval_0,62,0.00011620629754290216,-49.54407117253318,49.999933616814424,13.901237790839792,6,69.42642903327942
dpm,safe,0.2,constructed,safe-mem_0-nu_02--eval_0,134,5.229964087339842e-06,0.0005207430618449594,44.43572799577294,0.8292956480867187,4,56.38760471343994
corridor,random,0.2,constructed,random-mem_0-nu_02--eval_0,195,0.20000000000000015,-21.678497056682854,41.293235877204836,32.47177224225814,2,231.3734700679779
drone,random,0.2,constructed,random-mem_0-nu_02--eval_0,63,0.00011891588875262759,-49.544080875433266,49.999927529904056,13.901076006001563,6,71.07003140449524
dpm,safe,0.2,constructed,safe-mem_0-nu_02--eval_0,135,5.248542011742532e-06,0.00052258737649158,44.43572799237501,0.8292903150660608,4,56.06006693840027
dpm,safe,0.2,constructed,safe-mem_0-nu_02--eval_0,136,5.303129290963784e-06,0.0005280287973046189,44.43572799974532,0.8292746474339646,4,56.56851840019226
drone,random,0.2,constructed,random-mem_0-nu_02--eval_0,64,0.00011892554182747201,-49.54408114801271,49.999927416945006,13.901073773740368,6,73.08432054519653
drone-b,greedy,0.2,constructed,greedy-mem_0-nu_02--eval_0,77,0.19999999999850318,33.218385030232746,41.128909411514506,10.603845233230405,3,211.46238327026367
dpm,safe,0.2,constructed,safe-mem_0-nu_02--eval_0,137,5.3129077448715636e-06,0.0005289983526856913,44.435727990321794,0.8292718374835095,4,57.269880056381226
drone,random,0.2,constructed,random-mem_0-nu_02--eval_0,65,0.00011945399583060808,-49.54408310393222,49.999926207971065,13.901039749066632,6,82.16465711593628
dpm,safe,0.2,constructed,safe-mem_0-nu_02--eval_0,138,5.457939615908423e-06,0.000543491743257665,44.43572807477746,0.8292301678940932,4,58.656511306762695
corridor,random,0.2,constructed,random-mem_0-nu_02--eval_0,196,0.20000000000000015,-21.679627248110947,41.29354355708499,32.471938015449055,2,234.56113696098328
drone,random,0.2,constructed,random-mem_0-nu_02--eval_0,66,0.00012002946109543557,-49.54408629670171,49.99992508527785,13.901007653745115,6,77.7750506401062
dpm,safe,0.2,constructed,safe-mem_0-nu_02--eval_0,139,5.470744284056332e-06,0.0005447552158429077,44.43572806665443,0.8292264888214856,4,60.396801471710205
dpm,safe,0.2,constructed,safe-mem_0-nu_02--eval_0,140,5.501067507675015e-06,0.0005477733452854399,44.43572806765067,0.8292177814503426,4,58.901159048080444
drone,random,0.2,constructed,random-mem_0-nu_02--eval_0,67,0.00012005511571691138,-49.54408744109946,49.99992458038579,13.900998892821358,6,78.60843181610107
dpm,safe,0.2,constructed,safe-mem_0-nu_02--eval_0,141,5.517300927859528e-06,0.000549381641132983,44.43572805255599,0.8292131296244748,4,59.594210624694824
drone,random,0.2,constructed,random-mem_0-nu_02--eval_0,68,0.00012010143691033396,-49.5440874951569,49.999924579803974,13.90099788919899,6,79.85584092140198
corridor,random,0.2,constructed,random-mem_0-nu_02--eval_0,197,0.20000000000000015,-21.675788781820007,41.292447531513126,32.47001770712279,2,231.27027583122253
drone-b,greedy,0.2,constructed,greedy-mem_0-nu_02--eval_0,78,0.19999999999850318,33.218385030232746,41.12890941151451,10.603845233230405,3,214.3653416633606
dpm,safe,0.2,constructed,safe-mem_0-nu_02--eval_0,142,5.53603865093019e-06,0.0005512393585785164,44.4357280458977,0.8292077652301212,4,60.5821852684021
drone,random,0.2,constructed,random-mem_0-nu_02--eval_0,69,0.00012040789333380103,-49.544092461320766,49.99992236039794,13.900956444038824,6,83.6057801246643
dpm,safe,0.2,constructed,safe-mem_0-nu_02--eval_0,143,5.571629819866624e-06,0.0005547834257701462,44.4357280476542,0.8291975544526256,4,61.14242672920227
drone,random,0.2,constructed,random-mem_0-nu_02--eval_0,70,0.00012074289975623041,-49.54409214018485,49.99992229091376,13.90094640089251,6,86.19468855857849
dpm,safe,0.2,constructed,safe-mem_0-nu_02--eval_0,144,5.5861164605531224e-06,0.0005562055006752735,44.435728043222596,0.8291934018295646,4,62.24076008796692
dpm,safe,0.2,constructed,safe-mem_0-nu_02--eval_0,145,5.672592775745563e-06,0.0005648431149206352,44.43572810011087,0.8291685436540875,4,62.350584745407104
corridor,random,0.2,constructed,random-mem_0-nu_02--eval_0,198,0.20000000000000015,-21.674732464541872,41.29215084295719,32.46900422261198,2,238.1086621284485
drone,random,0.2,constructed,random-mem_0-nu_02--eval_0,71,0.00012077451010261169,-49.544092252215606,49.9999222241812,13.900944476058369,6,85.86028099060059
dpm,safe,0.2,constructed,safe-mem_0-nu_02--eval_0,146,5.7578768872795514e-06,0.0005733563617015994,44.43572812659718,0.8291440619955179,4,63.13192939758301
drone,random,0.2,constructed,random-mem_0-nu_02--eval_0,72,0.00012089435178629203,-49.54409516422337,49.99992089200907,13.900918931941401,6,88.23710370063782
drone-b,greedy,0.2,constructed,greedy-mem_0-nu_02--eval_0,79,0.19999999999850318,33.218385030232746,41.12890941151452,10.603845233230405,3,214.8822374343872
dpm,safe,0.2,constructed,safe-mem_0-nu_02--eval_0,147,5.785610660855402e-06,0.000576107912581109,44.435728124091575,0.8291360990626768,4,64.67258763313293
drone,random,0.2,constructed,random-mem_0-nu_02--eval_0,73,0.0001209166862568492,-49.544096098262415,49.99992050835343,13.900912003367738,6,89.1565911769867
dpm,safe,0.2,constructed,safe-mem_0-nu_02--eval_0,148,5.799974288083701e-06,0.000577531350879892,44.43572811404727,0.8291319839220034,4,65.47661471366882
corridor,random,0.2,constructed,random-mem_0-nu_02--eval_0,199,0.20000000000000015,-21.672898474384134,41.291687848010206,32.467716961373526,2,236.1279857158661
dpm,safe,0.2,constructed,safe-mem_0-nu_02--eval_0,149,5.81924783733555e-06,0.0005794450517628907,44.43572810656214,0.8291264458977335,4,66.17845058441162
drone,random,0.2,constructed,random-mem_0-nu_02--eval_0,74,0.0001213411358829538,-49.54409678669666,49.99992042886286,13.900905862172108,6,93.56445932388306
dpm,safe,0.2,constructed,safe-mem_0-nu_02--eval_0,150,5.841873589145574e-06,0.0005816874246967815,44.435728105978505,0.829119945774364,4,65.66691946983337
drone,random,0.2,constructed,random-mem_0-nu_02--eval_0,75,0.00012134641870565691,-49.54409682019237,49.999920411548935,13.90090541249539,6,92.7202627658844
dpm,safe,0.2,constructed,safe-mem_0-nu_02--eval_0,151,5.872595448876465e-06,0.0005847457518507244,44.43572811246697,0.8291111274290986,4,65.67854356765747
drone-b,greedy,0.2,constructed,greedy-mem_0-nu_02--eval_0,80,0.19999999999850318,33.218385030232746,41.12890941151464,10.603845233230405,3,207.27028560638428
corridor,random,0.2,constructed,random-mem_0-nu_02--eval_0,200,0.20000000000000015,-21.672226838599688,41.291497899245776,32.46725647387904,2,236.93338656425476
dpm,safe,0.2,constructed,safe-mem_0-nu_02--eval_0,152,5.901653919614783e-06,0.0005876253408251724,44.43572811726785,0.8291027902283699,4,66.83047866821289
drone,random,0.2,constructed,random-mem_0-nu_02--eval_0,76,0.00012192679102204887,-49.544098052200056,49.99992041103271,13.900889903110366,6,95.43113112449646
dpm,safe,0.2,constructed,safe-mem_0-nu_02--eval_0,153,5.923316845964986e-06,0.0005897662917419338,44.435728116221185,0.8290965730421864,4,69.22138285636902
drone,random,0.2,constructed,random-mem_0-nu_02--eval_0,77,0.00012195787404443314,-49.544100920385,49.999919164858035,13.900871091803987,6,100.02033925056458
dpm,safe,0.2,constructed,safe-mem_0-nu_02--eval_0,154,5.972457550758498e-06,0.0005946617392995261,44.43572812857276,0.8290824647851638,4,68.40462398529053
corridor,random,0.2,constructed,random-mem_0-nu_02--eval_0,201,0.20000000000000015,-21.659292815660205,41.28789570360256,32.461270261362834,2,240.76684546470642
drone,random,0.2,constructed,random-mem_0-nu_02--eval_0,78,0.00012201593455082214,-49.544100863582074,49.999919157160775,13.900869433457295,6,99.83239817619324
dpm,safe,0.2,constructed,safe-mem_0-nu_02--eval_0,155,5.987854421249894e-06,0.000596173156571301,44.43572812719658,0.8290780340079282,4,68.64639377593994
drone-b,greedy,0.2,constructed,greedy-mem_0-nu_02--eval_0,81,0.19999999999850318,33.2187586700926,41.12889321448366,10.603740704424377,3,208.98566508293152
dpm,safe,0.2,constructed,safe-mem_0-nu_02--eval_0,156,6.01165796371612e-06,0.0005985399258626616,44.43572812428207,0.8290712132219997,4,69.82692241668701
drone,random,0.2,constructed,random-mem_0-nu_02--eval_0,79,0.00012666711185663679,-49.5440947367204,49.99991873981537,13.9007303053604,6,101.74014377593994
dpm,safe,0.2,constructed,safe-mem_0-nu_02--eval_0,157,6.041056106739333e-06,0.0006014651695068795,44.4357281210268,0.8290627867944618,4,74.00233554840088
drone,random,0.2,constructed,random-mem_0-nu_02--eval_0,80,0.0001266772559522201,-49.54409472661161,49.99991873973591,13.900730045961735,6,104.1308286190033
corridor,random,0.2,constructed,random-mem_0-nu_02--eval_0,202,0.20000000000000015,-21.65743153021291,41.287343151014085,32.4601351574166,2,241.90137004852295
dpm,safe,0.2,constructed,safe-mem_0-nu_02--eval_0,158,6.078969417342432e-06,0.0006052458006511994,44.43572812646746,0.8290519199513248,4,70.96621084213257
drone,random,0.2,constructed,random-mem_0-nu_02--eval_0,81,0.00012944651881587567,-49.54409857948901,49.99991844746581,13.900664911955115,6,105.01234197616577
dpm,safe,0.2,constructed,safe-mem_0-nu_02--eval_0,159,6.106634290601818e-06,0.0006079976868425856,44.435728124753076,0.8290439856916403,4,73.58792757987976
drone-b,greedy,0.2,constructed,greedy-mem_0-nu_02--eval_0,82,0.19999999999850318,33.21969428289615,41.12885372061787,10.603465310224678,3,210.02212810516357
dpm,safe,0.2,constructed,safe-mem_0-nu_02--eval_0,160,6.122850410280543e-06,0.0006096095788323003,44.435728120967546,0.8290393383883652,4,73.49267148971558
drone,random,0.2,constructed,random-mem_0-nu_02--eval_0,82,0.00012985849737071742,-49.54409897416768,49.99991805987195,13.900647225560684,6,108.25385427474976
corridor,random,0.2,constructed,random-mem_0-nu_02--eval_0,203,0.20000000000000015,-21.656516772648885,41.28708579648999,32.45973643857047,2,240.51726579666138
dpm,safe,0.2,constructed,safe-mem_0-nu_02--eval_0,161,6.228829296826854e-06,0.0006201896141254711,44.43572817892906,0.8290089415910272,4,75.41575193405151
drone,random,0.2,constructed,random-mem_0-nu_02--eval_0,83,0.00013368475148949446,-49.54409517666812,49.99991805604613,13.900546821388803,6,111.46078443527222
dpm,safe,0.2,constructed,safe-mem_0-nu_02--eval_0,162,6.2470410921651325e-06,0.0006219878786663479,44.43572817666818,0.82900371104408,4,84.59878349304199
dpm,safe,0.2,constructed,safe-mem_0-nu_02--eval_0,163,6.262432532941061e-06,0.0006235103133697221,44.43572817146785,0.8289993106933786,4,74.60167098045349
drone,random,0.2,constructed,random-mem_0-nu_02--eval_0,84,0.00013383780615286686,-49.54409942656904,49.99991589122469,13.900507201238668,6,112.13103818893433
corridor,random,0.2,constructed,random-mem_0-nu_02--eval_0,204,0.20000000000000015,-21.651119175054944,41.285556229863566,32.45723256534137,2,246.35261297225952
drone-b,greedy,0.2,constructed,greedy-mem_0-nu_02--eval_0,83,0.19999999999850318,33.21969428289615,41.128853720617926,10.603465310224678,3,208.43158054351807
dpm,safe,0.2,constructed,safe-mem_0-nu_02--eval_0,164,6.286402880241997e-06,0.0006258816399372213,44.43572816491763,0.8289924264183579,4,75.45196104049683
drone,random,0.2,constructed,random-mem_0-nu_02--eval_0,85,0.00013453806725009917,-49.54409845769183,49.99991586111415,13.90048769029977,6,116.3829779624939
dpm,safe,0.2,constructed,safe-mem_0-nu_02--eval_0,165,6.323001826871727e-06,0.0006295231529794051,44.435728173226536,0.8289819336206107,4,77.23876476287842
drone,random,0.2,constructed,random-mem_0-nu_02--eval_0,86,0.0001345498856951511,-49.544099402499754,49.99991543531566,13.900480749871077,6,119.36717438697815
dpm,safe,0.2,constructed,safe-mem_0-nu_02--eval_0,166,6.343227241437342e-06,0.0006315299310425612,44.43572817130463,0.8289761379605978,4,76.73840117454529
corridor,random,0.2,constructed,random-mem_0-nu_02--eval_0,205,0.20000000000000015,-21.650267101581516,41.28534135083582,32.4565986266289,2,243.74349880218506
dpm,safe,0.2,constructed,safe-mem_0-nu_02--eval_0,167,6.367210130884564e-06,0.0006339070504921085,44.43572817160229,0.8289692581186392,4,83.46351337432861
drone-b,greedy,0.2,constructed,greedy-mem_0-nu_02--eval_0,84,0.19999999999850318,33.21969428289615,41.128853720617954,10.603465310224669,3,207.94194293022156
drone,random,0.2,constructed,random-mem_0-nu_02--eval_0,87,0.00013474314022328648,-49.54409911852412,49.99991543472652,13.900475542978457,6,119.85865020751953
dpm,safe,0.2,constructed,safe-mem_0-nu_02--eval_0,168,6.397339397346818e-06,0.0006368976610184583,44.4357281658584,0.8289606063429587,4,79.27000617980957
drone,random,0.2,constructed,random-mem_0-nu_02--eval_0,88,0.00013665083511566227,-49.5441013476169,49.99991541189671,13.900433481981734,6,124.77988767623901
dpm,safe,0.2,constructed,safe-mem_0-nu_02--eval_0,169,6.44816822575115e-06,0.0006419655281701425,44.435728178608464,0.8289460395610159,4,79.81915736198425
corridor,random,0.2,constructed,random-mem_0-nu_02--eval_0,206,0.20000000000000015,-21.6455627991341,41.28407138006096,32.45353439230811,2,247.26773715019226
dpm,safe,0.2,constructed,safe-mem_0-nu_02--eval_0,170,6.492319737429714e-06,0.0006463618156769342,44.43572818692206,0.8289333618649948,4,79.84959578514099
drone,random,0.2,constructed,random-mem_0-nu_02--eval_0,89,0.0001366549866418953,-49.544101370226414,49.99991540086523,13.900433197542325,6,123.8587372303009
dpm,safe,0.2,constructed,safe-mem_0-nu_02--eval_0,171,6.522529981576707e-06,0.0006493650577442643,44.4357281865811,0.8289247020492847,4,82.39129781723022
drone-b,greedy,0.2,constructed,greedy-mem_0-nu_02--eval_0,85,0.19999999999850318,33.21969428289615,41.12885372061791,10.603465310224669,3,209.2023205757141
drone,random,0.2,constructed,random-mem_0-nu_02--eval_0,90,0.00013665640458748515,-49.54410141816193,49.99991537942389,13.900432904429382,6,127.4441990852356
corridor,random,0.2,constructed,random-mem_0-nu_02--eval_0,207,0.20000000000000015,-21.643176108056583,41.283379407318144,32.452394839612275,2,251.3463327884674
dpm,safe,0.2,constructed,safe-mem_0-nu_02--eval_0,172,6.553107919089685e-06,0.000652398238084331,44.43572818777932,0.8289159316841569,4,82.89751505851746
dpm,safe,0.2,constructed,safe-mem_0-nu_02--eval_0,173,6.624320663398838e-06,0.0006595026881727184,44.43572821838509,0.8288954773813383,4,84.94366240501404
drone,random,0.2,constructed,random-mem_0-nu_02--eval_0,91,0.00013677573739781843,-49.5441015410683,49.99991527500128,13.900428077291082,6,131.0886788368225
dpm,safe,0.2,constructed,safe-mem_0-nu_02--eval_0,174,6.65605299821896e-06,0.0006626635474819673,44.43572821789636,0.8288863754573902,4,84.09326171875
corridor,random,0.2,constructed,random-mem_0-nu_02--eval_0,208,0.20000000000000015,-21.642543140860305,41.28319587291842,32.451804650789995,2,249.04071426391602
drone-b,greedy,0.2,constructed,greedy-mem_0-nu_02--eval_0,86,0.19999999999850318,33.21969428289615,41.128853720617954,10.603465310224655,3,208.56651401519775
drone,random,0.2,constructed,random-mem_0-nu_02--eval_0,92,0.00013688092009364128,-49.544101506848484,49.99991525669317,13.90042526571339,6,131.00189328193665
dpm,safe,0.2,constructed,safe-mem_0-nu_02--eval_0,175,6.664239906006369e-06,0.0006634559064719596,44.43572820950932,0.8288840182155006,4,84.6479697227478
dpm,safe,0.2,constructed,safe-mem_0-nu_02--eval_0,176,6.748363056455824e-06,0.0006718491636764389,44.43572826726903,0.8288598212534829,4,85.95419454574585
drone,random,0.2,constructed,random-mem_0-nu_02--eval_0,93,0.00013736050202815348,-49.544111397372866,49.999910322945084,13.900333232931722,6,135.677805185318
dpm,safe,0.2,constructed,safe-mem_0-nu_02--eval_0,177,6.784021477379395e-06,0.0006753978367514646,44.43572827354199,0.8288496078442147,4,85.69766855239868
corridor,random,0.2,constructed,random-mem_0-nu_02--eval_0,209,0.20000000000000015,-21.64218423115657,41.283117083997894,32.4514353577777,2,249.15405440330505
drone,random,0.2,constructed,random-mem_0-nu_02--eval_0,94,0.00013759730947420282,-49.5441134977963,49.9999092889813,13.900310037015524,6,139.92108941078186
dpm,safe,0.2,constructed,safe-mem_0-nu_02--eval_0,178,6.7960192097001095e-06,0.0006765769175541615,44.43572826572899,0.828846160920417,4,87.08568835258484
drone-b,greedy,0.2,constructed,greedy-mem_0-nu_02--eval_0,87,0.19999999999850318,33.21969428289615,41.1288537206179,10.603465310224655,3,209.4900143146515
dpm,safe,0.2,constructed,safe-mem_0-nu_02--eval_0,179,6.821315574852457e-06,0.0006790897508760903,44.43572826562098,0.8288389221398758,4,88.41420602798462
drone,random,0.2,constructed,random-mem_0-nu_02--eval_0,95,0.00013776006978421444,-49.54412382887023,49.999903980585636,13.900219243481583,6,138.42785596847534
corridor,random,0.2,constructed,random-mem_0-nu_02--eval_0,210,0.20000000000000015,-21.638109804654054,41.28203534168009,32.448844312541276,2,251.87508702278137
dpm,safe,0.2,constructed,safe-mem_0-nu_02--eval_0,180,6.8608598591425345e-06,0.0006830261944243841,44.43572826907891,0.828827578103318,4,90.72801113128662
drone,random,0.2,constructed,random-mem_0-nu_02--eval_0,96,0.00013864270638670205,-49.544124958114,49.999903979217976,13.900209627867179,6,143.31997418403625
dpm,safe,0.2,constructed,safe-mem_0-nu_02--eval_0,181,6.880675175652714e-06,0.0006849934538788925,44.43572826948439,0.8288218921808164,4,89.03809881210327
drone-b,greedy,0.2,constructed,greedy-mem_0-nu_02--eval_0,88,0.19999999999850318,33.21969428289615,41.128853720617805,10.603465310224648,3,208.38322615623474
dpm,safe,0.2,constructed,safe-mem_0-nu_02--eval_0,182,6.9138492933320096e-06,0.0006882954072090817,44.43572827064288,0.8288123695727823,4,90.0173692703247
corridor,random,0.2,constructed,random-mem_0-nu_02--eval_0,211,0.20000000000000015,-21.636774946391782,41.28166010798686,32.4480477911092,2,252.7148540019989
drone,random,0.2,constructed,random-mem_0-nu_02--eval_0,97,0.00014184001509958243,-49.54412014526726,49.999903978868744,13.900122334032257,6,144.12192821502686
dpm,safe,0.2,constructed,safe-mem_0-nu_02--eval_0,183,6.9309891416344816e-06,0.0006899960032972832,44.4357282670343,0.8288074825314965,4,92.36566138267517
drone,random,0.2,constructed,random-mem_0-nu_02--eval_0,98,0.0001423986257644022,-49.54411956304114,49.99990395610327,13.900107505057626,6,147.70340275764465
dpm,safe,0.2,constructed,safe-mem_0-nu_02--eval_0,184,6.952906657698143e-06,0.0006921842073288782,44.43572826192056,0.8288012043940239,4,92.4404284954071
dpm,safe,0.2,constructed,safe-mem_0-nu_02--eval_0,185,6.990808792082819e-06,0.0006959470338627647,44.43572826492192,0.8287903193998416,4,91.34580826759338
corridor,random,0.2,constructed,random-mem_0-nu_02--eval_0,212,0.20000000000000015,-21.634953259730054,41.28119182843583,32.446662081738125,2,265.5925154685974
drone-b,greedy,0.2,constructed,greedy-mem_0-nu_02--eval_0,89,0.19999999999850318,33.21969428289615,41.12885372061777,10.603465310224648,3,210.11693835258484
drone,random,0.2,constructed,random-mem_0-nu_02--eval_0,99,0.00014254108919889923,-49.54412826511889,49.99990006081117,13.90003897113844,6,148.4698622226715
dpm,safe,0.2,constructed,safe-mem_0-nu_02--eval_0,186,7.003783893230762e-06,0.0006972315832967153,44.435728262132564,0.8287865987212336,4,92.52596473693848
dpm,safe,0.2,constructed,safe-mem_0-nu_02--eval_0,187,7.034719482495687e-06,0.0007003119076869312,44.435728264774845,0.8287777424852474,4,99.07317161560059
drone,random,0.2,constructed,random-mem_0-nu_02--eval_0,100,0.0001432536416075924,-49.54413142194286,49.99989893676014,13.90001405235017,6,152.47892999649048
corridor,random,0.2,constructed,random-mem_0-nu_02--eval_0,213,0.20000000000000015,-21.63433555034713,41.281034346956886,32.44610660226893,2,256.57520961761475
dpm,safe,0.2,constructed,safe-mem_0-nu_02--eval_0,188,7.055262504834079e-06,0.0007023486565841195,44.43572826217331,0.8287718415580032,4,94.2482361793518
drone-b,greedy,0.2,constructed,greedy-mem_0-nu_02--eval_0,90,0.1999999999998025,33.230322586095554,41.12806097876958,10.599787254944612,3,215.065265417099
drone,random,0.2,constructed,random-mem_0-nu_02--eval_0,101,0.00014532655387612285,-49.54413284957214,49.99989872496875,13.899962279250328,6,158.38752365112305
dpm,safe,0.2,constructed,safe-mem_0-nu_02--eval_0,189,7.067456658368213e-06,0.0007035512477368732,44.43572825998771,0.8287683463962195,4,95.06476664543152
dpm,safe,0.2,constructed,safe-mem_0-nu_02--eval_0,190,7.106985445944028e-06,0.0007074866647123279,44.43572826045465,0.8287570115363994,4,98.9168541431427
corridor,random,0.2,constructed,random-mem_0-nu_02--eval_0,214,0.20000000000000015,-21.63407262681459,41.28095389203915,32.44582667537878,2,267.4613528251648
drone,random,0.2,constructed,random-mem_0-nu_02--eval_0,102,0.00014700151723976308,-49.54413357253499,49.99989869391444,13.899922979204806,6,163.64782238006592
dpm,safe,0.2,constructed,safe-mem_0-nu_02--eval_0,191,7.1332688696980005e-06,0.0007100981974152534,44.43572825735964,0.8287494577380266,4,98.55201530456543
drone-b,greedy,0.2,constructed,greedy-mem_0-nu_02--eval_0,91,0.1999999999998025,33.230322586095554,41.128060978769525,10.59978725494462,3,212.21236753463745
drone,random,0.2,constructed,random-mem_0-nu_02--eval_0,103,0.00014715324419564972,-49.544133638895936,49.99989856125645,13.899917023218457,6,158.6217222213745
dpm,safe,0.2,constructed,safe-mem_0-nu_02--eval_0,192,7.186184088839883e-06,0.0007153698420397623,44.435728282472716,0.8287342569153778,4,97.56968641281128
corridor,random,0.2,constructed,random-mem_0-nu_02--eval_0,215,0.20000000000000015,-21.6314661981754,41.280250705916956,32.444223059735386,2,271.1349034309387
dpm,safe,0.2,constructed,safe-mem_0-nu_02--eval_0,193,7.2105216248283655e-06,0.0007177932817165987,44.43572827687952,0.8287272821936841,4,99.13121128082275
drone,random,0.2,constructed,random-mem_0-nu_02--eval_0,104,0.00014731082257606022,-49.54413624402078,49.9998973451264,13.89989206051269,6,164.67795634269714
dpm,safe,0.2,constructed,safe-mem_0-nu_02--eval_0,194,7.228245440845085e-06,0.000719555167679476,44.435728272840166,0.8287221945534567,4,101.59727692604065
drone-b,greedy,0.2,constructed,greedy-mem_0-nu_02--eval_0,92,0.1999999999998025,33.230322586095554,41.128060978769525,10.59978725494462,3,209.81885266304016
dpm,safe,0.2,constructed,safe-mem_0-nu_02--eval_0,195,7.268103599773953e-06,0.0007235181667730588,44.43572828049678,0.8287107522654158,4,100.16799020767212
drone,random,0.2,constructed,random-mem_0-nu_02--eval_0,105,0.0001474080775740403,-49.54414359999004,49.999893829876754,13.899833120665475,6,163.12380170822144
corridor,random,0.2,constructed,random-mem_0-nu_02--eval_0,216,0.20000000000000015,-21.631256104886877,41.28018877794422,32.443978299783254,2,262.25334095954895
dpm,safe,0.2,constructed,safe-mem_0-nu_02--eval_0,196,7.325578626431261e-06,0.0007292496568897135,44.43572828923715,0.8286942760565142,4,102.67020535469055
drone,random,0.2,constructed,random-mem_0-nu_02--eval_0,106,0.0001474152300426836,-49.544143791349455,49.99989375702735,13.899831675898925,6,171.07598400115967
dpm,safe,0.2,constructed,safe-mem_0-nu_02--eval_0,197,7.383186807008297e-06,0.0007349966405754821,44.43572830253668,0.8286777754514336,4,101.72540402412415
corridor,random,0.2,constructed,random-mem_0-nu_02--eval_0,217,0.20000000000000015,-21.63005635145118,41.27986286332473,32.44347286153531,2,262.57365703582764
drone-b,greedy,0.2,constructed,greedy-mem_0-nu_02--eval_0,93,0.1999999999998025,33.230647496487734,41.12804603580669,10.59970476475815,3,209.83923625946045
dpm,safe,0.2,constructed,safe-mem_0-nu_02--eval_0,198,7.409270260917712e-06,0.0007375841829027183,44.43572830600877,0.8286702868293655,4,102.59632015228271
drone,random,0.2,constructed,random-mem_0-nu_02--eval_0,107,0.0001480620414698837,-49.5441450899399,49.99989351607171,13.899813481176082,6,170.29769468307495
dpm,safe,0.2,constructed,safe-mem_0-nu_02--eval_0,199,7.446542074550044e-06,0.0007412931463901423,44.4357283103898,0.8286595943789707,4,104.53948664665222
drone,random,0.2,constructed,random-mem_0-nu_02--eval_0,108,0.00014979384655239042,-49.544155598897994,49.99988804390238,13.899688922189013,6,172.15924191474915
corridor,random,0.2,constructed,random-mem_0-nu_02--eval_0,218,0.20000000000000015,-21.628639798223052,41.27946457189135,32.44286824279631,2,265.55837321281433
dpm,safe,0.2,constructed,safe-mem_0-nu_02--eval_0,200,7.4624233087273355e-06,0.0007428521100883456,44.43572830934152,0.8286550366097466,4,104.41671133041382
drone-b,greedy,0.2,constructed,greedy-mem_0-nu_02--eval_0,94,0.1999999999998025,33.230647496487734,41.12804603580679,10.599704764758147,3,212.0131208896637
dpm,safe,0.2,constructed,safe-mem_0-nu_02--eval_0,201,7.484352671241699e-06,0.0007450259344773974,44.43572830864377,0.8286487429528593,4,105.7817554473877
drone,random,0.2,constructed,random-mem_0-nu_02--eval_0,109,0.00014990316230967428,-49.54416145616124,49.99988540161315,13.899641884133421,6,176.765478849411
dpm,safe,0.2,constructed,safe-mem_0-nu_02--eval_0,202,7.542079879355202e-06,0.0007507809941631615,44.435728320678436,0.8286321769243404,4,108.47286415100098
corridor,random,0.2,constructed,random-mem_0-nu_02--eval_0,219,0.20000000000000015,-21.626052291258336,41.27873803135441,32.441657518547416,2,266.000417470932
dpm,safe,0.2,constructed,safe-mem_0-nu_02--eval_0,203,7.595039015691818e-06,0.0007560580040364372,44.43572834022139,0.8286169653297315,4,108.3153395652771
drone,random,0.2,constructed,random-mem_0-nu_02--eval_0,110,0.0001576257368224218,-49.544149987979814,49.9998853691038,13.899429685520825,6,176.97672581672668
drone-b,greedy,0.2,constructed,greedy-mem_0-nu_02--eval_0,95,0.1999999999998025,33.230647496487734,41.12804603580678,10.599704764758144,3,211.31073904037476
dpm,safe,0.2,constructed,safe-mem_0-nu_02--eval_0,204,7.6202270138471955e-06,0.0007585671903548758,44.43572834076975,0.8286097489446784,4,107.74800300598145
corridor,random,0.2,constructed,random-mem_0-nu_02--eval_0,220,0.20000000000000015,-21.621658764225725,41.277495357566394,32.439842834325454,2,269.585244178772
drone,random,0.2,constructed,random-mem_0-nu_02--eval_0,111,0.00015813635198933836,-49.5441516845786,49.9998847837464,13.89940778069916,6,184.55378770828247
dpm,safe,0.2,constructed,safe-mem_0-nu_02--eval_0,205,7.63787680654236e-06,0.0007603220894109575,44.435728340312274,0.8286046885816993,4,109.91172766685486
dpm,safe,0.2,constructed,safe-mem_0-nu_02--eval_0,206,7.681529939667452e-06,0.0007646689927759408,44.435728350869645,0.8285921785280624,4,108.75235724449158
drone,random,0.2,constructed,random-mem_0-nu_02--eval_0,112,0.0001581987196176285,-49.544151595876556,49.99988478256415,13.899406083371664,6,184.09205889701843
drone-b,greedy,0.2,constructed,greedy-mem_0-nu_02--eval_0,96,0.1999999999998025,33.23116366582011,41.128016246315,10.5995308591653,3,210.77678418159485
corridor,random,0.2,constructed,random-mem_0-nu_02--eval_0,221,0.20000000000000015,-21.620025302069582,41.27701960956061,32.439124091177575,2,268.49124240875244
dpm,safe,0.2,constructed,safe-mem_0-nu_02--eval_0,207,7.725245990984763e-06,0.0007690132777856686,44.4357283592256,0.8285796460932401,4,109.92518591880798
drone,random,0.2,constructed,random-mem_0-nu_02--eval_0,113,0.00015828341102507574,-49.54415315390187,49.99988407060634,13.899392047555606,6,189.97083401679993
dpm,safe,0.2,constructed,safe-mem_0-nu_02--eval_0,208,7.742696741547586e-06,0.0007707323608613997,44.43572835301727,0.8285746287420321,4,115.66790986061096
dpm,safe,0.2,constructed,safe-mem_0-nu_02--eval_0,209,7.818643953882173e-06,0.0007783130000989757,44.4357283782624,0.8285528765596202,4,112.6964819431305
corridor,random,0.2,constructed,random-mem_0-nu_02--eval_0,222,0.20000000000000015,-21.610873528755604,41.27435582186894,32.43521620947415,2,269.5843560695648
drone-b,greedy,0.2,constructed,greedy-mem_0-nu_02--eval_0,97,0.1999999999998025,33.23116366582011,41.128016246314886,10.599530859165297,3,211.61052942276
drone,random,0.2,constructed,random-mem_0-nu_02--eval_0,114,0.00015839295176138887,-49.54415775810516,49.99988198670911,13.89935414501644,6,190.83096599578857
dpm,safe,0.2,constructed,safe-mem_0-nu_02--eval_0,210,7.841668060155262e-06,0.0007806065778182314,44.43572837540095,0.8285462795150702,4,112.80617499351501
dpm,safe,0.2,constructed,safe-mem_0-nu_02--eval_0,211,7.871902452408023e-06,0.0007836129046042142,44.435728378438796,0.8285376045911249,4,122.51003170013428
drone,random,0.2,constructed,random-mem_0-nu_02--eval_0,115,0.00015840311008531724,-49.54415813528686,49.999881816712694,13.899350987803304,6,194.56808042526245
corridor,random,0.2,constructed,random-mem_0-nu_02--eval_0,223,0.20000000000000015,-21.612001039159896,41.274671199881475,32.43522427001003,2,274.03504395484924
dpm,safe,0.2,constructed,safe-mem_0-nu_02--eval_0,212,7.878836964175585e-06,0.0007842962250374102,44.43572837452523,0.8285356205323321,4,113.97414803504944
drone-b,greedy,0.2,constructed,greedy-mem_0-nu_02--eval_0,98,0.1999999999998025,33.241375687083476,41.12723901137757,10.596247412701048,3,211.81130719184875
drone,random,0.2,constructed,random-mem_0-nu_02--eval_0,116,0.00015877853507708647,-49.54415773587016,49.999881816172795,13.89934113824204,6,194.4803192615509
dpm,safe,0.2,constructed,safe-mem_0-nu_02--eval_0,213,7.949111303939577e-06,0.0007913013189703121,44.43572840225792,0.8285154632851378,4,115.94783687591553
corridor,random,0.2,constructed,random-mem_0-nu_02--eval_0,224,0.20000000000000015,-21.611634626197677,41.274595428218504,32.43460343300321,2,273.6353621482849
dpm,safe,0.2,constructed,safe-mem_0-nu_02--eval_0,214,7.965750891718363e-06,0.0007929496903284775,44.43572839879682,0.8285106869417002,4,115.46802830696106
drone,random,0.2,constructed,random-mem_0-nu_02--eval_0,117,0.00017484442155767487,-49.54413514127796,49.99988175400091,13.898900154472347,6,203.48706245422363
drone-b,greedy,0.2,constructed,greedy-mem_0-nu_02--eval_0,99,0.1999999999998025,33.241375687083476,41.127239011377576,10.596247412701038,3,216.85536694526672
dpm,safe,0.2,constructed,safe-mem_0-nu_02--eval_0,215,8.040586139372816e-06,0.0008004299263562422,44.43572843361114,0.8284892166981912,4,117.76452708244324
corridor,random,0.2,constructed,random-mem_0-nu_02--eval_0,225,0.20000000000000015,-21.60920651747056,41.273908063245635,32.43356965132529,2,272.59069871902466
dpm,safe,0.2,constructed,safe-mem_0-nu_02--eval_0,216,8.086110223669917e-06,0.0008049648411602988,44.4357284457771,0.8284761472346812,4,118.3631579875946
drone,random,0.2,constructed,random-mem_0-nu_02--eval_0,118,0.00017500430648295705,-49.54414509837131,49.99987722195446,13.898821720706755,6,207.0212368965149
dpm,safe,0.2,constructed,safe-mem_0-nu_02--eval_0,217,8.105377515113191e-06,0.0008068678259521786,44.435728444193906,0.8284706174081845,4,118.9673388004303
drone-b,greedy,0.2,constructed,greedy-mem_0-nu_02--eval_0,100,0.1999999999998025,33.241375687083476,41.127239011377654,10.596247412701038,3,212.69850087165833
drone,random,0.2,constructed,random-mem_0-nu_02--eval_0,119,0.00017503395252554225,-49.544146967874724,49.99987638175666,13.898806886135688,6,202.11918807029724
corridor,random,0.2,constructed,random-mem_0-nu_02--eval_0,226,0.20000000000000015,-21.60598813371713,41.2730154365895,32.432114180448686,2,279.8904972076416
dpm,safe,0.2,constructed,safe-mem_0-nu_02--eval_0,218,8.170651948715807e-06,0.0008133797151670262,44.43572846970659,0.8284518658421403,4,121.85856676101685
dpm,safe,0.2,constructed,safe-mem_0-nu_02--eval_0,219,8.252249258118304e-06,0.0008215231134760779,44.4357284949963,0.8284284514335342,4,124.90581250190735
drone,random,0.2,constructed,random-mem_0-nu_02--eval_0,120,0.00017606468835920584,-49.54414950049211,49.99987635210965,13.898777459550004,6,210.4859540462494
dpm,safe,0.2,constructed,safe-mem_0-nu_02--eval_0,220,8.306882165497667e-06,0.00082696563414531,44.435728507997446,0.8284127610893933,4,120.36189270019531
corridor,random,0.2,constructed,random-mem_0-nu_02--eval_0,227,0.20000000000000015,-21.603496000939984,41.27234458465857,32.43070905126504,2,281.7480969429016
drone-b,greedy,0.2,constructed,greedy-mem_0-nu_02--eval_0,101,0.1999999999998025,33.241375687083476,41.12723901137771,10.596247412701045,3,212.6988606452942
dpm,safe,0.2,constructed,safe-mem_0-nu_02--eval_0,221,8.32667189936225e-06,0.0008289279345629289,44.435728505867274,0.8284070888000927,4,125.69099760055542
drone,random,0.2,constructed,random-mem_0-nu_02--eval_0,121,0.0001762901532845398,-49.54415203201723,49.99987509123072,13.898750470961376,6,211.08041405677795
dpm,safe,0.2,constructed,safe-mem_0-nu_02--eval_0,222,8.401212994647254e-06,0.0008363680850262501,44.43572852887298,0.8283857097309008,4,121.98110675811768
corridor,random,0.2,constructed,random-mem_0-nu_02--eval_0,228,0.20000000000000015,-21.60219118926125,41.271971956183265,32.430146409680226,2,283.24016976356506
drone-b,greedy,0.2,constructed,greedy-mem_0-nu_02--eval_0,102,0.1999999999998025,33.241375687083476,41.127239011377725,10.596247412701034,3,219.33461904525757
drone,random,0.2,constructed,random-mem_0-nu_02--eval_0,122,0.00017631519651510057,-49.544152948872906,49.99987468683326,13.898742984993472,6,211.4935564994812
dpm,safe,0.2,constructed,safe-mem_0-nu_02--eval_0,223,8.47449515202474e-06,0.0008436781708760524,44.43572854477526,0.8283646841970227,4,125.40682983398438
dpm,safe,0.2,constructed,safe-mem_0-nu_02--eval_0,224,8.487394733270073e-06,0.0008449525317411913,44.4357285421004,0.8283609959360979,4,125.55504775047302
corridor,random,0.2,constructed,random-mem_0-nu_02--eval_0,229,0.20000000000000015,-21.600023930641303,41.27138504551185,32.42896913376721,2,285.58831572532654
drone,random,0.2,constructed,random-mem_0-nu_02--eval_0,123,0.00017635021353026555,-49.54415308958082,49.99987461197368,13.898740880008631,6,220.49385833740234
dpm,safe,0.2,constructed,safe-mem_0-nu_02--eval_0,225,8.591612165291595e-06,0.0008553658523867379,44.43572857484939,0.8283310943947829,4,126.30310130119324
drone-b,greedy,0.2,constructed,greedy-mem_0-nu_02--eval_0,103,0.1999999999998025,33.241375687083476,41.127239011377796,10.596247412701029,3,215.51644158363342
dpm,safe,0.2,constructed,safe-mem_0-nu_02--eval_0,226,8.624097706064155e-06,0.000858598615589332,44.435728582699916,0.8283217985732249,4,126.11680150032043
drone,random,0.2,constructed,random-mem_0-nu_02--eval_0,124,0.00017771654614481632,-49.54415213794692,49.99987423478791,13.898700081762671,6,219.00890111923218
corridor,random,0.2,constructed,random-mem_0-nu_02--eval_0,230,0.20000000000000015,-21.597716161940557,41.270745975012055,32.42793176213994,2,285.35450649261475
dpm,safe,0.2,constructed,safe-mem_0-nu_02--eval_0,227,8.669193045860257e-06,0.0008630937002537535,44.43572859963161,0.828308879604915,4,126.84462642669678
drone,random,0.2,constructed,random-mem_0-nu_02--eval_0,125,0.00017774730797735756,-49.54415396698568,49.99987344929019,13.898685653088448,6,221.87669491767883
drone-b,greedy,0.2,constructed,greedy-mem_0-nu_02--eval_0,104,0.1999999999998025,33.241375687083476,41.12723901137788,10.59624741270103,3,224.74025464057922
dpm,safe,0.2,constructed,safe-mem_0-nu_02--eval_0,228,8.680532415728512e-06,0.0008642088668823003,44.435728596949666,0.8283056275206019,4,128.8749063014984
corridor,random,0.2,constructed,random-mem_0-nu_02--eval_0,231,0.20000000000000015,-21.592709662385847,41.26930310102762,32.42593226700075,2,289.78159046173096
dpm,safe,0.2,constructed,safe-mem_0-nu_02--eval_0,229,8.704230599668731e-06,0.0008665659161027285,44.43572859920191,0.8282988346577235,4,132.32868313789368
drone,random,0.2,constructed,random-mem_0-nu_02--eval_0,126,0.000177960854083584,-49.54415532559003,49.99987307174918,13.89867333641451,6,228.16612911224365
dpm,safe,0.2,constructed,safe-mem_0-nu_02--eval_0,230,8.734102196301251e-06,0.0008695422819439312,44.435728599210734,0.8282902659920808,4,130.3708267211914
drone-b,greedy,0.2,constructed,greedy-mem_0-nu_02--eval_0,105,0.1999999999998025,33.241375687083476,41.12723901137786,10.596247412701027,3,215.42448806762695
corridor,random,0.2,constructed,random-mem_0-nu_02--eval_0,232,0.20000000000000015,-21.591944538266038,41.26907460312719,32.42529165893238,2,286.1842396259308
dpm,safe,0.2,constructed,safe-mem_0-nu_02--eval_0,231,8.775875299800937e-06,0.0008737029967622261,44.435728599552334,0.82827828803171,4,132.09979939460754
drone,random,0.2,constructed,random-mem_0-nu_02--eval_0,127,0.0001790003625663839,-49.54415422982076,49.99987306938096,13.898646092661984,6,228.41952323913574
dpm,safe,0.2,constructed,safe-mem_0-nu_02--eval_0,232,8.810768698299979e-06,0.0008771716398764409,44.43572860652734,0.8282682786025752,4,132.01281809806824
drone-b,greedy,0.2,constructed,greedy-mem_0-nu_02--eval_0,106,0.1999999999998025,33.241375687083476,41.12723901137805,10.596247412701018,3,213.75997018814087
corridor,random,0.2,constructed,random-mem_0-nu_02--eval_0,233,0.20000000000000015,-21.58686599264765,41.2675624751611,32.42313216991757,2,292.51718044281006
drone,random,0.2,constructed,random-mem_0-nu_02--eval_0,128,0.00017900666838506897,-49.544154571161236,49.99987290941876,13.898643167008952,6,233.92027068138123
dpm,safe,0.2,constructed,safe-mem_0-nu_02--eval_0,233,8.84455336484913e-06,0.0008805333739116713,44.435728607568464,0.8282585879852657,4,133.04701471328735
dpm,safe,0.2,constructed,safe-mem_0-nu_02--eval_0,234,8.856226323347509e-06,0.0008816945258163715,44.435728605883135,0.8282552461810453,4,135.37234568595886
drone,random,0.2,constructed,random-mem_0-nu_02--eval_0,129,0.00018670770061396557,-49.54414324335649,49.99987289395555,13.898430384690807,6,241.14535999298096
corridor,random,0.2,constructed,random-mem_0-nu_02--eval_0,234,0.20000000000000015,-21.583605733613812,41.26661235894621,32.42186054027232,2,290.2726991176605
drone-b,greedy,0.2,constructed,greedy-mem_0-nu_02--eval_0,107,0.1999999999998025,33.241375687083476,41.127239011378066,10.596247412701016,3,212.7037582397461
dpm,safe,0.2,constructed,safe-mem_0-nu_02--eval_0,235,8.871938370388978e-06,0.0008832448660850663,44.435728600504504,0.8282507390890201,4,135.34087991714478
dpm,safe,0.2,constructed,safe-mem_0-nu_02--eval_0,236,8.898768394399072e-06,0.0008859103719435509,44.43572859823274,0.8282430377309608,4,137.80763816833496
drone,random,0.2,constructed,random-mem_0-nu_02--eval_0,130,0.00018676055577155398,-49.5441433257111,49.99987282682747,13.898427810694011,6,241.09503316879272
corridor,random,0.2,constructed,random-mem_0-nu_02--eval_0,235,0.20000000000000015,-21.58441977877205,41.26682686903146,32.42189248642533,2,290.454452753067
dpm,safe,0.2,constructed,safe-mem_0-nu_02--eval_0,237,8.936379886779793e-06,0.0008896481761974836,44.43572860419598,0.828232249779126,4,136.47620487213135
drone-b,greedy,0.2,constructed,greedy-mem_0-nu_02--eval_0,108,0.1999999999998025,33.241375687083476,41.127239011378045,10.596247412701029,3,217.50640845298767
drone,random,0.2,constructed,random-mem_0-nu_02--eval_0,131,0.00018691596786782008,-49.54414315400406,49.9998728021549,13.898423233526366,6,243.0742084980011
dpm,safe,0.2,constructed,safe-mem_0-nu_02--eval_0,238,8.947138622662261e-06,0.0008907112760723687,44.43572859864908,0.8282291771796525,4,137.57387447357178
corridor,random,0.2,constructed,random-mem_0-nu_02--eval_0,236,0.20000000000000015,-21.58338630013902,41.266558349830454,32.42129162087902,2,298.1905791759491
dpm,safe,0.2,constructed,safe-mem_0-nu_02--eval_0,239,9.020988176836808e-06,0.0008980810056771382,44.4357286290468,0.8282079770404738,4,138.83340525627136
drone,random,0.2,constructed,random-mem_0-nu_02--eval_0,132,0.0001869164208594981,-49.544143175426036,49.9998727933117,13.89842307144767,6,245.3567566871643
drone-b,greedy,0.2,constructed,greedy-mem_0-nu_02--eval_0,109,0.1999999999998025,33.241375687083476,41.12723901137803,10.596247412701048,3,216.7081491947174
dpm,safe,0.2,constructed,safe-mem_0-nu_02--eval_0,240,9.033100722328464e-06,0.0008992805611509438,44.43572862422919,0.828204511745935,4,139.68422508239746
corridor,random,0.2,constructed,random-mem_0-nu_02--eval_0,237,0.20000000000000015,-21.582345250401385,41.2662526254604,32.420675648897785,2,297.4847376346588
dpm,safe,0.2,constructed,safe-mem_0-nu_02--eval_0,241,9.08484879907181e-06,0.0009044366983771413,44.435728636437226,0.8281896671809093,4,143.8542320728302
drone,random,0.2,constructed,random-mem_0-nu_02--eval_0,133,0.00018961975271971512,-49.54413974353174,49.99987276688492,13.898350333736717,6,250.53451871871948
dpm,safe,0.2,constructed,safe-mem_0-nu_02--eval_0,242,9.246772770066922e-06,0.0009205959278600002,44.43572873147627,0.8281431373485197,4,141.51158356666565
drone-b,greedy,0.2,constructed,greedy-mem_0-nu_02--eval_0,110,0.1999999999998025,33.241375687083476,41.12723901137819,10.596247412701057,3,217.81212401390076
corridor,random,0.2,constructed,random-mem_0-nu_02--eval_0,238,0.20000000000000015,-21.58488623435567,41.26696932972098,32.42088457387224,2,300.9661240577698
dpm,safe,0.2,constructed,safe-mem_0-nu_02--eval_0,243,9.281512699051635e-06,0.0009240447501432647,44.43572873881504,0.8281331835783192,4,144.0944468975067
drone,random,0.2,constructed,random-mem_0-nu_02--eval_0,134,0.00018966496782035191,-49.54413985893165,49.999872684837705,13.898347772596466,6,248.53977704048157
dpm,safe,0.2,constructed,safe-mem_0-nu_02--eval_0,244,9.298859695878716e-06,0.0009257678063080164,44.43572873304143,0.828128208265985,4,144.0976219177246
drone-b,greedy,0.2,constructed,greedy-mem_0-nu_02--eval_0,111,0.1999999999998025,33.24170059747565,41.12722406841562,10.59616492251458,3,214.58562636375427
drone,random,0.2,constructed,random-mem_0-nu_02--eval_0,135,0.0001910543674428723,-49.54413870099445,49.99987267553999,13.898314056253646,6,251.31544995307922
corridor,random,0.2,constructed,random-mem_0-nu_02--eval_0,239,0.20000000000000015,-21.58310828680965,41.266496328997704,32.419659417057304,2,298.1004433631897
dpm,safe,0.2,constructed,safe-mem_0-nu_02--eval_0,245,9.319826351006275e-06,0.0009278470168864669,44.43572872952345,0.8281222067874752,4,153.82270002365112
dpm,safe,0.2,constructed,safe-mem_0-nu_02--eval_0,246,9.3345415982458e-06,0.0009293090912238112,44.43572872353362,0.8281179910320252,4,147.05895900726318
drone,random,0.2,constructed,random-mem_0-nu_02--eval_0,136,0.0001910568590552258,-49.54413870380136,49.99987267479631,13.898313987527937,6,266.3303327560425
drone-b,greedy,0.2,constructed,greedy-mem_0-nu_02--eval_0,112,0.1999999999998025,33.24170059747565,41.127224068415686,10.59616492251458,3,215.18485617637634
corridor,random,0.2,constructed,random-mem_0-nu_02--eval_0,240,0.20000000000000015,-21.5807351734329,41.265834628973245,32.41844623537545,2,299.7515859603882
dpm,safe,0.2,constructed,safe-mem_0-nu_02--eval_0,247,9.372656777125411e-06,0.0009330956177391065,44.435728730727064,0.8281070404072747,4,147.90215706825256
dpm,safe,0.2,constructed,safe-mem_0-nu_02--eval_0,248,9.386133535307948e-06,0.0009344249290354443,44.4357287305978,0.8281031746789941,4,152.48169374465942
drone,random,0.2,constructed,random-mem_0-nu_02--eval_0,137,0.00019143681262960913,-49.54415285906796,49.99986640853564,13.89820399542779,6,261.1929466724396
corridor,random,0.2,constructed,random-mem_0-nu_02--eval_0,241,0.20000000000000015,-21.57342735855973,41.26368764884833,32.41528300714515,2,300.1744735240936
drone-b,greedy,0.2,constructed,greedy-mem_0-nu_02--eval_0,113,0.1999999999998025,33.24170059747565,41.12722406841565,10.59616492251458,3,218.66857767105103
dpm,safe,0.2,constructed,safe-mem_0-nu_02--eval_0,249,9.430304994919544e-06,0.0009388156961806105,44.43572874773841,0.8280904684446834,4,149.3090693950653
drone,random,0.2,constructed,random-mem_0-nu_02--eval_0,138,0.00019203926981692723,-49.54415359006005,49.99986638214967,13.898190797376833,6,263.50969982147217
dpm,safe,0.2,constructed,safe-mem_0-nu_02--eval_0,250,9.45031555387867e-06,0.0009407957183171511,44.43572874763873,0.8280847371987656,4,158.57993388175964
corridor,random,0.2,constructed,random-mem_0-nu_02--eval_0,242,0.20000000000000015,-21.57100816799405,41.263027802689955,32.41408876262355,2,304.2919445037842
drone-b,greedy,0.2,constructed,greedy-mem_0-nu_02--eval_0,114,0.1999999999998025,33.24213109028506,41.12719823645954,10.596041896259482,3,217.08554196357727
dpm,safe,0.2,constructed,safe-mem_0-nu_02--eval_0,251,9.475565845798717e-06,0.0009433055940580781,44.435728747676,0.8280774955165989,4,153.73962664604187
drone,random,0.2,constructed,random-mem_0-nu_02--eval_0,139,0.00019225327808587502,-49.5441534039186,49.9998663160077,13.898184161331958,6,266.91653180122375
dpm,safe,0.2,constructed,safe-mem_0-nu_02--eval_0,252,9.493857108392975e-06,0.0009451264644288603,44.43572874485507,0.8280722547613539,4,154.79177618026733
corridor,random,0.2,constructed,random-mem_0-nu_02--eval_0,243,0.20000000000000015,-21.571024761307733,41.26303618207981,32.41376015870149,2,306.21720933914185
drone-b,greedy,0.2,constructed,greedy-mem_0-nu_02--eval_0,115,0.1999999999998025,33.24213109028506,41.12719823645966,10.596041896259477,3,222.42286562919617
dpm,safe,0.2,constructed,safe-mem_0-nu_02--eval_0,253,9.510254186026479e-06,0.0009467597359611244,44.43572873914233,0.8280675494582269,4,153.52092027664185
drone,random,0.2,constructed,random-mem_0-nu_02--eval_0,140,0.00019232289979919303,-49.544153792306616,49.999866097048844,13.898179222307121,6,271.08124470710754
dpm,safe,0.2,constructed,safe-mem_0-nu_02--eval_0,254,9.558870296551736e-06,0.0009516039083503303,44.43572874792065,0.8280536015881682,4,156.9526264667511
corridor,random,0.2,constructed,random-mem_0-nu_02--eval_0,244,0.20000000000000015,-21.56832526658383,41.26226020789474,32.412544726638565,2,306.80993938446045
drone,random,0.2,constructed,random-mem_0-nu_02--eval_0,141,0.00019270219511854437,-49.54415502896989,49.99986572531714,13.898164492213468,6,275.24152064323425
drone-b,greedy,0.2,constructed,greedy-mem_0-nu_02--eval_0,116,0.1999999999998025,33.24213109028506,41.12719823645962,10.596041896259473,3,218.7172179222107
dpm,safe,0.2,constructed,safe-mem_0-nu_02--eval_0,255,9.567002522036459e-06,0.0009523973868582889,44.43572874606105,0.8280512675142103,4,157.3861529827118
dpm,random,0.2,constructed,random-mem_0-nu_02--eval_0,0,0.0019527509835880212,0.18575640797752718,44.442382334570574,8.392765844970468,4,0.4793272018432617
dpm,random,0.2,constructed,random-mem_0-nu_02--eval_0,1,0.002719484143342962,0.258018352061121,44.444908758244225,8.1599977279821,6,0.6188976764678955
dpm,random,0.2,constructed,random-mem_0-nu_02--eval_0,2,0.002985826681231228,0.2830017542427832,44.445730173347954,8.080477494204093,6,0.7940623760223389
dpm,random,0.2,constructed,random-mem_0-nu_02--eval_0,3,0.0032151747411366034,0.30422506267057475,44.446440636734444,8.012011111989334,6,1.001539945602417
dpm,random,0.2,constructed,random-mem_0-nu_02--eval_0,4,0.0033484450185689903,0.31697248734820016,44.446842891166284,7.972684465966111,6,1.2052278518676758
dpm,random,0.2,constructed,random-mem_0-nu_02--eval_0,5,0.00348554761697952,0.3300569072865562,44.447264633541444,7.932178540016289,6,1.7165770530700684
dpm,random,0.2,constructed,random-mem_0-nu_02--eval_0,6,0.003636815120592339,0.34441580838194774,44.44772419548818,7.887342263403336,6,1.6856887340545654
dpm,random,0.2,constructed,random-mem_0-nu_02--eval_0,7,0.003758685749215393,0.3558860884825046,44.44809384634379,7.851393340707181,6,1.9845247268676758
dpm,random,0.2,constructed,random-mem_0-nu_02--eval_0,8,0.0038417885697534277,0.36384805076568383,44.44834382145548,7.827018851468575,6,2.286360263824463
dpm,random,0.2,constructed,random-mem_0-nu_02--eval_0,9,0.00390298333718657,0.36959078618317603,44.44852360873234,7.809686608564225,6,2.562680959701538
dpm,random,0.2,constructed,random-mem_0-nu_02--eval_0,10,0.003974136642318373,0.3764473307140066,44.44873365365452,7.788858592436613,6,2.959300994873047
dpm,random,0.2,constructed,random-mem_0-nu_02--eval_0,11,0.004039518801992397,0.38263302245966646,44.448927587390656,7.769854926861488,6,3.253082036972046
dpm,random,0.2,constructed,random-mem_0-nu_02--eval_0,12,0.004088448249685487,0.38726865449348236,44.44907404081466,7.7563792948639065,6,3.683349370956421
dpm,random,0.2,constructed,random-mem_0-nu_02--eval_0,13,0.004140238804451988,0.39198224608663,44.44922734008842,7.741911152088909,6,4.549914836883545
dpm,random,0.2,constructed,random-mem_0-nu_02--eval_0,14,0.0041864501650807,0.39624606443673216,44.449360179416175,7.728668755085553,6,4.791657447814941
dpm,random,0.2,constructed,random-mem_0-nu_02--eval_0,15,0.004228361603645287,0.3999792665735373,44.449483705337215,7.7169873013800885,6,5.143606901168823
dpm,random,0.2,constructed,random-mem_0-nu_02--eval_0,16,0.004286708427329768,0.40551299216720216,44.449652632134374,7.700087490676588,6,5.279224872589111
dpm,random,0.2,constructed,random-mem_0-nu_02--eval_0,17,0.004325752834262184,0.4092204159810474,44.44976618609668,7.689036680152695,6,5.78311562538147
dpm,random,0.2,constructed,random-mem_0-nu_02--eval_0,18,0.004358941802461809,0.4123556632482406,44.44986025141178,7.6794446231892675,6,6.277833461761475
corridor,random,0.2,constructed,random-mem_0-nu_02--eval_0,245,0.20000000000000015,-21.56813203318093,41.26220329159977,32.412199322716965,2,311.23112058639526
dpm,random,0.2,constructed,random-mem_0-nu_02--eval_0,19,0.0043899354197807945,0.41507906987638943,44.44994886749077,7.670514636784079,6,6.859385251998901
dpm,random,0.2,constructed,random-mem_0-nu_02--eval_0,20,0.0044180267015354255,0.41772364575852494,44.45002737660249,7.6624173366732675,6,7.305463075637817
dpm,random,0.2,constructed,random-mem_0-nu_02--eval_0,21,0.004463514791715546,0.42213962758790463,44.450161470426146,7.649447486360017,6,7.94344687461853
dpm,random,0.2,constructed,random-mem_0-nu_02--eval_0,22,0.004509358719539523,0.42656741988550984,44.45029440936975,7.636415886040291,6,8.47903323173523
dpm,random,0.2,constructed,random-mem_0-nu_02--eval_0,23,0.004538534348245405,0.4290766340864982,44.4503782592223,7.628272062048624,6,8.944555759429932
dpm,random,0.2,constructed,random-mem_0-nu_02--eval_0,24,0.004577948667511721,0.4329571365747493,44.45049360296033,7.616600832162549,6,9.959879875183105
drone,random,0.2,constructed,random-mem_0-nu_02--eval_0,142,0.00019270516153625336,-49.54415526688409,49.99986561547739,13.89816262961743,6,281.9608898162842
dpm,random,0.2,constructed,random-mem_0-nu_02--eval_0,25,0.00460672511537328,0.4356085500271812,44.45057718746383,7.608528149504367,6,10.604333639144897
dpm,random,0.2,constructed,random-mem_0-nu_02--eval_0,26,0.004634081290699086,0.438176996722764,44.450655013344935,7.600717155191024,6,11.0637526512146
dpm,random,0.2,constructed,random-mem_0-nu_02--eval_0,27,0.004671180553631971,0.4416990003023584,44.45076162646092,7.590194565782162,6,11.78396987915039
dpm,random,0.2,constructed,random-mem_0-nu_02--eval_0,28,0.004698168273068129,0.4442157912864398,44.45083741066181,7.582449872502341,6,12.309920072555542
dpm,random,0.2,constructed,random-mem_0-nu_02--eval_0,29,0.004723372052971863,0.4464428758286184,44.450909114883636,7.575407970738195,6,12.809916257858276
drone-b,greedy,0.2,constructed,greedy-mem_0-nu_02--eval_0,117,0.1999999999998025,33.24213109028506,41.12719823645965,10.596041896259473,3,221.08111882209778
dpm,random,0.2,constructed,random-mem_0-nu_02--eval_0,30,0.004748362016709057,0.44865754690948256,44.45097972755303,7.568189810532489,6,13.933813333511353
dpm,random,0.2,constructed,random-mem_0-nu_02--eval_0,31,0.004769123012119298,0.4505425308641897,44.45103746029735,7.562182768162094,6,14.156417608261108
dpm,random,0.2,constructed,random-mem_0-nu_02--eval_0,32,0.004790299695626838,0.4525285066096466,44.45109623459335,7.555987029205202,6,14.827524662017822
dpm,random,0.2,constructed,random-mem_0-nu_02--eval_0,33,0.004815937550865708,0.4547807763906397,44.45116995014485,7.548673290847513,6,15.532118558883667
dpm,random,0.2,constructed,random-mem_0-nu_02--eval_0,34,0.004842999240118022,0.4573503568360018,44.45124784875809,7.541026362482805,6,16.96925926208496
dpm,random,0.2,constructed,random-mem_0-nu_02--eval_0,35,0.004868832888372909,0.4599053471194954,44.45132196619234,7.533605003870134,6,17.544246912002563
dpm,random,0.2,constructed,random-mem_0-nu_02--eval_0,36,0.00489172475265833,0.46196601982852403,44.45138668754697,7.5270342302663495,6,17.93737292289734
corridor,random,0.2,constructed,random-mem_0-nu_02--eval_0,246,0.20000000000000015,-21.564628325359642,41.26123434191849,32.40967149943398,2,320.57491159439087
dpm,random,0.2,constructed,random-mem_0-nu_02--eval_0,37,0.004910310410125952,0.46363678839759004,44.45143938125875,7.521751354104079,6,18.561635494232178
dpm,random,0.2,constructed,random-mem_0-nu_02--eval_0,38,0.004930107962419866,0.4654704085156983,44.45149229987312,7.516009690181833,6,19.67493462562561
drone,random,0.2,constructed,random-mem_0-nu_02--eval_0,143,0.00019272586559946966,-49.544155504507565,49.99986550391674,13.898160373048805,6,285.44563698768616
dpm,random,0.2,constructed,random-mem_0-nu_02--eval_0,39,0.004954894707824991,0.4678000204036175,44.45156147653775,7.508752861359939,6,20.908878803253174
dpm,random,0.2,constructed,random-mem_0-nu_02--eval_0,40,0.004971401429357632,0.4693538603075711,44.45160698877764,7.503887789331431,6,21.679559469223022
dpm,random,0.2,constructed,random-mem_0-nu_02--eval_0,41,0.0049903433631793,0.47120846244335823,44.451660413339646,7.49852077979239,6,22.456981420516968
dpm,random,0.2,constructed,random-mem_0-nu_02--eval_0,42,0.005006941748986891,0.4727840435608982,44.45170543398483,7.493584551782116,6,23.255717992782593
drone-b,greedy,0.2,constructed,greedy-mem_0-nu_02--eval_0,118,0.1999999999998025,33.24213109028506,41.1271982364596,10.596041896259473,3,219.14445185661316
dpm,random,0.2,constructed,random-mem_0-nu_02--eval_0,43,0.005027435181848724,0.47472443626762195,44.45176365441726,7.487755762226878,6,24.49124526977539
dpm,random,0.2,constructed,random-mem_0-nu_02--eval_0,44,0.005040996089904834,0.4760494690764079,44.451800169849506,7.48388497588637,6,25.131433486938477
dpm,random,0.2,constructed,random-mem_0-nu_02--eval_0,45,0.005053069449598534,0.47716873316332487,44.45183119753326,7.480365787285189,6,25.66088318824768
dpm,random,0.2,constructed,random-mem_0-nu_02--eval_0,46,0.005065459313304239,0.47831299600531435,44.4518650481217,7.47693644264506,6,27.017277717590332
corridor,random,0.2,constructed,random-mem_0-nu_02--eval_0,247,0.20000000000000015,-21.56278965314985,41.260728714368746,32.40873161396148,2,314.8347189426422
dpm,random,0.2,constructed,random-mem_0-nu_02--eval_0,47,0.005076531042214829,0.4793478479151245,44.45189430066143,7.473698671992942,6,27.8688063621521
drone,random,0.2,constructed,random-mem_0-nu_02--eval_0,144,0.00019636663880099293,-49.544162400106295,49.99986063460404,13.897990882092298,6,292.0546324253082
dpm,random,0.2,constructed,random-mem_0-nu_02--eval_0,48,0.005092119861420579,0.48081621192678714,44.45193675982123,7.469257883460004,6,28.810236930847168
dpm,random,0.2,constructed,random-mem_0-nu_02--eval_0,49,0.00510591756463933,0.4820208016979364,44.451974683620435,7.465361236023643,6,29.483835458755493
dpm,random,0.2,constructed,random-mem_0-nu_02--eval_0,50,0.005118761683562496,0.4832845056809528,44.45200852462585,7.461597586665274,6,30.62503981590271
dpm,random,0.2,constructed,random-mem_0-nu_02--eval_0,51,0.00513522284144226,0.4848108385756693,44.45205327445215,7.456735174487246,6,31.610716342926025
dpm,random,0.2,constructed,random-mem_0-nu_02--eval_0,52,0.0051520544554982785,0.48645188925610305,44.45210036539031,7.45185734737559,6,32.83836364746094
drone-b,greedy,0.2,constructed,greedy-mem_0-nu_02--eval_0,119,0.1999999999998025,33.24213109028506,41.12719823645968,10.596041896259475,3,223.42118740081787
dpm,random,0.2,constructed,random-mem_0-nu_02--eval_0,53,0.005168451706464341,0.48798703449161374,44.452145461701086,7.447117317430683,6,33.8288209438324
dpm,random,0.2,constructed,random-mem_0-nu_02--eval_0,54,0.005180554621495116,0.48911151782693957,44.45217722483206,7.4436647446297695,6,35.035478830337524
corridor,random,0.2,constructed,random-mem_0-nu_02--eval_0,248,0.20000000000000015,-21.551617456778892,41.257583211516355,32.40405604625603,2,316.54775738716125
dpm,random,0.2,constructed,random-mem_0-nu_02--eval_0,55,0.005196053965869998,0.4905760710783045,44.45221968339847,7.439089512088694,6,36.52733588218689
drone,random,0.2,constructed,random-mem_0-nu_02--eval_0,145,0.0001963695145803441,-49.54416243443222,49.99986062166478,13.897990598647374,6,290.7708020210266
dpm,random,0.2,constructed,random-mem_0-nu_02--eval_0,56,0.005217416985639579,0.49264320087323943,44.45228060213828,7.433098363846025,6,39.38319802284241
dpm,random,0.2,constructed,random-mem_0-nu_02--eval_0,57,0.0052286404910650815,0.4937285592421977,44.45231026508724,7.429932541972273,6,38.63881969451904
dpm,random,0.2,constructed,random-mem_0-nu_02--eval_0,58,0.005245425102106612,0.49516195210013075,44.45235859120239,7.425136524366228,6,39.78930878639221
dpm,random,0.2,constructed,random-mem_0-nu_02--eval_0,59,0.005261164737069413,0.49672663334879186,44.45240334104125,7.420562472279094,6,41.10064077377319
dpm,random,0.2,constructed,random-mem_0-nu_02--eval_0,60,0.005281647877494021,0.498544742350843,44.45246114748203,7.414716078076276,6,41.99891257286072
drone-b,greedy,0.2,constructed,greedy-mem_0-nu_02--eval_0,120,0.1999999999998025,33.24213109028506,41.12719823645969,10.596041896259475,3,217.84598350524902
dpm,random,0.2,constructed,random-mem_0-nu_02--eval_0,61,0.005297043254383272,0.4999587160952781,44.452503290537095,7.410341486847358,6,44.03161311149597
drone,random,0.2,constructed,random-mem_0-nu_02--eval_0,146,0.00021517199457427168,-49.54414227441165,49.999860586411025,13.897505837928326,6,291.49116492271423
corridor,random,0.2,constructed,random-mem_0-nu_02--eval_0,249,0.20000000000000015,-21.55033130770493,41.257253341833106,32.40323503040184,2,315.38708877563477
dpm,random,0.2,constructed,random-mem_0-nu_02--eval_0,62,0.005310950840495575,0.5013045428675424,44.4525407680492,7.40630502518842,6,44.99252486228943
dpm,random,0.2,constructed,random-mem_0-nu_02--eval_0,63,0.005322504076616915,0.5024013636917188,44.452570471149585,7.402929529980012,6,47.625173807144165
dpm,random,0.2,constructed,random-mem_0-nu_02--eval_0,64,0.005334481770842657,0.5034170290833642,44.452602921026916,7.399575023254662,6,48.10755658149719
dpm,random,0.2,constructed,random-mem_0-nu_02--eval_0,65,0.005344084002600313,0.504332690323224,44.45262827106021,7.39678192016041,6,48.04654669761658
dpm,random,0.2,constructed,random-mem_0-nu_02--eval_0,66,0.0053535962252697035,0.5052166173367683,44.45265304198224,7.39408104421642,6,49.69593095779419
drone-b,greedy,0.2,constructed,greedy-mem_0-nu_02--eval_0,121,0.1999999999998025,33.24213109028506,41.12719823645978,10.596041896259475,3,217.96952724456787
dpm,random,0.2,constructed,random-mem_0-nu_02--eval_0,67,0.005367882681245091,0.5065760311721741,44.45269301687863,7.389979529612352,6,51.46316409111023
drone,random,0.2,constructed,random-mem_0-nu_02--eval_0,147,0.00021524332217485504,-49.544142173520726,49.99986058552898,13.897503899737277,6,300.18421149253845
corridor,random,0.2,constructed,random-mem_0-nu_02--eval_0,250,0.20000000000000015,-21.548168035482025,41.256684043485976,32.40198165311925,2,316.5171208381653
dpm,random,0.2,constructed,random-mem_0-nu_02--eval_0,68,0.005379227557375952,0.50766308338005,44.452723967241035,7.386637129417084,6,52.4243004322052
dpm,random,0.2,constructed,random-mem_0-nu_02--eval_0,69,0.005393043552191994,0.5089200524872105,44.45276080700234,7.382672182245892,6,55.240554332733154
dpm,random,0.2,constructed,random-mem_0-nu_02--eval_0,70,0.005403123132262942,0.5098928707817558,44.45278704930312,7.379698349974445,6,55.05589318275452
dpm,random,0.2,constructed,random-mem_0-nu_02--eval_0,71,0.0054143245043162865,0.5109690577924727,44.45281705692117,7.376500347630803,6,56.260169506073
dpm,random,0.2,constructed,random-mem_0-nu_02--eval_0,72,0.005426505246299495,0.5121471053170017,44.45284966915881,7.372975252865429,6,57.825865030288696
drone,random,0.2,constructed,random-mem_0-nu_02--eval_0,148,0.00021526109713329556,-49.544143707908745,49.99985989178336,13.897491828584958,6,306.4002254009247
drone-b,greedy,0.2,constructed,greedy-mem_0-nu_02--eval_0,122,0.1999999999998025,33.24213109028506,41.12719823645982,10.596041896259475,3,219.494934797287
corridor,random,0.2,constructed,random-mem_0-nu_02--eval_0,251,0.20000000000000015,-21.546469741774228,41.256217110124354,32.40120883107525,2,323.1948161125183
dpm,random,0.2,constructed,random-mem_0-nu_02--eval_0,73,0.0054327466551981046,0.5127594330862524,44.452865688912354,7.371189052306171,6,58.92649698257446
dpm,random,0.2,constructed,random-mem_0-nu_02--eval_0,74,0.005443252180805306,0.5136885800672693,44.452893942904176,7.368164299568249,6,60.40264558792114
dpm,random,0.2,constructed,random-mem_0-nu_02--eval_0,75,0.005450689536095332,0.5143996408037577,44.45291295154859,7.366023482855748,6,62.46847605705261
dpm,random,0.2,constructed,random-mem_0-nu_02--eval_0,76,0.00546407095407068,0.5156666095857245,44.45294805920161,7.362091412477437,6,65.61435985565186
drone,random,0.2,constructed,random-mem_0-nu_02--eval_0,149,0.00021558089285669227,-49.54414411741356,49.999859556652055,13.897478097456075,6,307.1188666820526
dpm,random,0.2,constructed,random-mem_0-nu_02--eval_0,77,0.00547325110671707,0.5165433761467886,44.45297203993692,7.359466425690316,6,65.93699097633362
corridor,random,0.2,constructed,random-mem_0-nu_02--eval_0,252,0.20000000000000015,-21.54215803093861,41.25508509970837,32.39871196015147,2,320.66405153274536
drone-b,greedy,0.2,constructed,greedy-mem_0-nu_02--eval_0,123,0.1999999999998025,33.24213109028506,41.1271982364597,10.596041896259473,3,225.09313321113586
dpm,random,0.2,constructed,random-mem_0-nu_02--eval_0,78,0.005482864699853066,0.5174552955632485,44.45299774444943,7.356733603136264,6,67.59477853775024
dpm,random,0.2,constructed,random-mem_0-nu_02--eval_0,79,0.005492526046788884,0.5183819930864666,44.45302260705611,7.353923473188978,6,69.12596201896667
dpm,random,0.2,constructed,random-mem_0-nu_02--eval_0,80,0.005501780840122922,0.519265217412642,44.453047386659776,7.351240588153829,6,69.64348125457764
drone,random,0.2,constructed,random-mem_0-nu_02--eval_0,150,0.00021563599936298401,-49.5441442599306,49.99985955479047,13.897477405463436,6,311.66308331489563
dpm,random,0.2,constructed,random-mem_0-nu_02--eval_0,81,0.005512258653422766,0.5202271183581124,44.45307542295391,7.34819990204017,6,71.21501898765564
corridor,random,0.2,constructed,random-mem_0-nu_02--eval_0,253,0.20000000000000015,-21.540854562826308,41.25473939950994,32.39789284925689,2,321.1469328403473
drone-b,greedy,0.2,constructed,greedy-mem_0-nu_02--eval_0,124,0.1999999999998025,33.24213109028506,41.12719823645974,10.59604189625948,3,219.47158813476562
dpm,random,0.2,constructed,random-mem_0-nu_02--eval_0,82,0.005522969759483864,0.5211498068696381,44.4531045822488,7.345198030101615,6,73.09406518936157
dpm,random,0.2,constructed,random-mem_0-nu_02--eval_0,83,0.005530922464447462,0.5219393116689067,44.45312568415342,7.342855972961506,6,74.82776641845703
dpm,random,0.2,constructed,random-mem_0-nu_02--eval_0,84,0.005539656069504324,0.5227998771716653,44.45314788474677,7.340268171225045,6,77.806636095047
drone,random,0.2,constructed,random-mem_0-nu_02--eval_0,151,0.00022511546129075848,-49.544157345513696,49.99985942030392,13.897378897611947,6,322.7104697227478
dpm,random,0.2,constructed,random-mem_0-nu_02--eval_0,85,0.0055459539462131445,0.5234018735189958,44.453163799451715,7.33843960266921,6,77.37269115447998
corridor,random,0.2,constructed,random-mem_0-nu_02--eval_0,254,0.20000000000000015,-21.53710534544803,41.25365606012392,32.396118801801876,2,321.6956160068512
dpm,random,0.2,constructed,random-mem_0-nu_02--eval_0,86,0.005555570780363112,0.5242410000384219,44.45318936754134,7.335667544419101,6,79.09211683273315
drone-b,greedy,0.2,constructed,greedy-mem_0-nu_02--eval_0,125,0.1999999999998025,33.252534262616955,41.12659632314725,10.592792218707606,3,226.3295557498932
dpm,random,0.2,constructed,random-mem_0-nu_02--eval_0,87,0.005563839291560409,0.5250048225899212,44.45321130907232,7.333357432161807,6,81.14917778968811
dpm,random,0.2,constructed,random-mem_0-nu_02--eval_0,88,0.005571768839488607,0.5257745996302166,44.453232448371665,7.331058600302778,6,84.23376441001892
drone,random,0.2,constructed,random-mem_0-nu_02--eval_0,152,0.000225289992908928,-49.54416226271141,49.99985718191689,13.897337001749184,6,319.8889751434326
dpm,random,0.2,constructed,random-mem_0-nu_02--eval_0,89,0.005579278522226727,0.5264339429995012,44.45325206283802,7.328916370519584,6,84.12224960327148
corridor,random,0.2,constructed,random-mem_0-nu_02--eval_0,255,0.20000000000000015,-21.536946688878746,41.253598410608625,32.39599438120233,2,327.3628280162811
dpm,random,0.2,constructed,random-mem_0-nu_02--eval_0,90,0.005588650292033842,0.5272997976227258,44.453276293036396,7.326234003973803,6,85.57240533828735
drone-b,greedy,0.2,constructed,greedy-mem_0-nu_02--eval_0,126,0.1999999999998025,33.252534262616955,41.12659632314721,10.592792218707608,3,221.06102561950684
dpm,random,0.2,constructed,random-mem_0-nu_02--eval_0,91,0.005595768532840349,0.5279957751604735,44.45329513181651,7.324162390580399,6,87.37686204910278
dpm,random,0.2,constructed,random-mem_0-nu_02--eval_0,92,0.005602143783251636,0.5286005785527319,44.45331109138487,7.322268052385137,6,90.17395615577698
drone,random,0.2,constructed,random-mem_0-nu_02--eval_0,153,0.00023484030608445102,-49.54414875940585,49.99985717873286,13.897076951468984,6,331.09949564933777
dpm,random,0.2,constructed,random-mem_0-nu_02--eval_0,93,0.005611010615223619,0.5294419224209674,44.45333409270796,7.319725686501778,6,90.56820845603943
drone-b,greedy,0.2,constructed,greedy-mem_0-nu_02--eval_0,127,0.1999999999998025,33.252534262616955,41.12659632314736,10.592792218707599,3,221.41922307014465
dpm,random,0.2,constructed,random-mem_0-nu_02--eval_0,94,0.005619085653855647,0.5301937117352639,44.45335580121724,7.317400964539491,6,92.21019506454468
dpm,random,0.2,constructed,random-mem_0-nu_02--eval_0,95,0.0056291616780745094,0.5311475455794857,44.453382938759376,7.31452222636829,6,94.76378655433655
drone,random,0.2,constructed,random-mem_0-nu_02--eval_0,154,0.0002391661058226728,-49.544156167492815,49.99985685907446,13.897010958647616,6,322.92793893814087
dpm,random,0.2,constructed,random-mem_0-nu_02--eval_0,96,0.005642811000153864,0.5323424598342976,44.45342117300156,7.3107552748823945,6,96.33330035209656
dpm,random,0.2,constructed,random-mem_0-nu_02--eval_0,97,0.0056501206871168025,0.5330624565713928,44.45343950777797,7.3085857196710995,6,97.4025890827179
drone-b,greedy,0.2,constructed,greedy-mem_0-nu_02--eval_0,128,0.1999999999998025,33.252534262616955,41.1265963231473,10.592792218707608,3,230.35597133636475
dpm,random,0.2,constructed,random-mem_0-nu_02--eval_0,98,0.0056595549534916665,0.5339646142490007,44.45346457003384,7.305829038052707,6,99.27795481681824
drone,random,0.2,constructed,random-mem_0-nu_02--eval_0,155,0.00023918833319037827,-49.54415630233669,49.99985682716898,13.897010159388424,6,323.66460824012756
dpm,random,0.2,constructed,random-mem_0-nu_02--eval_0,99,0.005669711501641895,0.5349260230658417,44.45349164514392,7.3028856521474,6,103.47933006286621
dpm,random,0.2,constructed,random-mem_0-nu_02--eval_0,100,0.005677577623757648,0.5356669154787292,44.45351139937751,7.300562538853144,6,102.52441263198853
drone-b,greedy,0.2,constructed,greedy-mem_0-nu_02--eval_0,129,0.1999999999998025,33.252534262616955,41.12659632314728,10.592792218707608,3,222.5909399986267
dpm,random,0.2,constructed,random-mem_0-nu_02--eval_0,101,0.0056860768825539604,0.5364646381174439,44.453533431864,7.298115416473227,6,104.55025172233582
drone,random,0.2,constructed,random-mem_0-nu_02--eval_0,156,0.00023919110218227095,-49.544156535933936,49.99985672342547,13.897008303493674,6,328.91700410842896
dpm,random,0.2,constructed,random-mem_0-nu_02--eval_0,102,0.0056935933500497264,0.5371644125274477,44.45355282518928,7.295959746181741,6,107.64876627922058
dpm,random,0.2,constructed,random-mem_0-nu_02--eval_0,103,0.005700498094837212,0.5378087211580751,44.45357088336552,7.2940187346611305,6,110.27539420127869
drone-b,greedy,0.2,constructed,greedy-mem_0-nu_02--eval_0,130,0.1999999999998025,33.252534262616955,41.126596323147325,10.592792218707608,3,233.5247859954834
dpm,random,0.2,constructed,random-mem_0-nu_02--eval_0,104,0.005708842613647979,0.5386043414930664,44.45359222839128,7.291579963651373,6,111.01066207885742
drone,random,0.2,constructed,random-mem_0-nu_02--eval_0,157,0.00023929961277109325,-49.54416060048108,49.9998548914083,13.896976346063058,6,333.2949252128601
dpm,random,0.2,constructed,random-mem_0-nu_02--eval_0,105,0.00571693769421465,0.5393520044170512,44.453613227996414,7.289277149547503,6,112.75109672546387
dpm,random,0.2,constructed,random-mem_0-nu_02--eval_0,106,0.005727114480093758,0.5403297143015295,44.45364012246507,7.286272681553722,6,116.05302286148071
drone-b,greedy,0.2,constructed,greedy-mem_0-nu_02--eval_0,131,0.1999999999998025,33.25290387765535,41.126574144195025,10.592686590104748,3,236.34639739990234
dpm,random,0.2,constructed,random-mem_0-nu_02--eval_0,107,0.005734424199042034,0.5410123444127852,44.45365895837253,7.284183463590807,6,116.92038798332214
drone,random,0.2,constructed,random-mem_0-nu_02--eval_0,158,0.00023973320844647715,-49.54416474892473,49.999853058004305,13.896937917766156,6,338.9860339164734
dpm,random,0.2,constructed,random-mem_0-nu_02--eval_0,108,0.005743984992819796,0.5419250867025871,44.45368434084885,7.281393036341304,6,120.27955722808838
dpm,random,0.2,constructed,random-mem_0-nu_02--eval_0,109,0.005750806601709717,0.5425829323816793,44.453702193483075,7.279448409838208,6,121.94713640213013
drone-b,greedy,0.2,constructed,greedy-mem_0-nu_02--eval_0,132,0.1999999999998025,33.25290387765535,41.12657414419512,10.592686590104748,3,219.81303334236145
drone,random,0.2,constructed,random-mem_0-nu_02--eval_0,159,0.0002422087192739088,-49.544169524085014,49.9998524461653,13.896905265416967,6,338.94678020477295
dpm,random,0.2,constructed,random-mem_0-nu_02--eval_0,110,0.005757557717338251,0.5432383410213659,44.45371926653257,7.277464082161928,6,124.68847393989563
dpm,random,0.2,constructed,random-mem_0-nu_02--eval_0,111,0.005764681501450625,0.5439108063654658,44.45373756864693,7.275395000880871,6,129.72372698783875
drone-b,greedy,0.2,constructed,greedy-mem_0-nu_02--eval_0,133,0.1999999999998025,33.25290387765535,41.12657414419508,10.592686590104757,3,224.37180185317993
dpm,random,0.2,constructed,random-mem_0-nu_02--eval_0,112,0.005771174631193466,0.5445568387607957,44.45375451357099,7.273556918505651,6,138.56114220619202
drone,random,0.2,constructed,random-mem_0-nu_02--eval_0,160,0.0002432315939102922,-49.54417167143269,49.99985206521775,13.896888103791179,6,344.2087433338165
dpm,random,0.2,constructed,random-mem_0-nu_02--eval_0,113,0.005779911926599508,0.5454045199591375,44.45377737263253,7.271076091977984,6,130.9219810962677
dpm,random,0.2,constructed,random-mem_0-nu_02--eval_0,114,0.005786481090432505,0.546036608432345,44.45379411808058,7.269209084861899,6,130.79951453208923
drone-b,greedy,0.2,constructed,greedy-mem_0-nu_02--eval_0,134,0.1999999999998025,33.25400075202824,41.126484611955014,10.59206192127494,3,221.14557003974915
drone,random,0.2,constructed,random-mem_0-nu_02--eval_0,161,0.0002445934699893687,-49.54417540107752,49.99984949903811,13.896813668816653,6,345.4974117279053
dpm,random,0.2,constructed,random-mem_0-nu_02--eval_0,115,0.005793576746784072,0.5467105872159982,44.45381341367334,7.267167845433445,8,135.82353830337524
dpm,random,0.2,constructed,random-mem_0-nu_02--eval_0,116,0.005800248545326701,0.547321235080683,44.45383072647468,7.265261869840138,8,139.49797821044922
drone-b,greedy,0.2,constructed,greedy-mem_0-nu_02--eval_0,135,0.1999999999998025,33.25450462280056,41.1264469495695,10.591899522595103,3,221.8451054096222
dpm,random,0.2,constructed,random-mem_0-nu_02--eval_0,117,0.005806072776622426,0.5478530924137507,44.45384576286868,7.263603175352168,8,139.48992037773132
drone,random,0.2,constructed,random-mem_0-nu_02--eval_0,162,0.0002445990188361865,-49.54417541965734,49.99984949664911,13.896813580326173,6,349.5075762271881
dpm,random,0.2,constructed,random-mem_0-nu_02--eval_0,118,0.005811932862587638,0.5484024476977862,44.45386044137709,7.261884959700834,8,143.06824374198914
dpm,random,0.2,constructed,random-mem_0-nu_02--eval_0,119,0.005820937115299024,0.5492813088451762,44.45388358361372,7.259238323975864,8,143.2562336921692
drone-b,greedy,0.2,constructed,greedy-mem_0-nu_02--eval_0,136,0.1999999999998025,33.25658525726693,41.12632656690686,10.591249587084707,3,222.50800204277039
drone,random,0.2,constructed,random-mem_0-nu_02--eval_0,163,0.00024474437189156466,-49.544180563610716,49.99984720577905,13.896771363966346,6,356.5770614147186
dpm,random,0.2,constructed,random-mem_0-nu_02--eval_0,120,0.005826839317789653,0.5498417356783094,44.45389847872572,7.257518894250655,8,146.12982749938965
dpm,random,0.2,constructed,random-mem_0-nu_02--eval_0,121,0.005832267519242557,0.5503546968331154,44.45391236318356,7.2559703318102,8,145.18771958351135
drone-b,greedy,0.2,constructed,greedy-mem_0-nu_02--eval_0,137,0.1999999999998025,33.25658525726693,41.12632656690689,10.591249587084707,3,225.68383646011353
dpm,random,0.2,constructed,random-mem_0-nu_02--eval_0,122,0.005838496164458562,0.5509320814685952,44.45392804082752,7.25416562558535,8,148.70693850517273
drone,random,0.2,constructed,random-mem_0-nu_02--eval_0,164,0.00024511451610239194,-49.54418421926336,49.99984545094542,13.896732614209606,6,360.7746772766113
dpm,random,0.2,constructed,random-mem_0-nu_02--eval_0,123,0.00584833800332394,0.5518438076347987,44.45395342114429,7.251305856813977,8,152.29599618911743
drone-b,greedy,0.2,constructed,greedy-mem_0-nu_02--eval_0,138,0.1999999999998025,33.28181373914564,41.1247136349618,10.58327034760708,3,229.61194562911987
dpm,random,0.2,constructed,random-mem_0-nu_02--eval_0,124,0.005855390709610864,0.5524795087609887,44.45397197265463,7.249321555240351,8,154.81677198410034
drone,random,0.2,constructed,random-mem_0-nu_02--eval_0,165,0.0002451413172183531,-49.54418658040574,49.99984440907899,13.896716637727899,6,372.84707021713257
dpm,random,0.2,constructed,random-mem_0-nu_02--eval_0,125,0.00586169561611335,0.5531021270355165,44.453987799407905,7.2474611268724205,8,156.89666986465454
drone-b,greedy,0.2,constructed,greedy-mem_0-nu_02--eval_0,139,0.1999999999998025,33.28181373914564,41.124713634961836,10.58327034760708,3,225.15293526649475
dpm,random,0.2,constructed,random-mem_0-nu_02--eval_0,126,0.005866641797712374,0.5535644669333346,44.45400062102046,7.246059297699053,8,157.2858419418335
drone,random,0.2,constructed,random-mem_0-nu_02--eval_0,166,0.0002479523863228133,-49.5441914973644,49.99984368622269,13.896654269013936,6,367.6148250102997
dpm,random,0.2,constructed,random-mem_0-nu_02--eval_0,127,0.005875155210599815,0.5543606784344662,44.45402275575219,7.243587463190412,8,164.91727542877197
dpm,random,0.2,constructed,random-mem_0-nu_02--eval_0,128,0.0058836512496244775,0.5551742247583947,44.454045270292156,7.2411935837765276,8,165.81645703315735
drone-b,greedy,0.2,constructed,greedy-mem_0-nu_02--eval_0,140,0.19999999999992193,33.28181373915249,41.12471363496178,10.583270347605694,3,220.97073245048523
dpm,random,0.2,constructed,random-mem_0-nu_02--eval_0,129,0.005888500031481222,0.5556424796846149,44.454057229073946,7.239765044624889,8,164.86374616622925
drone,random,0.2,constructed,random-mem_0-nu_02--eval_0,167,0.00024848838578923524,-49.54419221740496,49.99984364048025,13.896641739848818,6,373.9022305011749
dpm,random,0.2,constructed,random-mem_0-nu_02--eval_0,130,0.005893777416538148,0.5561215061267344,44.454070476812326,7.238228394921683,8,166.9485867023468
drone-b,greedy,0.2,constructed,greedy-mem_0-nu_02--eval_0,141,0.19999999999992193,33.28181373915249,41.124713634961864,10.583270347605694,3,227.918785572052
dpm,random,0.2,constructed,random-mem_0-nu_02--eval_0,131,0.005900578200952427,0.5567911708083821,44.45408753874954,7.236211087722625,8,169.6113817691803
drone,random,0.2,constructed,random-mem_0-nu_02--eval_0,168,0.00024902499798243224,-49.54419158574064,49.999843566530174,13.896625901601587,6,379.3841254711151
dpm,random,0.2,constructed,random-mem_0-nu_02--eval_0,132,0.005904907178948171,0.5571835432004943,44.4540982398944,7.234959776265396,8,170.79852080345154
drone-b,greedy,0.2,constructed,greedy-mem_0-nu_02--eval_0,142,0.19999999999992193,33.28181373915249,41.12471363496188,10.583270347605712,3,225.08266615867615
dpm,random,0.2,constructed,random-mem_0-nu_02--eval_0,133,0.005910673953571142,0.5577352499454179,44.45411312458284,7.233307349956339,8,173.19009113311768
drone,random,0.2,constructed,random-mem_0-nu_02--eval_0,169,0.00024915284472723937,-49.54420277823612,49.999838379928484,13.896542196410266,6,381.9674117565155
dpm,random,0.2,constructed,random-mem_0-nu_02--eval_0,134,0.005916456352295813,0.5582686350279342,44.454127964941875,7.231652135683171,8,178.25450015068054
drone-b,greedy,0.2,constructed,greedy-mem_0-nu_02--eval_0,143,0.19999999999992193,33.28834627846063,41.12418991229953,10.58147036147198,3,230.89943671226501
dpm,random,0.2,constructed,random-mem_0-nu_02--eval_0,135,0.005923574885113426,0.5589710433824292,44.45414645033803,7.229632275337976,8,186.75821995735168
drone,random,0.2,constructed,random-mem_0-nu_02--eval_0,170,0.00024936522709770244,-49.54420282538395,49.99983823449913,13.896533637404191,6,385.6779808998108
drone-b,greedy,0.2,constructed,greedy-mem_0-nu_02--eval_0,144,0.19999999999992193,33.28834627846063,41.124189912299535,10.58147036147198,3,229.77161026000977
dpm,random,0.2,constructed,random-mem_0-nu_02--eval_0,136,0.005930578081178436,0.5596448139898592,44.454164159993404,7.227571986624516,8,181.9450318813324
dpm,random,0.2,constructed,random-mem_0-nu_02--eval_0,137,0.005936047789043046,0.5601460990555185,44.45417818597562,7.226014176521777,8,186.2291944026947
drone,random,0.2,constructed,random-mem_0-nu_02--eval_0,171,0.0002501263141396122,-49.54420189701868,49.999838153807886,13.896511768731717,6,399.2779014110565
drone-b,greedy,0.2,constructed,greedy-mem_0-nu_02--eval_0,145,0.19999999999992193,33.28834627846063,41.124189912299556,10.581470361471979,3,223.29048013687134
dpm,random,0.2,constructed,random-mem_0-nu_02--eval_0,138,0.005943185002105998,0.5608205217820506,44.45419650009091,7.223941804936602,8,185.81000781059265
dpm,random,0.2,constructed,random-mem_0-nu_02--eval_0,139,0.005946639943504016,0.5611314162283733,44.45420541263562,7.222963912953025,8,187.6572241783142
drone-b,greedy,0.2,constructed,greedy-mem_0-nu_02--eval_0,146,0.19999999999995924,33.288346278460594,41.124189912299634,10.581470361471592,3,224.81893634796143
drone,random,0.2,constructed,random-mem_0-nu_02--eval_0,172,0.00025277341728103777,-49.54419843571264,49.99983814753797,13.896440466986858,6,404.9341824054718
dpm,random,0.2,constructed,random-mem_0-nu_02--eval_0,140,0.005951063418086034,0.5615339321985908,44.45421643916199,7.22168894666063,8,192.95298552513123
dpm,random,0.2,constructed,random-mem_0-nu_02--eval_0,141,0.005958753751246349,0.5622179879708702,44.45423661445926,7.219427491202404,8,194.22264909744263
drone-b,greedy,0.2,constructed,greedy-mem_0-nu_02--eval_0,147,0.19999999999995924,33.288346278460594,41.12418991229968,10.581470361471592,3,234.5130181312561
drone,random,0.2,constructed,random-mem_0-nu_02--eval_0,173,0.0002548797688773994,-49.544196122278876,49.999838017124404,13.89638290106363,6,401.1635711193085
dpm,random,0.2,constructed,random-mem_0-nu_02--eval_0,142,0.005964169866920568,0.5627313177247392,44.454250622736005,7.217900446328784,8,196.34821701049805
dpm,random,0.2,constructed,random-mem_0-nu_02--eval_0,143,0.005971376790851976,0.5634251793963378,44.45426911725945,7.215828435432445,8,201.4166066646576
drone-b,greedy,0.2,constructed,greedy-mem_0-nu_02--eval_0,148,0.19999999999995924,33.288346278460594,41.1241899122997,10.581470361471597,3,225.75987339019775
drone,random,0.2,constructed,random-mem_0-nu_02--eval_0,174,0.00025491121059716376,-49.54419649310098,49.99983786865227,13.896379617035134,6,403.84091567993164
dpm,random,0.2,constructed,random-mem_0-nu_02--eval_0,144,0.005977094237371113,0.5639762631403117,44.454283476285084,7.214133029623673,8,203.9387059211731
drone-b,greedy,0.2,constructed,greedy-mem_0-nu_02--eval_0,149,0.19999999999995924,33.288346278460594,41.12418991229975,10.581470361471602,3,231.36080741882324
dpm,random,0.2,constructed,random-mem_0-nu_02--eval_0,145,0.005983754553545864,0.5646008947843127,44.454300679389576,7.2121957623531205,8,204.29893851280212
drone,random,0.2,constructed,random-mem_0-nu_02--eval_0,175,0.0002606676154355702,-49.54419034928416,49.99983784364676,13.896227552074103,6,402.23868584632874
dpm,random,0.2,constructed,random-mem_0-nu_02--eval_0,146,0.005991002519136425,0.5652995384041877,44.45431924427074,7.210107828262377,8,208.58511567115784
drone-b,greedy,0.2,constructed,greedy-mem_0-nu_02--eval_0,150,0.19999999999995924,33.298741975916364,41.1234165984496,10.578138569302995,3,237.93279790878296
dpm,random,0.2,constructed,random-mem_0-nu_02--eval_0,147,0.005995546018626459,0.5657255944243261,44.45433071703472,7.208789947149348,8,207.17350316047668
drone,random,0.2,constructed,random-mem_0-nu_02--eval_0,176,0.000260675852891622,-49.54419066113018,49.9998377201161,13.896225601460708,6,406.11516070365906
dpm,random,0.2,constructed,random-mem_0-nu_02--eval_0,148,0.006001419561507824,0.5662409360686955,44.45434592521284,7.207129346920782,8,214.55295276641846
drone-b,greedy,0.2,constructed,greedy-mem_0-nu_02--eval_0,151,0.19999999999995924,33.298741975916364,41.123416598449595,10.578138569303002,3,226.65366220474243
dpm,random,0.2,constructed,random-mem_0-nu_02--eval_0,149,0.006008044710437676,0.5668416754746217,44.454362919286375,7.205239980477175,8,217.24268579483032
drone,random,0.2,constructed,random-mem_0-nu_02--eval_0,177,0.0002606997858539606,-49.544191343648436,49.999837416508335,13.896219866149732,6,411.3952374458313
drone-b,greedy,0.2,constructed,greedy-mem_0-nu_02--eval_0,152,0.19999999999995924,33.298741975916364,41.12341659844959,10.578138569302999,3,229.93771195411682
dpm,random,0.2,constructed,random-mem_0-nu_02--eval_0,150,0.006012255070080306,0.5672538529193146,44.45437334880632,7.204025673258349,8,217.56690335273743
dpm,random,0.2,constructed,random-mem_0-nu_02--eval_0,151,0.006018734113123175,0.5678791219779304,44.45439018679237,7.202126559267413,8,220.2859809398651
drone,random,0.2,constructed,random-mem_0-nu_02--eval_0,178,0.0002608958618049118,-49.54420147740333,49.99983274364058,13.896137615129515,6,415.748095035553
drone-b,greedy,0.2,constructed,greedy-mem_0-nu_02--eval_0,153,0.19999999999995924,33.298741975916364,41.123416598449595,10.578138569303002,3,225.5422396659851
dpm,random,0.2,constructed,random-mem_0-nu_02--eval_0,152,0.006023411600181322,0.5683058289726605,44.45440201672166,7.200796227995489,8,222.8292944431305
drone-b,greedy,0.2,constructed,greedy-mem_0-nu_02--eval_0,154,0.19999999999995924,33.298741975916364,41.12341659844978,10.578138569303011,3,229.42673015594482
dpm,random,0.2,constructed,random-mem_0-nu_02--eval_0,153,0.006031260663222201,0.5690491570594306,44.45442249605442,7.19856143607954,8,223.9885060787201
drone,random,0.2,constructed,random-mem_0-nu_02--eval_0,179,0.00026091384749697796,-49.54420157167551,49.999832710622215,13.896137054110783,6,424.3371202945709
dpm,random,0.2,constructed,random-mem_0-nu_02--eval_0,154,0.006037932220005029,0.5696848170502775,44.45443967699576,7.1966443493444725,8,232.50506949424744
drone-b,greedy,0.2,constructed,greedy-mem_0-nu_02--eval_0,155,0.19999999999995924,33.299189922119176,41.123382108776376,10.578005772681847,3,226.17966866493225
drone,random,0.2,constructed,random-mem_0-nu_02--eval_0,180,0.0002609721969004383,-49.544201705965335,49.999832660837775,13.89613489802068,6,428.62490677833557
dpm,random,0.2,constructed,random-mem_0-nu_02--eval_0,155,0.006043003619845979,0.5701753054674557,44.45445276256273,7.195193604213631,8,238.16613292694092
drone-b,greedy,0.2,constructed,greedy-mem_0-nu_02--eval_0,156,0.19999999999995924,33.299189922119176,41.12338210877632,10.578005772681847,3,227.5037398338318
dpm,random,0.2,constructed,random-mem_0-nu_02--eval_0,156,0.006048598075403505,0.5706947212538496,44.45446708325766,7.193607240301779,8,235.1405086517334
drone,random,0.2,constructed,random-mem_0-nu_02--eval_0,181,0.00026401306326279865,-49.544197408789664,49.99983261181181,13.896051025816941,6,430.65371465682983
dpm,random,0.2,constructed,random-mem_0-nu_02--eval_0,157,0.006053766806195808,0.5711975241061409,44.454480270327494,7.192125091739492,8,239.9885995388031
drone-b,greedy,0.2,constructed,greedy-mem_0-nu_02--eval_0,157,0.19999999999995924,33.299189922119176,41.12338210877631,10.578005772681838,3,226.880024433136
dpm,random,0.2,constructed,random-mem_0-nu_02--eval_0,158,0.00606040149510979,0.5718364557148855,44.45449746237849,7.190222345901343,8,240.29726600646973
drone,random,0.2,constructed,random-mem_0-nu_02--eval_0,182,0.00026411185822590406,-49.54419734633592,49.999832594727835,13.89604814218386,6,432.77133440971375
drone-b,greedy,0.2,constructed,greedy-mem_0-nu_02--eval_0,158,0.19999999999995924,33.299189922119176,41.1233821087763,10.578005772681838,3,226.61523365974426
dpm,random,0.2,constructed,random-mem_0-nu_02--eval_0,159,0.006065162638148441,0.5722693474935826,44.45450960286731,7.1888644715805645,8,245.03586649894714
dpm,random,0.2,constructed,random-mem_0-nu_02--eval_0,160,0.006069796833704236,0.5726833501546802,44.454521253825824,7.187511055025178,8,243.17062544822693
drone-b,greedy,0.2,constructed,greedy-mem_0-nu_02--eval_0,159,0.19999999999995924,33.299656971943996,41.123361862487506,10.57787511167433,3,228.77029132843018
drone,random,0.2,constructed,random-mem_0-nu_02--eval_0,183,0.00026424308797184823,-49.5442077527709,49.999827286489264,13.895957160024338,6,473.6783835887909
dpm,random,0.2,constructed,random-mem_0-nu_02--eval_0,161,0.006075785869055359,0.5732395462251428,44.45453672995932,7.1857888596379835,8,251.48863530158997
drone-b,greedy,0.2,constructed,greedy-mem_0-nu_02--eval_0,160,0.19999999999995924,33.299656971943996,41.12336186248751,10.57787511167433,3,229.25418162345886
dpm,random,0.2,constructed,random-mem_0-nu_02--eval_0,162,0.006079541512737239,0.5736046846979694,44.454546080704475,7.1846821709964175,8,252.93971800804138
drone,random,0.2,constructed,random-mem_0-nu_02--eval_0,184,0.0002643151938421768,-49.54420770534034,49.99982727281326,13.895955065564344,6,443.17374897003174
drone-b,greedy,0.2,constructed,greedy-mem_0-nu_02--eval_0,161,0.19999999999995924,33.299656971943996,41.12336186248746,10.57787511167433,3,228.39210391044617
dpm,random,0.2,constructed,random-mem_0-nu_02--eval_0,163,0.006083366108971991,0.573962407300778,44.45455552769253,7.183575003117483,8,252.30400276184082
drone,random,0.2,constructed,random-mem_0-nu_02--eval_0,185,0.00026506808213349654,-49.54420852527089,49.99982640274132,13.895920434039011,6,445.6921501159668
dpm,random,0.2,constructed,random-mem_0-nu_02--eval_0,164,0.006088656985608315,0.5744855151137179,44.454569030048475,7.182081317862025,8,257.86119174957275
drone-b,greedy,0.2,constructed,greedy-mem_0-nu_02--eval_0,162,0.19999999999995924,33.29965697194398,41.12336186248744,10.577875111674322,3,248.9404411315918
dpm,random,0.2,constructed,random-mem_0-nu_02--eval_0,165,0.006092179472285242,0.5748152607384545,44.45457792786725,7.181074742024222,8,263.04604172706604
drone,random,0.2,constructed,random-mem_0-nu_02--eval_0,186,0.00026567507864217713,-49.54420935043702,49.99982640218524,13.895914223678725,6,448.74189949035645
drone-b,greedy,0.2,constructed,greedy-mem_0-nu_02--eval_0,163,0.19999999999995924,33.309734387390115,41.122608614774194,10.57462713807762,3,229.60805702209473
dpm,random,0.2,constructed,random-mem_0-nu_02--eval_0,166,0.006096801888868869,0.5752424217352727,44.45458976425103,7.1797264488511345,8,264.7555592060089
drone-b,greedy,0.2,constructed,greedy-mem_0-nu_02--eval_0,164,0.19999999999995924,33.309734387390115,41.12260861477418,10.57462713807762,3,227.16319036483765
dpm,random,0.2,constructed,random-mem_0-nu_02--eval_0,167,0.006101051863990556,0.5756252089075261,44.45460069348268,7.178528870983521,8,272.2580692768097
drone,random,0.2,constructed,random-mem_0-nu_02--eval_0,187,0.000265762846835113,-49.544211636556064,49.999825337027715,13.895897768971558,6,469.67529225349426
dpm,random,0.2,constructed,random-mem_0-nu_02--eval_0,168,0.006106399187056985,0.5761310123122646,44.45461421912489,7.176969376808833,8,270.5912084579468
drone-b,greedy,0.2,constructed,greedy-mem_0-nu_02--eval_0,165,0.19999999999995924,33.309734387390115,41.12260861477409,10.57462713807762,3,229.15117001533508
drone,random,0.2,constructed,random-mem_0-nu_02--eval_0,188,0.00030171807861311897,-49.544260608574334,49.999825282766906,13.895551788649662,6,464.0875961780548
dpm,random,0.2,constructed,random-mem_0-nu_02--eval_0,169,0.00611061756390254,0.5765294845394562,44.454624888387706,7.175752733787039,8,275.49911069869995
drone-b,greedy,0.2,constructed,greedy-mem_0-nu_02--eval_0,166,0.19999999999995924,33.309734387390115,41.122608614774286,10.574627138077629,3,230.0463752746582
dpm,random,0.2,constructed,random-mem_0-nu_02--eval_0,170,0.0061145341759621195,0.5768799996382896,44.45463502898479,7.174656594213878,8,276.18060183525085
drone,random,0.2,constructed,random-mem_0-nu_02--eval_0,189,0.00030174676333999287,-49.54426062115293,49.99982528232595,13.895551120960334,6,461.1918933391571
drone-b,greedy,0.2,constructed,greedy-mem_0-nu_02--eval_0,167,0.19999999999995924,33.309734387390115,41.12260861477423,10.574627138077632,3,233.48302173614502
dpm,random,0.2,constructed,random-mem_0-nu_02--eval_0,171,0.006119858048347456,0.5774042212481423,44.454648468943155,7.173069820549154,8,275.83237886428833
dpm,random,0.2,constructed,random-mem_0-nu_02--eval_0,172,0.006122725869817446,0.5776623239628496,44.45465596678326,7.172277099244313,8,282.42044401168823
drone-b,greedy,0.2,constructed,greedy-mem_0-nu_02--eval_0,168,0.19999999999995924,33.309734387390115,41.122608614774244,10.574627138077629,3,231.49384021759033
drone,random,0.2,constructed,random-mem_0-nu_02--eval_0,190,0.0003072772804471155,-49.544268151247316,49.99982527758124,13.895498541312675,6,472.09969878196716
dpm,random,0.2,constructed,random-mem_0-nu_02--eval_0,173,0.006126701584478722,0.5780415535549996,44.454666345938676,7.171113846290167,8,283.6186742782593
drone-b,greedy,0.2,constructed,greedy-mem_0-nu_02--eval_0,169,0.19999999999995924,33.309734387390115,41.12260861477422,10.574627138077615,3,229.514004945755
drone,random,0.2,constructed,random-mem_0-nu_02--eval_0,191,0.0003072802839284965,-49.54426814859098,49.99982527725696,13.895498458195327,6,479.1335837841034
dpm,random,0.2,constructed,random-mem_0-nu_02--eval_0,174,0.006131028378798805,0.5784473742394508,44.454677029995594,7.169842474147941,8,289.2653315067291
drone-b,greedy,0.2,constructed,greedy-mem_0-nu_02--eval_0,170,0.19999999999995924,33.309734387390115,41.12260861477428,10.574627138077624,3,229.72275352478027
dpm,random,0.2,constructed,random-mem_0-nu_02--eval_0,175,0.00613553337419305,0.578859822931548,44.45468846525439,7.168547387806834,8,292.2309355735779
drone,random,0.2,constructed,random-mem_0-nu_02--eval_0,192,0.00030746840509211716,-49.54426780736991,49.999825188713686,13.895479424210588,6,476.9698212146759
drone-b,greedy,0.2,constructed,greedy-mem_0-nu_02--eval_0,171,0.19999999999995924,33.309734387390115,41.1226086147743,10.57462713807764,3,243.9947633743286
dpm,random,0.2,constructed,random-mem_0-nu_02--eval_0,176,0.00614011522310934,0.5793175099305284,44.454700068392775,7.16721780756985,8,294.8474705219269
drone-b,greedy,0.2,constructed,greedy-mem_0-nu_02--eval_0,172,0.19999999999995924,33.309734387390115,41.12260861477442,10.574627138077627,3,229.91649222373962
dpm,random,0.2,constructed,random-mem_0-nu_02--eval_0,177,0.0061445522418023014,0.5797577322543395,44.45471129246047,7.165941036558817,8,294.8141689300537
drone,random,0.2,constructed,random-mem_0-nu_02--eval_0,193,0.0003099846843584215,-49.54426855905636,49.99982356853505,13.895385758136456,6,485.6671826839447
dpm,random,0.2,constructed,random-mem_0-nu_02--eval_0,178,0.006148785403186797,0.5801747797649843,44.45472170350179,7.164679182571929,8,296.2283601760864
drone-b,greedy,0.2,constructed,greedy-mem_0-nu_02--eval_0,173,0.19999999999995924,33.309734387390115,41.1226086147745,10.574627138077627,3,233.118727684021
drone,random,0.2,constructed,random-mem_0-nu_02--eval_0,194,0.0003103602665132283,-49.54427433463348,49.99982140717876,13.895348412034867,6,498.61495089530945
dpm,random,0.2,constructed,random-mem_0-nu_02--eval_0,179,0.0061538595852281275,0.5806440598437879,44.45473443675467,7.1632013175010405,8,299.23896622657776
drone-b,greedy,0.2,constructed,greedy-mem_0-nu_02--eval_0,174,0.19999999999995924,33.309734387390115,41.122608614774464,10.574627138077627,3,232.051171541214
dpm,random,0.2,constructed,random-mem_0-nu_02--eval_0,180,0.0061572928420154886,0.5809722559135581,44.454742989311164,7.162215175305983,8,300.54438829421997
drone-b,greedy,0.2,constructed,greedy-mem_0-nu_02--eval_0,175,0.19999999999995924,33.309734387390115,41.12260861477449,10.574627138077616,3,231.45855522155762
drone,random,0.2,constructed,random-mem_0-nu_02--eval_0,195,0.0003109421918989722,-49.54427519282256,49.99982127847258,13.895333562821355,6,514.4547233581543
dpm,random,0.2,constructed,random-mem_0-nu_02--eval_0,181,0.006161604717261394,0.5813948372562785,44.454753553039424,7.160927309358002,8,308.90103936195374
drone-b,greedy,0.2,constructed,greedy-mem_0-nu_02--eval_0,176,0.19999999999995924,33.32003515538462,41.12166684370237,10.571189711031344,3,239.56274700164795
dpm,random,0.2,constructed,random-mem_0-nu_02--eval_0,182,0.006164913808001974,0.5817011782211238,44.45476193059525,7.159968357967048,8,323.096643447876
drone,random,0.2,constructed,random-mem_0-nu_02--eval_0,196,0.00031094604998885473,-49.544275276880455,49.99982124355591,13.895332902402243,6,504.03717517852783
drone-b,greedy,0.2,constructed,greedy-mem_0-nu_02--eval_0,177,0.19999999999995924,33.32003515538462,41.121666843702364,10.571189711031344,3,230.25517988204956
dpm,random,0.2,constructed,random-mem_0-nu_02--eval_0,183,0.006169174351465939,0.5821106762796906,44.4547723977968,7.158711194462729,8,311.3258547782898
drone,random,0.2,constructed,random-mem_0-nu_02--eval_0,197,0.0003165720303256474,-49.54426998881555,49.99982100452765,13.895182251889121,6,505.6750144958496
drone-b,greedy,0.2,constructed,greedy-mem_0-nu_02--eval_0,178,0.19999999999995924,33.32003515538462,41.12166684370241,10.571189711031344,3,231.25366401672363
dpm,random,0.2,constructed,random-mem_0-nu_02--eval_0,184,0.006172905692191137,0.5824598044165351,44.45478180928205,7.157632996646454,8,318.28546237945557
drone-b,greedy,0.2,constructed,greedy-mem_0-nu_02--eval_0,179,0.19999999999995924,33.32003515538462,41.1216668437025,10.571189711031339,3,232.7751829624176
dpm,random,0.2,constructed,random-mem_0-nu_02--eval_0,185,0.006176962091684696,0.5828419232528175,44.45479181974549,7.156456218260714,8,323.30511689186096
drone,random,0.2,constructed,random-mem_0-nu_02--eval_0,198,0.00031982429682013555,-49.544265496468746,49.9998210024603,13.895094301166404,6,531.5301070213318
dpm,random,0.2,constructed,random-mem_0-nu_02--eval_0,186,0.006183009438659183,0.5834246931904081,44.45480706181891,7.1546961826752,8,338.34987926483154
drone-b,greedy,0.2,constructed,greedy-mem_0-nu_02--eval_0,180,0.19999999999995924,33.32003515538462,41.121666843702606,10.571189711031327,3,230.01029896736145
drone,random,0.2,constructed,random-mem_0-nu_02--eval_0,199,0.0003201395462271877,-49.54426509912378,49.99982097183689,13.895085310340319,6,525.8586571216583
dpm,random,0.2,constructed,random-mem_0-nu_02--eval_0,187,0.006187771325306846,0.5838560650009292,44.45481919162301,7.153338038703269,8,327.06497979164124
drone-b,greedy,0.2,constructed,greedy-mem_0-nu_02--eval_0,181,0.19999999999995924,33.32003515538462,41.1216668437026,10.571189711031316,3,236.48944568634033
dpm,random,0.2,constructed,random-mem_0-nu_02--eval_0,188,0.006191688746877641,0.5842339502831384,44.45482899128442,7.152192708959454,8,335.07426738739014
drone-b,greedy,0.2,constructed,greedy-mem_0-nu_02--eval_0,182,0.19999999999995924,33.33012942155585,41.1209131266823,10.567936896076967,3,232.35477566719055
drone,random,0.2,constructed,random-mem_0-nu_02--eval_0,200,0.00032189114637652287,-49.54426272602412,49.99982097132766,13.89503830635489,6,512.902188539505
dpm,random,0.2,constructed,random-mem_0-nu_02--eval_0,189,0.006194851969206137,0.5845371347444906,44.45483696034491,7.1512596082010385,8,334.4042372703552
drone-b,greedy,0.2,constructed,greedy-mem_0-nu_02--eval_0,183,0.19999999999995924,33.33012942155585,41.12091312668236,10.567936896076967,3,236.424090385437
drone,random,0.2,constructed,random-mem_0-nu_02--eval_0,201,0.00032263317877528105,-49.54426429326709,49.99981976033705,13.895000489082578,6,531.9620325565338
dpm,random,0.2,constructed,random-mem_0-nu_02--eval_0,190,0.006199555338410658,0.5849869478726815,44.454848896312384,7.149904885829152,8,336.0722427368164
drone-b,greedy,0.2,constructed,greedy-mem_0-nu_02--eval_0,184,0.19999999999995924,33.33505624329905,41.12049279261881,10.566386418281066,3,238.59722900390625
dpm,random,0.2,constructed,random-mem_0-nu_02--eval_0,191,0.0062032690483437795,0.5853489801928328,44.45485800600961,7.14880721771885,8,340.3115670681
drone-b,greedy,0.2,constructed,greedy-mem_0-nu_02--eval_0,185,0.19999999999995924,33.33505624329905,41.120492792618855,10.56638641828107,3,234.3776981830597
drone,random,0.2,constructed,random-mem_0-nu_02--eval_0,202,0.0003231098559103193,-49.544269978667465,49.99981717857077,13.894951466485173,6,531.3326237201691
dpm,random,0.2,constructed,random-mem_0-nu_02--eval_0,192,0.006209037762615622,0.5858657431160083,44.45487276735938,7.14714229531847,8,340.7904441356659
drone-b,greedy,0.2,constructed,greedy-mem_0-nu_02--eval_0,186,0.19999999999995924,33.33505624329905,41.12049279261896,10.56638641828107,3,237.85786986351013
dpm,random,0.2,constructed,random-mem_0-nu_02--eval_0,193,0.006212878303539273,0.5862349234445041,44.454882215777545,7.145999039791377,8,346.1014268398285
drone,random,0.2,constructed,random-mem_0-nu_02--eval_0,203,0.00032313976309112903,-49.54427224449546,49.99981611731228,13.894940614788133,6,528.7529458999634
drone-b,greedy,0.2,constructed,greedy-mem_0-nu_02--eval_0,187,0.19999999999995924,33.335071188893444,41.12049214473757,10.566382237128817,3,233.32444190979004
dpm,random,0.2,constructed,random-mem_0-nu_02--eval_0,194,0.006216563081165739,0.5865746570144975,44.4548916285757,7.1449455022752915,8,352.65525460243225
drone-b,greedy,0.2,constructed,greedy-mem_0-nu_02--eval_0,188,0.19999999999995924,33.335071188893444,41.1204921447376,10.566382237128808,3,240.70113682746887
drone,random,0.2,constructed,random-mem_0-nu_02--eval_0,204,0.00032324344808686315,-49.54427284280005,49.9998159106231,13.894935979240858,6,546.2109916210175
dpm,random,0.2,constructed,random-mem_0-nu_02--eval_0,195,0.00622075857368151,0.5869880232351875,44.454902213242114,7.143726802114859,8,352.90836477279663
drone-b,greedy,0.2,constructed,greedy-mem_0-nu_02--eval_0,189,0.19999999999995924,33.335071188893444,41.12049214473759,10.566382237128815,3,235.5075695514679
dpm,random,0.2,constructed,random-mem_0-nu_02--eval_0,196,0.006224849478818791,0.5873863328581908,44.45491267315503,7.142588347519426,8,373.6209943294525
drone,random,0.2,constructed,random-mem_0-nu_02--eval_0,205,0.0003238593975260587,-49.54427249442221,49.99981578740002,13.89491688926158,6,543.2240617275238
drone-b,greedy,0.2,constructed,greedy-mem_0-nu_02--eval_0,190,0.19999999999995924,33.335071188893444,41.120492144737696,10.566382237128819,3,233.77134919166565
dpm,random,0.2,constructed,random-mem_0-nu_02--eval_0,197,0.006229331313093208,0.5878215681485609,44.454923969965144,7.141274458146457,8,359.02563071250916
drone-b,greedy,0.2,constructed,greedy-mem_0-nu_02--eval_0,191,0.19999999999995924,33.335071188893444,41.12049214473774,10.566382237128819,3,240.3039608001709
drone,random,0.2,constructed,random-mem_0-nu_02--eval_0,206,0.00032392056914136875,-49.544273222186774,49.99981554211026,13.894912127356507,6,546.7938735485077
dpm,random,0.2,constructed,random-mem_0-nu_02--eval_0,198,0.006233444121110774,0.5882219937243733,44.45493426026911,7.140053660126499,8,362.5660674571991
drone-b,greedy,0.2,constructed,greedy-mem_0-nu_02--eval_0,192,0.19999999999995924,33.34514860433958,41.11973889702455,10.56313426353212,3,242.36834073066711
dpm,random,0.2,constructed,random-mem_0-nu_02--eval_0,199,0.006237754902780536,0.5886350127142389,44.45494531273173,7.138822624867923,8,369.8870105743408
drone,random,0.2,constructed,random-mem_0-nu_02--eval_0,207,0.00032394220072470023,-49.544273194995995,49.99981554202203,13.894911559431572,6,554.1931931972504
drone-b,greedy,0.2,constructed,greedy-mem_0-nu_02--eval_0,193,0.19999999999995924,33.34514860433958,41.119738897024625,10.563134263532124,3,236.55876421928406
dpm,random,0.2,constructed,random-mem_0-nu_02--eval_0,200,0.006242332939999059,0.5890472828874808,44.45495687110245,7.137507961588182,8,366.19224643707275
drone-b,greedy,0.2,constructed,greedy-mem_0-nu_02--eval_0,194,0.19999999999995924,33.34514860433958,41.11973889702475,10.56313426353212,3,240.9620382785797
drone,random,0.2,constructed,random-mem_0-nu_02--eval_0,208,0.0003240159318552256,-49.54427374366159,49.99981533812236,13.894907100636889,6,553.1478502750397
dpm,random,0.2,constructed,random-mem_0-nu_02--eval_0,201,0.00624721633708244,0.5895099609824,44.454969230100026,7.136067583233634,8,372.1772518157959
drone-b,greedy,0.2,constructed,greedy-mem_0-nu_02--eval_0,195,0.19999999999995924,33.34514860433958,41.11973889702461,10.563134263532117,3,236.31336498260498
dpm,random,0.2,constructed,random-mem_0-nu_02--eval_0,202,0.006251264407635454,0.5899051891025403,44.454979605787976,7.134941327515426,8,374.5010139942169
drone,random,0.2,constructed,random-mem_0-nu_02--eval_0,209,0.00033037484219491177,-49.54429198275327,49.99981009259828,13.894761750208891,6,571.1067583560944
drone-b,greedy,0.2,constructed,greedy-mem_0-nu_02--eval_0,196,0.19999999999995924,33.34514860433958,41.11973889702461,10.563134263532117,3,239.30060124397278
dpm,random,0.2,constructed,random-mem_0-nu_02--eval_0,203,0.006256389272533898,0.5903601873291215,44.454992902606776,7.133511227128544,8,378.9536335468292
drone-b,greedy,0.2,constructed,greedy-mem_0-nu_02--eval_0,197,0.19999999999995924,33.34514860433958,41.11973889702463,10.563134263532117,3,239.07701706886292
drone,random,0.2,constructed,random-mem_0-nu_02--eval_0,210,0.00033043374678657506,-49.54429573439756,49.99980840080648,13.894731853026006,6,565.265590429306
dpm,random,0.2,constructed,random-mem_0-nu_02--eval_0,204,0.006259440041873039,0.5906518679189068,44.45500063310038,7.132663821807437,8,382.6504945755005
drone-b,greedy,0.2,constructed,greedy-mem_0-nu_02--eval_0,198,0.19999999999995924,33.34526301928422,41.11971850788403,10.56310411159468,3,244.67366933822632
dpm,random,0.2,constructed,random-mem_0-nu_02--eval_0,205,0.006263944796332761,0.5910996938240656,44.45501173251843,7.131326753966375,8,390.0772662162781
drone,random,0.2,constructed,random-mem_0-nu_02--eval_0,211,0.0003304450127254045,-49.5442964800025,49.999808051961715,13.894727831165081,6,562.6348769664764
drone-b,greedy,0.2,constructed,greedy-mem_0-nu_02--eval_0,199,0.19999999999995924,33.34526301928422,41.11971850788409,10.563104111594676,3,236.67060923576355
dpm,random,0.2,constructed,random-mem_0-nu_02--eval_0,206,0.006268888849437886,0.5915909923001704,44.455024185346375,7.129895366488949,8,389.55858039855957
drone-b,greedy,0.2,constructed,greedy-mem_0-nu_02--eval_0,200,0.19999999999995924,33.34526301928422,41.119718507884166,10.563104111594676,3,248.39888405799866
drone,random,0.2,constructed,random-mem_0-nu_02--eval_0,212,0.00033126896586509224,-49.544302527584414,49.99980492663079,13.894661414650075,6,572.9370639324188
dpm,random,0.2,constructed,random-mem_0-nu_02--eval_0,207,0.006273005263726013,0.5919934632578249,44.455034269344445,7.12867823685,8,397.5124273300171
drone-b,greedy,0.2,constructed,greedy-mem_0-nu_02--eval_0,201,0.19999999999995924,33.34526301928422,41.11971850788414,10.563104111594676,3,237.9642539024353
drone,random,0.2,constructed,random-mem_0-nu_02--eval_0,213,0.00033127463149428585,-49.544302846640306,49.99980478552209,13.894659145417421,6,583.5733006000519
dpm,random,0.2,constructed,random-mem_0-nu_02--eval_0,208,0.00627771932111184,0.5924576298285463,44.45504627527746,7.127340637286284,8,400.7072973251343
drone-b,greedy,0.2,constructed,greedy-mem_0-nu_02--eval_0,202,0.19999999999995924,33.34526301928422,41.1197185078841,10.563104111594676,3,238.63700103759766
drone-b,greedy,0.2,constructed,greedy-mem_0-nu_02--eval_0,203,0.19999999999995924,33.34526301928422,41.119718507884095,10.563104111594674,3,236.57564282417297
dpm,random,0.2,constructed,random-mem_0-nu_02--eval_0,209,0.006282212824503952,0.5928858138876539,44.455057892927194,7.126063290841262,8,403.95969128608704
drone,random,0.2,constructed,random-mem_0-nu_02--eval_0,214,0.00033143276568487173,-49.544303221782556,49.999804579566835,13.89465066365556,6,590.2996814250946
drone-b,greedy,0.2,constructed,greedy-mem_0-nu_02--eval_0,204,0.19999999999995924,33.34526301928422,41.119718507884194,10.56310411159467,3,239.1220188140869
dpm,random,0.2,constructed,random-mem_0-nu_02--eval_0,210,0.006286217060991122,0.5932636609086057,44.45506806353979,7.124914913394881,8,412.1334936618805
drone-b,greedy,0.2,constructed,greedy-mem_0-nu_02--eval_0,205,0.19999999999995924,33.34526301928422,41.11971850788421,10.56310411159467,3,237.80993843078613
drone,random,0.2,constructed,random-mem_0-nu_02--eval_0,215,0.00033149752816547846,-49.544303354735774,49.99980455128006,13.894649392827509,6,587.4967143535614
dpm,random,0.2,constructed,random-mem_0-nu_02--eval_0,211,0.006289855133824273,0.5936166387812033,44.455076974906724,7.123861943112995,8,415.47488737106323
drone-b,greedy,0.2,constructed,greedy-mem_0-nu_02--eval_0,206,0.19999999999995924,33.34526301928422,41.11971850788425,10.563104111594663,3,259.6001625061035
dpm,random,0.2,constructed,random-mem_0-nu_02--eval_0,212,0.006293144527513865,0.5939220352374569,44.45508532671817,7.12288862116327,8,417.11424112319946
drone,random,0.2,constructed,random-mem_0-nu_02--eval_0,216,0.00033178931082961365,-49.54430490622784,49.99980365863136,13.89462742290991,6,619.0105483531952
drone-b,greedy,0.2,constructed,greedy-mem_0-nu_02--eval_0,207,0.19999999999995924,33.34526301928422,41.11971850788428,10.56310411159467,3,240.45141172409058
dpm,random,0.2,constructed,random-mem_0-nu_02--eval_0,213,0.006296600348521433,0.5942414780145426,44.45509411044987,7.121908804845435,8,417.02251839637756
drone-b,greedy,0.2,constructed,greedy-mem_0-nu_02--eval_0,208,0.19999999999995924,33.34526301928422,41.119718507884336,10.563104111594676,3,239.07815599441528
drone,random,0.2,constructed,random-mem_0-nu_02--eval_0,217,0.00033810517402297594,-49.54429587310896,49.99980365508522,13.894456970673506,6,617.6627306938171
dpm,random,0.2,constructed,random-mem_0-nu_02--eval_0,214,0.0063008258740478535,0.5946365076302745,44.45510493499458,7.120706788627552,8,417.75149726867676
drone-b,greedy,0.2,constructed,greedy-mem_0-nu_02--eval_0,209,0.19999999999995924,33.355340434730365,41.11896526017108,10.559856137997983,3,237.64947319030762
dpm,random,0.2,constructed,random-mem_0-nu_02--eval_0,215,0.006306478694841825,0.5951666516564764,44.45511960027486,7.119093593485072,8,422.17768955230713
drone-b,greedy,0.2,constructed,greedy-mem_0-nu_02--eval_0,210,0.19999999999995924,33.355340434730365,41.11896526017115,10.559856137997983,3,250.3649537563324
drone,random,0.2,constructed,random-mem_0-nu_02--eval_0,218,0.000338131686695669,-49.54429600634452,49.99980358296952,13.894455074499787,6,602.2288959026337
drone-b,greedy,0.2,constructed,greedy-mem_0-nu_02--eval_0,211,0.19999999999995924,33.355340434730365,41.11896526017107,10.559856137997985,3,242.09224581718445
dpm,random,0.2,constructed,random-mem_0-nu_02--eval_0,216,0.0063103465550566045,0.5955309996822516,44.45512931094457,7.117993022065971,8,431.1819610595703
drone,random,0.2,constructed,random-mem_0-nu_02--eval_0,219,0.00033814835832017293,-49.544297445057865,49.99980291914984,13.89444698097868,6,600.8307502269745
drone-b,greedy,0.2,constructed,greedy-mem_0-nu_02--eval_0,212,0.19999999999995924,33.355340434730365,41.118965260171095,10.559856137997985,3,237.61918663978577
dpm,random,0.2,constructed,random-mem_0-nu_02--eval_0,217,0.006315029530068972,0.595928356384066,44.455141356709085,7.116668918425926,8,434.72042536735535
drone-b,greedy,0.2,constructed,greedy-mem_0-nu_02--eval_0,213,0.19999999999995924,33.355340434730365,41.11896526017109,10.55985613799799,3,239.9980273246765
drone,random,0.2,constructed,random-mem_0-nu_02--eval_0,220,0.0003382912489691403,-49.54429773122152,49.99980286052962,13.894442843191745,6,615.062994480133
dpm,random,0.2,constructed,random-mem_0-nu_02--eval_0,218,0.0063190123747101645,0.5962898223071509,44.4551515216215,7.11554003766792,8,439.7468521595001
drone-b,greedy,0.2,constructed,greedy-mem_0-nu_02--eval_0,214,0.19999999999995924,33.355340434730365,41.118965260171095,10.55985613799799,3,244.84544491767883
dpm,random,0.2,constructed,random-mem_0-nu_02--eval_0,219,0.006324027188951329,0.59676431269274,44.4551644861577,7.114095450806268,8,444.3156895637512
drone-b,greedy,0.2,constructed,greedy-mem_0-nu_02--eval_0,215,0.19999999999995924,33.355340434730365,41.118965260171066,10.559856137997992,3,248.17458128929138
drone,random,0.2,constructed,random-mem_0-nu_02--eval_0,221,0.00033834053925991316,-49.544297694046186,49.99980285662936,13.894441523286716,6,627.582190990448
dpm,random,0.2,constructed,random-mem_0-nu_02--eval_0,220,0.006327440419991763,0.597089028932892,44.45517302895275,7.113120360711157,8,442.0195686817169
drone-b,greedy,0.2,constructed,greedy-mem_0-nu_02--eval_0,216,0.19999999999995924,33.355340434730365,41.118965260170945,10.559856137997983,3,240.54794025421143
drone,random,0.2,constructed,random-mem_0-nu_02--eval_0,222,0.0003383602440127267,-49.54429792334279,49.99980274893351,13.894439169376271,6,619.8025164604187
drone-b,greedy,0.2,constructed,greedy-mem_0-nu_02--eval_0,217,0.19999999999995924,33.355340434730365,41.11896526017095,10.559856137997985,3,246.8329541683197
dpm,random,0.2,constructed,random-mem_0-nu_02--eval_0,221,0.00633198374975161,0.5975179229675129,44.45518459572082,7.1118337919214785,8,445.18662881851196
drone-b,greedy,0.2,constructed,greedy-mem_0-nu_02--eval_0,218,0.19999999999995924,33.355346470803056,41.11896434647585,10.559854704591906,3,245.74168276786804
dpm,random,0.2,constructed,random-mem_0-nu_02--eval_0,222,0.006335521983839363,0.5978615880063557,44.45519337317638,7.1108190340232476,8,454.0700237751007
drone,random,0.2,constructed,random-mem_0-nu_02--eval_0,223,0.00033838664238771093,-49.5442980793624,49.99980268983489,13.894437541571394,6,637.3972239494324
drone-b,greedy,0.2,constructed,greedy-mem_0-nu_02--eval_0,219,0.19999999999995924,33.355346470832,41.118964346475806,10.55985470458768,3,239.7576150894165
dpm,random,0.2,constructed,random-mem_0-nu_02--eval_0,223,0.0063380257814710335,0.5980972890550351,44.45519962602069,7.1101144049159695,8,452.61183524131775
drone-b,greedy,0.2,constructed,greedy-mem_0-nu_02--eval_0,220,0.19999999999995924,33.355346470832,41.118964346475785,10.559854704587691,3,242.34475469589233
drone,random,0.2,constructed,random-mem_0-nu_02--eval_0,224,0.00033852771508865916,-49.54429823220535,49.99980260569502,13.894433074202441,6,632.4738185405731
dpm,random,0.2,constructed,random-mem_0-nu_02--eval_0,224,0.00634138979106391,0.5984312379164036,44.45520787728838,7.109132260389486,8,455.5613212585449
drone-b,greedy,0.2,constructed,greedy-mem_0-nu_02--eval_0,221,0.19999999999995924,33.355346470832,41.118964346475764,10.559854704587678,3,241.4308409690857
drone,random,0.2,constructed,random-mem_0-nu_02--eval_0,225,0.00033861086720426184,-49.54429835396951,49.999802516347174,13.89442940630151,6,636.0457465648651
drone-b,greedy,0.2,constructed,greedy-mem_0-nu_02--eval_0,222,0.19999999999995924,33.355346470832,41.11896434647587,10.559854704587682,3,241.53844594955444
dpm,random,0.2,constructed,random-mem_0-nu_02--eval_0,225,0.006343734008234557,0.5986443929577105,44.45521374998502,7.1084755536321635,8,465.437664270401
drone-b,greedy,0.2,constructed,greedy-mem_0-nu_02--eval_0,223,0.19999999999995924,33.355346470832,41.11896434647585,10.559854704587682,3,240.8241777420044
dpm,random,0.2,constructed,random-mem_0-nu_02--eval_0,226,0.006348424839047163,0.5990864804911249,44.45522601774069,7.107136180863091,8,468.5357611179352
drone,random,0.2,constructed,random-mem_0-nu_02--eval_0,226,0.0003391026194233878,-49.5443090532041,49.99979737285208,13.894336687686481,6,672.5416564941406
drone-b,greedy,0.2,constructed,greedy-mem_0-nu_02--eval_0,224,0.19999999999995924,33.355346470832,41.118964346475806,10.559854704587686,3,243.5267276763916
dpm,random,0.2,constructed,random-mem_0-nu_02--eval_0,227,0.006351420639251745,0.5993641581834486,44.45523364773395,7.106289602163605,8,468.00955510139465
drone-b,greedy,0.2,constructed,greedy-mem_0-nu_02--eval_0,225,0.19999999999995924,33.355346470832,41.118964346475764,10.559854704587686,3,243.09450674057007
drone,random,0.2,constructed,random-mem_0-nu_02--eval_0,227,0.0003412515599642476,-49.5443058760446,49.999797364687865,13.894278057415688,6,647.8134961128235
dpm,random,0.2,constructed,random-mem_0-nu_02--eval_0,228,0.006353649445702361,0.5995676022062941,44.45523902712051,7.105650048201261,8,468.7208254337311
drone-b,greedy,0.2,constructed,greedy-mem_0-nu_02--eval_0,226,0.19999999999995924,33.36542388627815,41.118211098762686,10.55660673099098,3,243.90597653388977
drone-b,greedy,0.2,constructed,greedy-mem_0-nu_02--eval_0,227,0.19999999999995924,33.36542388627815,41.118211098762686,10.55660673099098,3,242.49529194831848
dpm,random,0.2,constructed,random-mem_0-nu_02--eval_0,229,0.006358090277883935,0.5999900526810802,44.455250173110045,7.104359844096306,8,479.0648367404938
drone,random,0.2,constructed,random-mem_0-nu_02--eval_0,228,0.00034127026171179207,-49.54430728536415,49.99979667883798,13.894265912857794,6,662.2940828800201
drone-b,greedy,0.2,constructed,greedy-mem_0-nu_02--eval_0,228,0.19999999999996668,33.365423886278144,41.11821109876277,10.556606730990932,3,243.43588042259216
dpm,random,0.2,constructed,random-mem_0-nu_02--eval_0,230,0.006360553832080115,0.6002244978649315,44.45525613893954,7.103633152706904,8,481.0524654388428
drone-b,greedy,0.2,constructed,greedy-mem_0-nu_02--eval_0,229,0.19999999999996668,33.365423886278144,41.11821109876281,10.556606730990932,3,243.58605980873108
drone,random,0.2,constructed,random-mem_0-nu_02--eval_0,229,0.00034160045537613747,-49.54431049791609,49.99979499901685,13.894229756185661,6,654.0212202072144
dpm,random,0.2,constructed,random-mem_0-nu_02--eval_0,231,0.006365572783977608,0.6007150847179414,44.45526877216805,7.102143776032735,8,477.97873520851135
drone-b,greedy,0.2,constructed,greedy-mem_0-nu_02--eval_0,230,0.19999999999996668,33.36565557244851,41.11819628372925,10.556572950026958,3,246.0599524974823
drone,random,0.2,constructed,random-mem_0-nu_02--eval_0,230,0.0003448400197667672,-49.54431507596684,49.99979448319787,13.894150292133169,6,669.8021821975708
drone-b,greedy,0.2,constructed,greedy-mem_0-nu_02--eval_0,231,0.19999999999996668,33.36565557244851,41.11819628372928,10.556572950026949,3,244.46087455749512
dpm,random,0.2,constructed,random-mem_0-nu_02--eval_0,232,0.006368683125329817,0.6010111087638492,44.45527642309508,7.101228075530438,8,487.29182410240173
drone-b,greedy,0.2,constructed,greedy-mem_0-nu_02--eval_0,232,0.19999999999996668,33.36565557244851,41.1181962837293,10.556572950026949,3,244.4410057067871
dpm,random,0.2,constructed,random-mem_0-nu_02--eval_0,233,0.0063712268186044505,0.6012575172811505,44.455282764899245,7.100515049474121,8,502.9457700252533
drone,random,0.2,constructed,random-mem_0-nu_02--eval_0,231,0.00034489571851877563,-49.54431525766628,49.99979438116486,13.894147046914158,6,675.4840767383575
drone-b,greedy,0.2,constructed,greedy-mem_0-nu_02--eval_0,233,0.19999999999996668,33.36565557244851,41.11819628372927,10.556572950026949,3,245.68406081199646
dpm,random,0.2,constructed,random-mem_0-nu_02--eval_0,234,0.006374194575287885,0.6015460830425745,44.45529006534532,7.099654002381363,8,499.7456126213074
drone-b,greedy,0.2,constructed,greedy-mem_0-nu_02--eval_0,234,0.19999999999996668,33.36565557244851,41.118196283729155,10.556572950026949,3,248.24563312530518
drone,random,0.2,constructed,random-mem_0-nu_02--eval_0,232,0.00034531223844049306,-49.54431614045027,49.99979425413205,13.894140943889212,6,672.3573219776154
drone-b,greedy,0.2,constructed,greedy-mem_0-nu_02--eval_0,235,0.19999999999996668,33.36565557244851,41.11819628372918,10.556572950026949,3,244.25902795791626
dpm,random,0.2,constructed,random-mem_0-nu_02--eval_0,235,0.0063779973534009715,0.6019189209801044,44.4552996460149,7.098560497509869,8,501.803653717041
drone-b,greedy,0.2,constructed,greedy-mem_0-nu_02--eval_0,236,0.19999999999996668,33.36565557244851,41.11819628372915,10.556572950026949,3,244.32041263580322
drone,random,0.2,constructed,random-mem_0-nu_02--eval_0,233,0.00034568232628180365,-49.54432039731885,49.9997928750396,13.894109882079169,6,697.9612255096436
dpm,random,0.2,constructed,random-mem_0-nu_02--eval_0,236,0.006381124436862279,0.6022224968307142,44.45530727582127,7.097660191263758,8,500.4099495410919
drone-b,greedy,0.2,constructed,greedy-mem_0-nu_02--eval_0,237,0.19999999999996668,33.36565557244851,41.1181962837292,10.556572950026949,3,253.38300323486328
dpm,random,0.2,constructed,random-mem_0-nu_02--eval_0,237,0.006384797105453676,0.6025693673224396,44.4553165578566,7.0965957838361655,8,509.8191158771515
drone-b,greedy,0.2,constructed,greedy-mem_0-nu_02--eval_0,238,0.19999999999996668,33.36565557244851,41.11819628372926,10.556572950026947,3,248.38983798027039
drone,random,0.2,constructed,random-mem_0-nu_02--eval_0,234,0.0003472177754605905,-49.54432471117121,49.99979187286728,13.894077450736331,6,682.668622970581
drone-b,greedy,0.2,constructed,greedy-mem_0-nu_02--eval_0,239,0.19999999999996668,33.36565557244851,41.11819628372927,10.556572950026947,3,244.95831274986267
dpm,random,0.2,constructed,random-mem_0-nu_02--eval_0,238,0.0063884794492937245,0.6029274907544986,44.455325893153976,7.095539743100028,8,518.8573517799377
drone-b,greedy,0.2,constructed,greedy-mem_0-nu_02--eval_0,240,0.19999999999996668,33.36565557244851,41.118196283729276,10.556572950026947,3,247.0250277519226
drone,random,0.2,constructed,random-mem_0-nu_02--eval_0,235,0.00036259952667302807,-49.54430826121232,49.99979185203289,13.8936663996976,6,691.4026110172272
dpm,random,0.2,constructed,random-mem_0-nu_02--eval_0,239,0.0063918284423970535,0.603259203347106,44.4553341456873,7.094574483115099,8,518.3751962184906
drone-b,greedy,0.2,constructed,greedy-mem_0-nu_02--eval_0,241,0.19999999999996668,33.36773620691488,41.11807590106654,10.555923014516567,3,244.22879552841187
drone,random,0.2,constructed,random-mem_0-nu_02--eval_0,236,0.0003645271184097462,-49.54430555606264,49.99979178373383,13.893613112474107,6,696.9273738861084
dpm,random,0.2,constructed,random-mem_0-nu_02--eval_0,240,0.0063946224346306275,0.6035288900424751,44.455340887245725,7.093738165089025,8,519.9674603939056
drone-b,greedy,0.2,constructed,greedy-mem_0-nu_02--eval_0,242,0.19999999999996668,33.36773620691488,41.118075901066646,10.55592301451658,3,250.96967267990112
drone-b,greedy,0.2,constructed,greedy-mem_0-nu_02--eval_0,243,0.19999999999996668,33.36773620691488,41.11807590106664,10.55592301451658,3,247.8265664577484
dpm,random,0.2,constructed,random-mem_0-nu_02--eval_0,241,0.006396604839854988,0.6037239283802543,44.45534535944218,7.093152224040193,8,528.0164091587067
drone,random,0.2,constructed,random-mem_0-nu_02--eval_0,237,0.00036472073598901395,-49.54430574958423,49.99979158055706,13.893604961073411,6,708.5612218379974
drone-b,greedy,0.2,constructed,greedy-mem_0-nu_02--eval_0,244,0.19999999999996668,33.368252376247256,41.11804611157475,10.555749108923774,3,246.8961079120636
dpm,random,0.2,constructed,random-mem_0-nu_02--eval_0,242,0.00639923691167843,0.603985342159143,44.45535167497476,7.092368202652196,8,527.7716777324677
drone-b,greedy,0.2,constructed,greedy-mem_0-nu_02--eval_0,245,0.19999999999996668,33.368252376247256,41.1180461115748,10.555749108923772,3,245.980966091156
drone,random,0.2,constructed,random-mem_0-nu_02--eval_0,238,0.0003667775962097929,-49.54430345846817,49.99979134173765,13.893543222395374,6,709.168957233429
drone-b,greedy,0.2,constructed,greedy-mem_0-nu_02--eval_0,246,0.19999999999996668,33.368252376247256,41.1180461115748,10.55574910892377,3,250.5735101699829
dpm,random,0.2,constructed,random-mem_0-nu_02--eval_0,243,0.006401738011046531,0.6042140147296116,44.45535789313745,7.091657796714489,8,531.1403460502625
drone-b,greedy,0.2,constructed,greedy-mem_0-nu_02--eval_0,247,0.19999999999996668,33.368252376247256,41.11804611157488,10.555749108923766,3,246.8298454284668
drone,random,0.2,constructed,random-mem_0-nu_02--eval_0,239,0.00036678520452469466,-49.544304093744934,49.99979105359501,13.893538449124692,6,710.1280837059021
dpm,random,0.2,constructed,random-mem_0-nu_02--eval_0,244,0.006404551471253712,0.6044551624059009,44.45536506348841,7.090879574123204,8,544.1957550048828
drone-b,greedy,0.2,constructed,greedy-mem_0-nu_02--eval_0,248,0.19999999999996668,33.368252376247256,41.11804611157495,10.55574910892377,3,246.74633479118347
drone-b,greedy,0.2,constructed,greedy-mem_0-nu_02--eval_0,249,0.19999999999996668,33.368252376247256,41.11804611157499,10.555749108923766,3,249.69120955467224
dpm,random,0.2,constructed,random-mem_0-nu_02--eval_0,245,0.006409286754859356,0.6048826774677123,44.45537707324429,7.089530401993949,8,545.4546592235565
drone,random,0.2,constructed,random-mem_0-nu_02--eval_0,240,0.00036694471088948916,-49.54430438808146,49.99979082781056,13.893530792431523,6,719.889232635498
drone-b,greedy,0.2,constructed,greedy-mem_0-nu_02--eval_0,250,0.19999999999996668,33.368252376247256,41.11804611157499,10.555749108923766,3,248.21271514892578
dpm,random,0.2,constructed,random-mem_0-nu_02--eval_0,246,0.006413259018328836,0.605270329917583,44.45538731060049,7.088409682747928,8,546.0566401481628
drone-b,greedy,0.2,constructed,greedy-mem_0-nu_02--eval_0,251,0.19999999999996668,33.368270218191455,41.11804561466192,10.55574398278038,3,248.90795302391052
drone,random,0.2,constructed,random-mem_0-nu_02--eval_0,241,0.00036698218483233793,-49.54430496137246,49.99979082491841,13.893525944472202,6,731.6461436748505
drone-b,greedy,0.2,constructed,greedy-mem_0-nu_02--eval_0,252,0.19999999999996668,33.368270218191455,41.118045614661966,10.55574398278038,3,249.27045226097107
dpm,random,0.2,constructed,random-mem_0-nu_02--eval_0,247,0.006417567070914913,0.6056626411504393,44.45539807847742,7.087158938013114,8,549.7582647800446
drone-b,greedy,0.2,constructed,greedy-mem_0-nu_02--eval_0,253,0.19999999999996668,33.368270218191455,41.11804561466193,10.555743982780385,3,250.8184778690338
drone,random,0.2,constructed,random-mem_0-nu_02--eval_0,242,0.00036699180118458883,-49.5443050544004,49.99979078874377,13.893525049317674,6,728.2781584262848
dpm,random,0.2,constructed,random-mem_0-nu_02--eval_0,248,0.0064202864420346735,0.6059135521231472,44.455404789271604,7.086385652214234,8,559.9777178764343
drone-b,greedy,0.2,constructed,greedy-mem_0-nu_02--eval_0,254,0.19999999999996668,33.368270218191455,41.11804561466203,10.555743982780387,3,252.57616662979126
dpm,random,0.2,constructed,random-mem_0-nu_02--eval_0,249,0.006423576804668464,0.6062164279433087,44.45541342639545,7.085469849763936,8,554.455803155899
drone-b,greedy,0.2,constructed,greedy-mem_0-nu_02--eval_0,255,0.19999999999996668,33.368270218191455,41.11804561466199,10.55574398278038,3,248.85852694511414
drone,random,0.2,constructed,random-mem_0-nu_02--eval_0,243,0.0003692963872942447,-49.544302095582154,49.99979066006159,13.893461535571388,6,735.6287708282471
drone-b,safe,0.2,constructed,safe-mem_0-nu_02--eval_0,0,1.781293286543273e-05,-50.00001307413098,50.000000054508796,0.6489812824388631,3,177.02178049087524
dpm,random,0.2,constructed,random-mem_0-nu_02--eval_0,250,0.006425620094483721,0.6064067662109381,44.455418311288284,7.084869124311254,8,569.0254380702972
drone-b,safe,0.2,constructed,safe-mem_0-nu_02--eval_0,1,5.3994882958760284e-05,-50.00004921846198,50.000000017721455,0.6473677388559615,3,179.38332653045654
drone,random,0.2,constructed,random-mem_0-nu_02--eval_0,244,0.00037569243595335816,-49.544296230859494,49.999790417871736,13.89328854241354,6,741.0125386714935
drone-b,safe,0.2,constructed,safe-mem_0-nu_02--eval_0,2,0.0001314481865260102,-50.000126584112834,49.99999993212571,0.6439138176980153,3,182.75415539741516
dpm,random,0.2,constructed,random-mem_0-nu_02--eval_0,251,0.006427726987930453,0.6065927103106622,44.45542338564775,7.084254980852565,8,567.289133310318
drone-b,safe,0.2,constructed,safe-mem_0-nu_02--eval_0,3,0.0002544537174789575,-50.00024937973525,49.99999972678905,0.6384281911656626,3,183.22785878181458
drone-b,safe,0.2,constructed,safe-mem_0-nu_02--eval_0,4,0.0004669255149477882,-50.00046161697842,49.999999497288385,0.628952669397607,3,187.38298273086548
drone,random,0.2,constructed,random-mem_0-nu_02--eval_0,245,0.00037570946340806247,-49.54429626873103,49.99979041104218,13.893288144258463,6,752.8012230396271
dpm,random,0.2,constructed,random-mem_0-nu_02--eval_0,252,0.006430620178123863,0.6068546744658012,44.45543055364644,7.083437816993353,8,575.1214158535004
drone-b,safe,0.2,constructed,safe-mem_0-nu_02--eval_0,5,0.0006448680496596584,-50.00063935065815,49.99999929314189,0.6210171783316613,3,189.49635219573975
drone-b,safe,0.2,constructed,safe-mem_0-nu_02--eval_0,6,0.0007522955754807471,-50.00074679638591,49.99999931096279,0.6162264614923421,3,189.44122195243835
dpm,random,0.2,constructed,random-mem_0-nu_02--eval_0,253,0.006434886234681285,0.6072649970020831,44.45544115065656,7.082190509913264,8,576.155403137207
drone,random,0.2,constructed,random-mem_0-nu_02--eval_0,246,0.00037632708350411517,-49.54430175789195,49.999787884287976,13.893233366666342,6,750.049153804779
drone-b,safe,0.2,constructed,safe-mem_0-nu_02--eval_0,7,0.00097752239644328,-50.000971595222715,49.999998892542045,0.606182354578899,3,190.62430810928345
drone-b,safe,0.2,constructed,safe-mem_0-nu_02--eval_0,8,0.0010322172834110765,-50.00102623058941,49.999998834416914,0.6037432575157783,3,197.39420318603516
dpm,random,0.2,constructed,random-mem_0-nu_02--eval_0,254,0.006437822098869695,0.6075345791934719,44.45544838963356,7.081334574880261,8,572.4150590896606
drone,random,0.2,constructed,random-mem_0-nu_02--eval_0,247,0.0003763973266282394,-49.5443023365018,49.99978764325604,13.89322901593375,6,755.4739301204681
drone-b,safe,0.2,constructed,safe-mem_0-nu_02--eval_0,9,0.0010741919913327745,-50.001068129665846,49.99999876051125,0.6018714448909772,3,194.56604146957397
dpm,random,0.2,constructed,random-mem_0-nu_02--eval_0,255,0.006442270739468648,0.6079661831275752,44.455459398791184,7.0800150688834975,8,582.4612574577332
drone-b,safe,0.2,constructed,safe-mem_0-nu_02--eval_0,10,0.001106127690818335,-50.00110001685313,49.999998713182634,0.6004473713594932,3,199.63855910301208
drone-b,safe,0.2,constructed,safe-mem_0-nu_02--eval_0,11,0.0011732937439131812,-50.001167092681996,49.99999862489508,0.5974519931676391,3,199.05377531051636
drone,random,0.2,constructed,random-mem_0-nu_02--eval_0,248,0.0003775327940751227,-49.54430367118042,49.99978714418095,13.89319395471705,6,770.5275313854218
drone-b,safe,0.2,constructed,safe-mem_0-nu_02--eval_0,12,0.0012988264054007834,-50.00129244074114,49.99999844533039,0.5918538043679109,3,200.97440838813782
drone-b,safe,0.2,constructed,safe-mem_0-nu_02--eval_0,13,0.0013067536526380455,-50.001300364197846,49.99999844161098,0.5915002969455242,3,205.1300971508026
drone,random,0.2,constructed,random-mem_0-nu_02--eval_0,249,0.00038392869018335666,-49.544298183750755,49.999786749684105,13.893018515046322,6,770.5463950634003
drone-b,safe,0.2,constructed,safe-mem_0-nu_02--eval_0,14,0.0013340928020287059,-50.00132766819562,49.99999840730595,0.5902811665470165,3,204.6487798690796
drone-b,safe,0.2,constructed,safe-mem_0-nu_02--eval_0,15,0.0013539731163261291,-50.00134752891322,49.99999838817193,0.5893946447842606,3,208.8110601902008
drone,random,0.2,constructed,random-mem_0-nu_02--eval_0,250,0.0003993347903861118,-49.54432306093926,49.99978487332499,13.89283925745915,6,780.7297089099884
drone-b,safe,0.2,constructed,safe-mem_0-nu_02--eval_0,16,0.0015286509370938386,-50.00152202873417,49.99999821462644,0.5816050761989813,3,210.45828199386597
drone-b,safe,0.2,constructed,safe-mem_0-nu_02--eval_0,17,0.0015610001087079863,-50.00155434857417,49.99999818593924,0.5801624540783111,3,212.7553675174713
drone-b,safe,0.2,constructed,safe-mem_0-nu_02--eval_0,18,0.0015899270279821683,-50.00158324893617,49.999998160000416,0.5788725008799259,3,222.1741907596588
drone,random,0.2,constructed,random-mem_0-nu_02--eval_0,251,0.0003999199564792687,-49.54432463954938,49.999784544018944,13.892828476887152,6,783.8049802780151
drone-b,safe,0.2,constructed,safe-mem_0-nu_02--eval_0,19,0.001654845504312895,-50.0016480349561,49.999998030474785,0.5759773993601582,3,218.02961206436157
drone-b,safe,0.2,constructed,safe-mem_0-nu_02--eval_0,20,0.0017701154488752428,-50.001763106304125,49.99999783638684,0.5708317701805234,3,215.89989399909973
drone,random,0.2,constructed,random-mem_0-nu_02--eval_0,252,0.0004004614303750996,-49.544324130236745,49.999784422248,13.892811613068476,6,786.3052697181702
drone-b,safe,0.2,constructed,safe-mem_0-nu_02--eval_0,21,0.0017978753649937598,-50.001790818072514,49.999997789400155,0.5695939020387384,3,219.85904002189636
drone-b,safe,0.2,constructed,safe-mem_0-nu_02--eval_0,22,0.0018059619544285705,-50.00179889080087,49.999997775856976,0.5692332836831998,3,220.89843082427979
drone,random,0.2,constructed,random-mem_0-nu_02--eval_0,253,0.00040173266143927463,-49.544326794074806,49.99978380748786,13.892789703867637,6,804.3640410900116
drone-b,safe,0.2,constructed,safe-mem_0-nu_02--eval_0,23,0.0018367546608429812,-50.00182966348694,49.99999775638306,0.567860176407591,3,225.1624584197998
drone-b,safe,0.2,constructed,safe-mem_0-nu_02--eval_0,24,0.0018482426375939947,-50.00184114942223,49.99999775441828,0.567347914626178,3,227.00102353096008
drone,random,0.2,constructed,random-mem_0-nu_02--eval_0,254,0.0004023599969334889,-49.54432770634624,49.999783797302996,13.892781885990695,6,804.6003625392914
drone-b,safe,0.2,constructed,safe-mem_0-nu_02--eval_0,25,0.0018714129052653692,-50.00186429547307,49.9999977307857,0.5663146803664005,3,228.3937361240387
drone-b,safe,0.2,constructed,safe-mem_0-nu_02--eval_0,26,0.0018853328086824224,-50.00187825121439,49.99999776588147,0.565693969817688,3,229.85654592514038
drone-b,safe,0.2,constructed,safe-mem_0-nu_02--eval_0,27,0.001924660875191799,-50.0019175664463,49.99999781774419,0.5639402776799897,3,231.14496421813965
drone,random,0.2,constructed,random-mem_0-nu_02--eval_0,255,0.00040898547445232416,-49.54431964244087,49.99978294729396,13.892586144079573,6,814.5117878913879
drone-b,safe,0.2,constructed,safe-mem_0-nu_02--eval_0,28,0.0019614461688512875,-50.00195430941843,49.999997776413956,0.5622998923438678,3,236.3774905204773
drone-b,safe,0.2,constructed,safe-mem_0-nu_02--eval_0,29,0.0019856729464134823,-50.001978538049855,49.9999977782622,0.5612195806805825,3,238.10864210128784
drone-b,safe,0.2,constructed,safe-mem_0-nu_02--eval_0,30,0.002029458300868205,-50.002022300723795,49.99999775610107,0.5592670495892409,3,238.69567775726318
drone-b,safe,0.2,constructed,safe-mem_0-nu_02--eval_0,31,0.0020516758202592756,-50.00204447790504,49.999997719822275,0.5582763184900913,3,240.2079005241394
drone-b,safe,0.2,constructed,safe-mem_0-nu_02--eval_0,32,0.0021013071855503604,-50.002094018334766,49.9999976315413,0.5560630775224863,3,243.34906482696533
drone-b,safe,0.2,constructed,safe-mem_0-nu_02--eval_0,33,0.002120486109959223,-50.00211320510604,49.999997639242814,0.5552078442241443,3,245.1033215522766
drone-b,safe,0.2,constructed,safe-mem_0-nu_02--eval_0,34,0.0021704957094986297,-50.00216313467354,49.999997561132915,0.5529777918485012,3,247.1375527381897
drone-b,safe,0.2,constructed,safe-mem_0-nu_02--eval_0,35,0.002187136652855641,-50.0021798519591,49.99999763579654,0.5522357093603462,3,250.7774965763092
drone-b,safe,0.2,constructed,safe-mem_0-nu_02--eval_0,36,0.0022254364717008944,-50.002218085450025,49.99999757103922,0.550527812760682,3,254.4661455154419
drone-b,safe,0.2,constructed,safe-mem_0-nu_02--eval_0,37,0.002231505505169899,-50.00222413831152,49.999997555217995,0.5502571774874275,3,256.0892217159271
drone-b,safe,0.2,constructed,safe-mem_0-nu_02--eval_0,38,0.0022329585306982698,-50.00222562895621,49.99999759198076,0.5501923905753344,3,256.0489432811737
drone-b,safe,0.2,constructed,safe-mem_0-nu_02--eval_0,39,0.002248084542328486,-50.00224072748689,49.99999756515589,0.5495178793513402,3,260.1216857433319
drone-b,safe,0.2,constructed,safe-mem_0-nu_02--eval_0,40,0.002252508065325268,-50.00224514449472,49.99999755880177,0.5493206295389282,3,260.17217659950256
drone-b,safe,0.2,constructed,safe-mem_0-nu_02--eval_0,41,0.002272477388277698,-50.00226510744067,49.9999975526384,0.5484301164919162,3,261.03059816360474
drone-b,safe,0.2,constructed,safe-mem_0-nu_02--eval_0,42,0.0022838054993330275,-50.0022764370998,49.99999755419232,0.5479250093184976,3,265.1681523323059
drone-b,safe,0.2,constructed,safe-mem_0-nu_02--eval_0,43,0.002290573771747094,-50.00228318068412,49.99999753043,0.547623195149783,3,268.7072341442108
drone-b,safe,0.2,constructed,safe-mem_0-nu_02--eval_0,44,0.0023255224016096644,-50.00231806474413,49.99999746734918,0.5460646927471078,3,268.301167011261
drone-b,safe,0.2,constructed,safe-mem_0-nu_02--eval_0,45,0.0023303711758516843,-50.00232292265283,49.99999747628739,0.5458484825000178,3,270.4530997276306
drone-b,safe,0.2,constructed,safe-mem_0-nu_02--eval_0,46,0.002335499627373538,-50.00232805295228,49.999997478114466,0.5456168916049525,3,274.14629316329956
drone-b,safe,0.2,constructed,safe-mem_0-nu_02--eval_0,47,0.002344907640734529,-50.002337459563066,49.99999747677209,0.5451973880457406,3,278.6813931465149
drone-b,safe,0.2,constructed,safe-mem_0-nu_02--eval_0,48,0.00238457279852145,-50.00237708959388,49.99999744241609,0.5434285237732916,3,277.09560203552246
drone-b,safe,0.2,constructed,safe-mem_0-nu_02--eval_0,49,0.0023902273172145597,-50.002382760354365,49.999997458334924,0.5431763897885521,3,278.879203081131
drone-b,safe,0.2,constructed,safe-mem_0-nu_02--eval_0,50,0.002421028503704255,-50.00241350975184,49.999997407655215,0.5418027584526205,3,281.5138816833496
drone-b,safe,0.2,constructed,safe-mem_0-nu_02--eval_0,51,0.002432453270203991,-50.002424896031485,49.999997392122,0.5412933609089837,3,282.8122625350952
drone-b,safe,0.2,constructed,safe-mem_0-nu_02--eval_0,52,0.002442288701113732,-50.00243472906785,49.99999738977922,0.5408547639431145,3,286.2622585296631
drone-b,safe,0.2,constructed,safe-mem_0-nu_02--eval_0,53,0.0024708266243810366,-50.002463214234176,49.99999733824663,0.5395821502375558,3,287.9454388618469
drone-b,safe,0.2,constructed,safe-mem_0-nu_02--eval_0,54,0.0024800774201453202,-50.00247248360898,49.9999973564427,0.5391696371890566,3,291.51448369026184
drone-b,safe,0.2,constructed,safe-mem_0-nu_02--eval_0,55,0.002492751041540584,-50.00248514303613,49.99999734294645,0.5386045016250042,3,292.2218632698059
drone-b,safe,0.2,constructed,safe-mem_0-nu_02--eval_0,56,0.002497270246628501,-50.002489697137186,49.999997377064616,0.5384029942911993,3,296.0939016342163
drone-b,safe,0.2,constructed,safe-mem_0-nu_02--eval_0,57,0.00252479797388126,-50.00251717531763,49.9999973287035,0.5371754683024133,3,300.8254222869873
drone-b,safe,0.2,constructed,safe-mem_0-nu_02--eval_0,58,0.0025328683471212464,-50.00252523217337,49.999997315522776,0.5368156063797747,3,298.79382491111755
drone-b,safe,0.2,constructed,safe-mem_0-nu_02--eval_0,59,0.0025684633068392224,-50.002560789772325,49.9999972790311,0.5352282948943744,3,300.3555853366852
drone-b,safe,0.2,constructed,safe-mem_0-nu_02--eval_0,60,0.002574003847547272,-50.002566351644646,49.999997299944575,0.5349812294374966,3,302.1618142127991
drone-b,safe,0.2,constructed,safe-mem_0-nu_02--eval_0,61,0.0025803237697922168,-50.00257266929073,49.99999729776919,0.5346994355379485,3,304.55863404273987
drone-b,safe,0.2,constructed,safe-mem_0-nu_02--eval_0,62,0.0025890482218741714,-50.002581375687,49.9999972813673,0.5343104584120197,3,312.01683616638184
drone-b,safe,0.2,constructed,safe-mem_0-nu_02--eval_0,63,0.0026006601848464483,-50.0025929812644,49.999997275136,0.5337926481227618,3,307.3216018676758
drone-b,safe,0.2,constructed,safe-mem_0-nu_02--eval_0,64,0.0026060433598090686,-50.00259835591177,49.999997266822575,0.5335526113259002,3,309.319349527359
drone-b,safe,0.2,constructed,safe-mem_0-nu_02--eval_0,65,0.002624992873649712,-50.00261727213859,49.999997234393994,0.5327076406174777,3,312.17789793014526
drone-b,safe,0.2,constructed,safe-mem_0-nu_02--eval_0,66,0.00263838183489227,-50.00263063250293,49.999997206469814,0.5321105933235737,3,318.556649684906
drone-b,safe,0.2,constructed,safe-mem_0-nu_02--eval_0,67,0.00265677838621692,-50.00264899761939,49.99999717574826,0.5312901979620783,3,320.2470316886902
drone-b,safe,0.2,constructed,safe-mem_0-nu_02--eval_0,68,0.002669108692950628,-50.00266130178237,49.99999715032205,0.5307403661083583,3,321.5232801437378
drone-b,safe,0.2,constructed,safe-mem_0-nu_02--eval_0,69,0.002671573089580817,-50.002663766482755,49.99999715062189,0.5306305637735972,3,322.35999059677124
drone-b,safe,0.2,constructed,safe-mem_0-nu_02--eval_0,70,0.002675395538069924,-50.0026675901163,49.99999715178383,0.5304601089761458,3,331.37543296813965
drone-b,safe,0.2,constructed,safe-mem_0-nu_02--eval_0,71,0.0026796161557968894,-50.00267183272185,49.99999717326191,0.5302722000929552,3,327.1405704021454
drone-b,safe,0.2,constructed,safe-mem_0-nu_02--eval_0,72,0.002682682853571073,-50.00267488498622,49.999997159159285,0.530135451753821,3,329.3859920501709
drone-b,safe,0.2,constructed,safe-mem_0-nu_02--eval_0,73,0.0026910508237771706,-50.00268327132669,49.99999717720301,0.5297623330682731,3,334.2544496059418
drone-b,safe,0.2,constructed,safe-mem_0-nu_02--eval_0,74,0.0027145503709911623,-50.00270673002009,49.9999971373321,0.5287144379677425,3,339.21505999565125
drone-b,safe,0.2,constructed,safe-mem_0-nu_02--eval_0,75,0.0027187513182797087,-50.00271094154174,49.99999714767499,0.5285271129755953,3,337.7182664871216
drone-b,safe,0.2,constructed,safe-mem_0-nu_02--eval_0,76,0.0027193105566117345,-50.002711506175636,49.999997152963374,0.5285021769249812,3,341.1340477466583
drone-b,safe,0.2,constructed,safe-mem_0-nu_02--eval_0,77,0.002722367527469795,-50.002714606735026,49.999997195609474,0.5283658693610099,3,342.22151827812195
drone-b,safe,0.2,constructed,safe-mem_0-nu_02--eval_0,78,0.002730267840478214,-50.002722484698324,49.99999717376934,0.5280135644183555,3,343.0394034385681
drone-b,safe,0.2,constructed,safe-mem_0-nu_02--eval_0,79,0.002731685540074939,-50.00272392604226,49.99999719688228,0.5279503591793294,3,345.7716634273529
drone-b,safe,0.2,constructed,safe-mem_0-nu_02--eval_0,80,0.002742654731712825,-50.002734877156676,49.99999717925289,0.5274612167393107,3,350.29480600357056
drone-b,safe,0.2,constructed,safe-mem_0-nu_02--eval_0,81,0.0027521946278926237,-50.002744407267016,49.999997169712415,0.5270358194262081,3,354.56871914863586
drone-b,safe,0.2,constructed,safe-mem_0-nu_02--eval_0,82,0.0027568370688073347,-50.00274905010446,49.999997170125425,0.5268288299229613,3,352.9907343387604
drone-b,safe,0.2,constructed,safe-mem_0-nu_02--eval_0,83,0.002771189462944614,-50.00276339158962,49.999997159664105,0.5261888293614694,3,360.0699350833893
drone-b,safe,0.2,constructed,safe-mem_0-nu_02--eval_0,84,0.002790568891937055,-50.00278275117866,49.999997140284535,0.525324623124124,3,359.6291882991791
drone-b,safe,0.2,constructed,safe-mem_0-nu_02--eval_0,85,0.0027906593404596605,-50.00278283962975,49.999997138485064,0.5253205907740182,3,361.250360250473
drone-b,safe,0.2,constructed,safe-mem_0-nu_02--eval_0,86,0.0028060861921154227,-50.00279823913104,49.99999711180264,0.5246326779545696,3,366.0694787502289
drone-b,safe,0.2,constructed,safe-mem_0-nu_02--eval_0,87,0.0028128893449795344,-50.00280503147241,49.99999710125842,0.5243293194598776,3,366.31019139289856
drone-b,safe,0.2,constructed,safe-mem_0-nu_02--eval_0,88,0.0028155050770122974,-50.00280764640629,49.99999710047775,0.524212678092427,3,367.24400210380554
drone-b,safe,0.2,constructed,safe-mem_0-nu_02--eval_0,89,0.0028245609227724243,-50.00281669008287,49.99999708861286,0.5238088653350997,3,373.8854250907898
drone-b,safe,0.2,constructed,safe-mem_0-nu_02--eval_0,90,0.0028374652546608353,-50.00282958718289,49.999997081572225,0.5232334306452417,3,379.4611015319824
drone-b,safe,0.2,constructed,safe-mem_0-nu_02--eval_0,91,0.0028577657948999453,-50.00284985012071,49.999997044897235,0.52232816745214,3,379.6129412651062
drone-b,safe,0.2,constructed,safe-mem_0-nu_02--eval_0,92,0.0028646851233411885,-50.002856764975824,49.999997040527184,0.5220196205547473,3,380.6654722690582
drone-b,safe,0.2,constructed,safe-mem_0-nu_02--eval_0,93,0.002872668436509901,-50.00286473584954,49.99999702850503,0.5216636516267832,3,379.7983982563019
drone-b,safe,0.2,constructed,safe-mem_0-nu_02--eval_0,94,0.002881892753586381,-50.00287397605851,49.999997044034984,0.5212523185098284,3,388.3205552101135
drone-b,safe,0.2,constructed,safe-mem_0-nu_02--eval_0,95,0.0028874848730620836,-50.00287957724623,49.999997052918225,0.5210029656906559,3,384.1567723751068
drone-b,safe,0.2,constructed,safe-mem_0-nu_02--eval_0,96,0.002896859866279394,-50.00288893023446,49.99999703148797,0.5205849346060923,3,390.90231800079346
drone-b,safe,0.2,constructed,safe-mem_0-nu_02--eval_0,97,0.0028993759906664656,-50.00289144831049,49.999997033400994,0.520472736847757,3,399.9490740299225
drone-b,safe,0.2,constructed,safe-mem_0-nu_02--eval_0,98,0.002911665942597047,-50.00290372693299,49.999997022361974,0.5199247277421698,3,399.13830304145813
drone-b,safe,0.2,constructed,safe-mem_0-nu_02--eval_0,99,0.002916023774469962,-50.00290809213212,49.99999702955712,0.519730405466199,3,397.90257954597473
drone-b,safe,0.2,constructed,safe-mem_0-nu_02--eval_0,100,0.002932370568432629,-50.00292441403266,49.99999700533323,0.519001468838122,3,408.43183851242065
drone-b,safe,0.2,constructed,safe-mem_0-nu_02--eval_0,101,0.0029344593806990343,-50.00292651358773,49.99999701584318,0.5189083232446948,3,401.2484302520752
drone-b,safe,0.2,constructed,safe-mem_0-nu_02--eval_0,102,0.0029407218586794594,-50.002932774578895,49.999997014413466,0.5186290904536678,3,410.48265194892883
drone-b,safe,0.2,constructed,safe-mem_0-nu_02--eval_0,103,0.0029547392601553604,-50.00294677740044,49.99999700017838,0.5180040905262031,3,416.25851678848267
drone-b,safe,0.2,constructed,safe-mem_0-nu_02--eval_0,104,0.00296330732334985,-50.00295533824889,49.99999699311949,0.5176220147463336,3,411.17840051651
drone-b,safe,0.2,constructed,safe-mem_0-nu_02--eval_0,105,0.00296506763667731,-50.002957094645026,49.99999698929909,0.5175435222089949,3,416.4336988925934
drone-b,safe,0.2,constructed,safe-mem_0-nu_02--eval_0,106,0.0029738341427095463,-50.00296585732889,49.9999969855873,0.5171526192732133,3,420.30381083488464
drone-b,safe,0.2,constructed,safe-mem_0-nu_02--eval_0,107,0.002975632555954844,-50.002967656719754,49.9999969865513,0.5170724314701527,3,424.915650844574
drone-b,safe,0.2,constructed,safe-mem_0-nu_02--eval_0,108,0.002984071087585043,-50.00297608004134,49.999996974084205,0.5166961564044253,3,419.0219507217407
drone-b,safe,0.2,constructed,safe-mem_0-nu_02--eval_0,109,0.002988068558534161,-50.00298008083788,49.999996977382516,0.5165179118620502,3,421.4311246871948
drone-b,safe,0.2,constructed,safe-mem_0-nu_02--eval_0,110,0.003020988786395059,-50.0030129420081,49.99999691968876,0.5150498671496616,3,428.22426891326904
drone-b,safe,0.2,constructed,safe-mem_0-nu_02--eval_0,111,0.003032906919120862,-50.00302484957842,49.999996909377444,0.5145184022713671,3,438.2708637714386
drone-b,safe,0.2,constructed,safe-mem_0-nu_02--eval_0,112,0.0030372052555677374,-50.00302914626153,49.9999969077845,0.514326736525724,3,433.9843044281006
drone-b,safe,0.2,constructed,safe-mem_0-nu_02--eval_0,113,0.0030413435801007888,-50.00303327767374,49.99999690105055,0.5141422136945727,3,436.18293285369873
drone-b,safe,0.2,constructed,safe-mem_0-nu_02--eval_0,114,0.003047942671484529,-50.00303986966383,49.999996894136736,0.5138479617702828,3,438.2976722717285
drone-b,safe,0.2,constructed,safe-mem_0-nu_02--eval_0,115,0.003050412015544058,-50.00304233734012,49.9999968925141,0.5137378587834601,3,444.01624584198
drone-b,safe,0.2,constructed,safe-mem_0-nu_02--eval_0,116,0.003055817688745295,-50.003047739334626,49.999996888935456,0.5134968178112619,3,441.0385205745697
drone-b,safe,0.2,constructed,safe-mem_0-nu_02--eval_0,117,0.0030602918255930663,-50.00305220752828,49.999996883135815,0.5132973008954805,3,448.5133717060089
drone-b,safe,0.2,constructed,safe-mem_0-nu_02--eval_0,118,0.0030696450310894463,-50.003061550707216,49.99999687334232,0.5128802120840604,3,446.7990789413452
drone-b,safe,0.2,constructed,safe-mem_0-nu_02--eval_0,119,0.003073509490628769,-50.00306541304874,49.99999687128265,0.5127078989806922,3,457.2041664123535
drone-b,safe,0.2,constructed,safe-mem_0-nu_02--eval_0,120,0.0030810680106995204,-50.00307296985236,49.99999686961063,0.5123708549051278,3,456.2581834793091
drone-b,safe,0.2,constructed,safe-mem_0-nu_02--eval_0,121,0.00308113650012811,-50.00307303884121,49.9999968700953,0.5123678017530928,3,459.87275862693787
drone-b,safe,0.2,constructed,safe-mem_0-nu_02--eval_0,122,0.0030866512878770834,-50.00307854818286,49.99999686476935,0.5121218755599989,3,459.8088436126709
drone-b,safe,0.2,constructed,safe-mem_0-nu_02--eval_0,123,0.0030895865357339902,-50.00308148458963,49.99999686589585,0.5119909882693024,3,467.9110095500946
drone-b,safe,0.2,constructed,safe-mem_0-nu_02--eval_0,124,0.0030982666013482218,-50.003090162059294,49.9999968633636,0.511603921380544,3,470.4964394569397
drone-b,safe,0.2,constructed,safe-mem_0-nu_02--eval_0,125,0.003122022783601765,-50.00311388352668,49.99999682947324,0.5105445865162781,3,465.1426899433136
drone-b,safe,0.2,constructed,safe-mem_0-nu_02--eval_0,126,0.003126690317298651,-50.003118544456186,49.99999682303031,0.5103364562860653,3,473.16675448417664
drone-b,safe,0.2,constructed,safe-mem_0-nu_02--eval_0,127,0.0031313166054041026,-50.003123185011916,49.99999683701418,0.5101301534676204,3,475.5509407520294
drone-b,safe,0.2,constructed,safe-mem_0-nu_02--eval_0,128,0.00313335548674376,-50.003125226699964,49.999996839759746,0.510039239745445,3,479.7962644100189
drone-b,safe,0.2,constructed,safe-mem_0-nu_02--eval_0,129,0.0031380728742758856,-50.00312993517655,49.99999683107225,0.5098288768453804,3,477.2826747894287
drone-b,safe,0.2,constructed,safe-mem_0-nu_02--eval_0,130,0.003144834327601969,-50.003136685948995,49.99999682065357,0.5095273757271711,3,482.63735151290894
drone-b,safe,0.2,constructed,safe-mem_0-nu_02--eval_0,131,0.003146532505652262,-50.003138380744126,49.99999681786493,0.5094516559986974,3,483.8521010875702
drone-b,safe,0.2,constructed,safe-mem_0-nu_02--eval_0,132,0.0031514331470253697,-50.00314327298216,49.9999968097989,0.5092331425413955,3,495.43206763267517
drone-b,safe,0.2,constructed,safe-mem_0-nu_02--eval_0,133,0.0031598175675056042,-50.003151645684255,49.99999679835845,0.5088592642116483,3,493.45417165756226
drone-b,safe,0.2,constructed,safe-mem_0-nu_02--eval_0,134,0.003160590999878823,-50.003152423635775,49.99999680277605,0.5088247761390395,3,495.4515595436096
drone-b,safe,0.2,constructed,safe-mem_0-nu_02--eval_0,135,0.003165280273183588,-50.003157104737284,49.99999679480674,0.5086156789162168,3,496.1981644630432
drone-b,safe,0.2,constructed,safe-mem_0-nu_02--eval_0,136,0.0031742172997603862,-50.00316603020208,49.99999678354506,0.5082171823672208,3,503.79325222969055
drone-b,safe,0.2,constructed,safe-mem_0-nu_02--eval_0,137,0.0031832516770436874,-50.003175050946375,49.99999677025938,0.5078143253084745,3,504.2863025665283
drone-b,safe,0.2,constructed,safe-mem_0-nu_02--eval_0,138,0.0031845066094495196,-50.00317630409822,49.99999676852664,0.5077583649498196,3,502.13921332359314
drone-b,safe,0.2,constructed,safe-mem_0-nu_02--eval_0,139,0.0031867224892523642,-50.00317851090831,49.99999676587445,0.5076595640924686,3,506.94295167922974
drone-b,safe,0.2,constructed,safe-mem_0-nu_02--eval_0,140,0.0031982505895017227,-50.003190016626895,49.999996744094425,0.5071455211354239,3,511.2888460159302
drone-b,safe,0.2,constructed,safe-mem_0-nu_02--eval_0,141,0.003210140412671156,-50.003201899607504,49.99999673744817,0.5066153531082135,3,511.571661233902
drone-b,safe,0.2,constructed,safe-mem_0-nu_02--eval_0,142,0.0032136039162433652,-50.00320538508616,49.99999675890078,0.5064609184993528,3,509.4631757736206
drone-b,safe,0.2,constructed,safe-mem_0-nu_02--eval_0,143,0.003216880376140911,-50.003208668087,49.99999676528582,0.5063148180393754,3,511.7545018196106
drone-b,safe,0.2,constructed,safe-mem_0-nu_02--eval_0,144,0.003219587177312667,-50.00321137141341,49.999996761908136,0.5061941320090413,3,518.5617439746857
drone-b,safe,0.2,constructed,safe-mem_0-nu_02--eval_0,145,0.0032214693570248062,-50.003213277270966,49.99999678506097,0.506110208416579,3,521.8177523612976
drone-b,safe,0.2,constructed,safe-mem_0-nu_02--eval_0,146,0.0032300098543371347,-50.00322180354286,49.999996771178814,0.505729372259493,3,531.0982284545898
drone-b,safe,0.2,constructed,safe-mem_0-nu_02--eval_0,147,0.003233606142628486,-50.00322540776691,49.99999677894187,0.5055690061485364,3,530.8527600765228
drone-b,safe,0.2,constructed,safe-mem_0-nu_02--eval_0,148,0.0032363945534025895,-50.00322819042989,49.99999677332587,0.5054446618465362,3,540.5117018222809
drone-b,safe,0.2,constructed,safe-mem_0-nu_02--eval_0,149,0.0032370467412815925,-50.003228842556574,49.99999677327439,0.5054155906524516,3,528.8798139095306
drone-b,safe,0.2,constructed,safe-mem_0-nu_02--eval_0,150,0.0032392136571121454,-50.003231007226034,49.999996771084824,0.505318964225137,3,535.9004261493683
drone-b,safe,0.2,constructed,safe-mem_0-nu_02--eval_0,151,0.003243044262846493,-50.003234834777984,49.999996768102456,0.5051481715312253,3,546.1693680286407
drone-b,safe,0.2,constructed,safe-mem_0-nu_02--eval_0,152,0.003244332870325392,-50.00323612157712,49.99999676634289,0.5050907163815892,3,545.5047571659088
drone-b,safe,0.2,constructed,safe-mem_0-nu_02--eval_0,153,0.0032499213442860183,-50.00324169945366,49.99999675602732,0.5048415140468072,3,549.3864285945892
drone-b,safe,0.2,constructed,safe-mem_0-nu_02--eval_0,154,0.003256949666662691,-50.00324871323583,49.99999674280826,0.5045281222959704,3,546.288382768631
drone-b,safe,0.2,constructed,safe-mem_0-nu_02--eval_0,155,0.0032570668858698543,-50.00324883110517,49.99999674348681,0.5045228954945215,3,553.5973176956177
drone-b,safe,0.2,constructed,safe-mem_0-nu_02--eval_0,156,0.003257184740676514,-50.00324895320262,49.999996747691235,0.5045176449462927,3,550.2475576400757
drone-b,safe,0.2,constructed,safe-mem_0-nu_02--eval_0,157,0.003261526555269979,-50.003253295237485,49.999996747919404,0.5043240390873504,3,566.70237159729
drone-b,safe,0.2,constructed,safe-mem_0-nu_02--eval_0,158,0.003263286339810684,-50.0032550538492,49.99999674677564,0.5042455614817776,4,560.5253677368164
drone-b,safe,0.2,constructed,safe-mem_0-nu_02--eval_0,159,0.0032668687657081024,-50.00325863955287,49.99999674997564,0.504085823441461,4,563.286388874054
drone-b,safe,0.2,constructed,safe-mem_0-nu_02--eval_0,160,0.0032691488656000816,-50.00326091715332,49.999996747538304,0.503984150335476,4,558.3104863166809
drone-b,safe,0.2,constructed,safe-mem_0-nu_02--eval_0,161,0.0032704546393192155,-50.003262221846185,49.999996746490154,0.5039259303553126,4,565.3324782848358
drone-b,safe,0.2,constructed,safe-mem_0-nu_02--eval_0,162,0.0032719909018289082,-50.00326375765,49.99999674605342,0.5038574374334519,4,571.8313426971436
drone-b,safe,0.2,constructed,safe-mem_0-nu_02--eval_0,163,0.003281347098759369,-50.00327309856754,49.99999673115943,0.5034402456664795,4,572.3573532104492
drone-b,safe,0.2,constructed,safe-mem_0-nu_02--eval_0,164,0.003293489544080378,-50.00328522309315,49.9999967139185,0.5028988019855323,4,574.6558139324188
drone-b,safe,0.2,constructed,safe-mem_0-nu_02--eval_0,165,0.003296138900294949,-50.003287871483074,49.99999671298065,0.5027806742562839,4,576.5019636154175
drone-b,safe,0.2,constructed,safe-mem_0-nu_02--eval_0,166,0.003299895314265934,-50.003291621187486,49.99999670645624,0.5026131734261817,4,578.9122500419617
drone-b,safe,0.2,constructed,safe-mem_0-nu_02--eval_0,167,0.0033017367223464322,-50.00329346177102,49.99999670565584,0.5025295863974106,4,582.6092441082001
drone-b,safe,0.2,constructed,safe-mem_0-nu_02--eval_0,168,0.003304443480615612,-50.003296175806156,49.999996712998325,0.502408887362717,4,583.1568078994751
drone-b,safe,0.2,constructed,safe-mem_0-nu_02--eval_0,169,0.0033106912443835565,-50.00330241309642,49.99999670280261,0.5021303128266547,4,590.0364460945129
drone-b,safe,0.2,constructed,safe-mem_0-nu_02--eval_0,170,0.003314173792333206,-50.00330588923424,49.99999669656817,0.5019750262169427,4,594.6468703746796
drone-b,safe,0.2,constructed,safe-mem_0-nu_02--eval_0,171,0.003318078662783718,-50.003309789197885,49.99999669182878,0.5018008998987389,4,588.8558168411255
drone-b,safe,0.2,constructed,safe-mem_0-nu_02--eval_0,172,0.0033269125597406714,-50.00331861175745,49.99999668078372,0.5014069909668548,4,591.5228419303894
drone-b,safe,0.2,constructed,safe-mem_0-nu_02--eval_0,173,0.003327672854464682,-50.003319379568794,49.999996688118195,0.501373089452285,4,600.5206000804901
drone-b,safe,0.2,constructed,safe-mem_0-nu_02--eval_0,174,0.0033300012721883916,-50.00332170466099,49.99999668489851,0.5012692810786211,4,595.7283277511597
drone-b,safe,0.2,constructed,safe-mem_0-nu_02--eval_0,175,0.0033334566894073223,-50.00332516082125,49.99999668563231,0.501115197896611,4,605.2544229030609
drone-b,safe,0.2,constructed,safe-mem_0-nu_02--eval_0,176,0.0033338524206451116,-50.003325557328026,49.999996686387725,0.5010975521888282,4,616.274197101593
drone-b,safe,0.2,constructed,safe-mem_0-nu_02--eval_0,177,0.0033361493154055186,-50.00332785202396,49.99999668426955,0.5009951467186364,4,611.0752491950989
drone-b,safe,0.2,constructed,safe-mem_0-nu_02--eval_0,178,0.0033422173448314487,-50.003333913341244,49.99999667773845,0.500724580506701,4,609.8880319595337
drone-b,safe,0.2,constructed,safe-mem_0-nu_02--eval_0,179,0.003342310423840463,-50.00333400676053,49.999996678071895,0.5007204307709956,4,622.7757303714752
drone-b,safe,0.2,constructed,safe-mem_0-nu_02--eval_0,180,0.0033445151697800777,-50.00333620426673,49.999996670997106,0.5006221174382166,4,631.6767473220825
drone-b,safe,0.2,constructed,safe-mem_0-nu_02--eval_0,181,0.003345504407976307,-50.00333719901634,49.999996676384285,0.5005780108721927,4,622.9203059673309
drone-b,safe,0.2,constructed,safe-mem_0-nu_02--eval_0,182,0.003345896142430716,-50.0033375877279,49.99999667343313,0.5005605439454193,4,626.4413626194
drone-b,safe,0.2,constructed,safe-mem_0-nu_02--eval_0,183,0.0033477165982178673,-50.003339410080045,49.99999667529012,0.5004793024154366,4,631.0841629505157
drone-b,safe,0.2,constructed,safe-mem_0-nu_02--eval_0,184,0.003348505523037778,-50.0033402017079,49.99999667793271,0.5004441236750732,4,631.2910225391388
drone-b,safe,0.2,constructed,safe-mem_0-nu_02--eval_0,185,0.0033528847118884783,-50.00334456378408,49.99999666812946,0.5002488802882655,4,628.9954690933228
drone-b,safe,0.2,constructed,safe-mem_0-nu_02--eval_0,186,0.003358761226505594,-50.00335043804188,49.99999666594802,0.4999861891020798,4,642.9109859466553
drone-b,safe,0.2,constructed,safe-mem_0-nu_02--eval_0,187,0.003361990521112388,-50.003353665268286,49.99999666393516,0.499842194668471,4,642.4220054149628
drone-b,safe,0.2,constructed,safe-mem_0-nu_02--eval_0,188,0.003362671788528265,-50.00335436158655,49.99999667861198,0.4998118175137464,4,643.2069149017334
drone-b,safe,0.2,constructed,safe-mem_0-nu_02--eval_0,189,0.0033710915440135236,-50.003362767558926,49.999996665172354,0.4994363761705972,4,646.8541359901428
drone-b,safe,0.2,constructed,safe-mem_0-nu_02--eval_0,190,0.00337970703255614,-50.00337138087985,49.99999666308499,0.49905220923038457,4,648.1506872177124
drone-b,safe,0.2,constructed,safe-mem_0-nu_02--eval_0,191,0.003385553928790233,-50.00337721837279,49.99999665391037,0.4987913626442206,4,661.7833003997803
drone-b,safe,0.2,constructed,safe-mem_0-nu_02--eval_0,192,0.0033894266713334086,-50.003381089937946,49.999996652861725,0.49861868060583686,4,662.4477362632751
drone-b,safe,0.2,constructed,safe-mem_0-nu_02--eval_0,193,0.0033907335063189077,-50.00338239467263,49.99999665081288,0.49856040808344626,4,661.6825394630432
drone-b,safe,0.2,constructed,safe-mem_0-nu_02--eval_0,194,0.003392722966689469,-50.003384385714114,49.99999665236545,0.49847170035812943,4,661.1156811714172
drone-b,safe,0.2,constructed,safe-mem_0-nu_02--eval_0,195,0.003395827697932124,-50.003387491653484,49.99999665364064,0.4983332656081552,4,667.9248764514923
drone-b,safe,0.2,constructed,safe-mem_0-nu_02--eval_0,196,0.003399440996080349,-50.00339110090774,49.99999664970358,0.49817214631610346,4,669.147519826889
drone-b,safe,0.2,constructed,safe-mem_0-nu_02--eval_0,197,0.003400133722964,-50.003391792382246,49.999996648485784,0.49814125811857773,4,674.4009845256805
drone-b,safe,0.2,constructed,safe-mem_0-nu_02--eval_0,198,0.0034018983142657952,-50.00339355088769,49.99999664253877,0.49806256878062694,4,674.6890323162079
drone-b,safe,0.2,constructed,safe-mem_0-nu_02--eval_0,199,0.003402391427852941,-50.003394043656215,49.9999966422031,0.4980405816932575,4,684.047910451889
drone-b,safe,0.2,constructed,safe-mem_0-nu_02--eval_0,200,0.003404136538079327,-50.00339578717288,49.99999664065511,0.49796277148966084,4,680.5397047996521
drone-b,safe,0.2,constructed,safe-mem_0-nu_02--eval_0,201,0.0034063636578752173,-50.00339801114471,49.9999966377437,0.4978634764127694,4,685.7294661998749
drone-b,safe,0.2,constructed,safe-mem_0-nu_02--eval_0,202,0.0034136036230922153,-50.00340523899047,49.99999662592207,0.4975406377522937,4,689.2217299938202
drone-b,safe,0.2,constructed,safe-mem_0-nu_02--eval_0,203,0.0034156791074059314,-50.00340731104755,49.99999662257213,0.49744808776780136,4,691.471955537796
drone-b,safe,0.2,constructed,safe-mem_0-nu_02--eval_0,204,0.003420747800557677,-50.003412372023206,49.99999661505483,0.4972220812703736,4,698.3497686386108
drone-b,safe,0.2,constructed,safe-mem_0-nu_02--eval_0,205,0.0034224430929245225,-50.003414061511094,49.9999966093876,0.49714648703305175,4,688.1418688297272
drone-b,safe,0.2,constructed,safe-mem_0-nu_02--eval_0,206,0.0034229394938376846,-50.00341456656754,49.99999661783299,0.4971243527702544,4,698.7505540847778
drone-b,safe,0.2,constructed,safe-mem_0-nu_02--eval_0,207,0.003435254380547145,-50.00342686228886,49.99999659911023,0.4965751870538347,4,705.7420237064362
drone-b,safe,0.2,constructed,safe-mem_0-nu_02--eval_0,208,0.003438574258689257,-50.003430181723445,49.99999659867726,0.49642714695430723,4,715.1580743789673
drone-b,safe,0.2,constructed,safe-mem_0-nu_02--eval_0,209,0.0034391665133517548,-50.003430774919536,49.99999659959742,0.49640073930192075,4,703.9613499641418
drone-b,safe,0.2,constructed,safe-mem_0-nu_02--eval_0,210,0.00344423944237559,-50.00343583977359,49.99999659171212,0.49617452487353336,4,709.474860906601
drone-b,safe,0.2,constructed,safe-mem_0-nu_02--eval_0,211,0.0034448494569945787,-50.003436455020626,49.99999659682131,0.4961473259816972,4,713.7068798542023
drone-b,safe,0.2,constructed,safe-mem_0-nu_02--eval_0,212,0.0034488302488963826,-50.00344042806378,49.999996589309134,0.4959698248685896,4,711.7472517490387
drone-b,safe,0.2,constructed,safe-mem_0-nu_02--eval_0,213,0.0034489696379280464,-50.003440572147426,49.99999659393319,0.4959636105491238,4,714.1383345127106
drone-b,safe,0.2,constructed,safe-mem_0-nu_02--eval_0,214,0.0034510031313818414,-50.00344260215994,49.999996590538366,0.49587293261100857,4,719.9490900039673
drone-b,safe,0.2,constructed,safe-mem_0-nu_02--eval_0,215,0.0034542150292779478,-50.0034458085145,49.99999658512739,0.49572970618436185,4,728.9880447387695
drone-b,safe,0.2,constructed,safe-mem_0-nu_02--eval_0,216,0.0034552509241083406,-50.003446849319815,49.99999658992041,0.495683506551146,4,732.6029233932495
drone-b,safe,0.2,constructed,safe-mem_0-nu_02--eval_0,217,0.0034676558351230827,-50.00345923500515,49.999996571184674,0.4951303751507012,4,735.7518854141235
drone-b,safe,0.2,constructed,safe-mem_0-nu_02--eval_0,218,0.003472151358198646,-50.003463732043926,49.99999657267139,0.49492815943004126,4,733.7230994701385
drone-b,safe,0.2,constructed,safe-mem_0-nu_02--eval_0,219,0.003472173972532131,-50.003463756991785,49.999996574955965,0.49492715124481373,4,735.7339155673981
drone-b,safe,0.2,constructed,safe-mem_0-nu_02--eval_0,220,0.0034741803120244973,-50.0034657596858,49.999996571397276,0.49483768354125135,4,743.5459237098694
drone-b,safe,0.2,constructed,safe-mem_0-nu_02--eval_0,221,0.0034764294305361823,-50.00346802353299,49.9999965857842,0.494737391151555,4,743.0679106712341
drone-b,safe,0.2,constructed,safe-mem_0-nu_02--eval_0,222,0.0034771821552830873,-50.00346877843698,49.99999658791048,0.494703826392332,4,749.3276934623718
drone-b,safe,0.2,constructed,safe-mem_0-nu_02--eval_0,223,0.0034818976797551366,-50.0034734911969,49.99999658521097,0.4944935529275153,4,747.301361322403
drone-b,safe,0.2,constructed,safe-mem_0-nu_02--eval_0,224,0.0034842681440760723,-50.00347585838326,49.99999658201525,0.4943878535185768,4,748.2963752746582
drone-b,safe,0.2,constructed,safe-mem_0-nu_02--eval_0,225,0.0034854696993418632,-50.00347706211011,49.99999658412858,0.4943342735089425,4,760.1562855243683
drone-b,safe,0.2,constructed,safe-mem_0-nu_02--eval_0,226,0.0034917110089437695,-50.0034832958777,49.99999657681852,0.4940559789236924,4,758.6564195156097
drone-b,safe,0.2,constructed,safe-mem_0-nu_02--eval_0,227,0.00349600620683985,-50.00348758539008,49.999996571263274,0.4938644438603713,4,773.481692314148
drone-b,safe,0.2,constructed,safe-mem_0-nu_02--eval_0,228,0.003496796960778615,-50.00348837535085,49.999996570488285,0.4938291824249582,4,762.8382296562195
drone-b,safe,0.2,constructed,safe-mem_0-nu_02--eval_0,229,0.003500194593159408,-50.0034917717087,49.99999656925293,0.4936776757487695,4,768.743376493454
drone-b,safe,0.2,constructed,safe-mem_0-nu_02--eval_0,230,0.0035007903342629976,-50.003492367053475,49.99999656886823,0.49365111345952273,4,772.0029411315918
drone-b,safe,0.2,constructed,safe-mem_0-nu_02--eval_0,231,0.003502007144250997,-50.00349358167052,49.99999656672846,0.4935968575989738,4,772.7682812213898
drone-b,safe,0.2,constructed,safe-mem_0-nu_02--eval_0,232,0.0035022265525231095,-50.00349381583675,49.999996581154996,0.49358707528108153,4,781.3852663040161
drone-b,safe,0.2,constructed,safe-mem_0-nu_02--eval_0,233,0.0035041293736097624,-50.00349571665097,49.99999657921099,0.49350223440960334,4,781.470076084137
drone-b,safe,0.2,constructed,safe-mem_0-nu_02--eval_0,234,0.003504620237259692,-50.00349620668277,49.99999657839982,0.4934803468671534,4,792.5196800231934
drone-b,safe,0.2,constructed,safe-mem_0-nu_02--eval_0,235,0.003505197766724412,-50.00349678293864,49.99999657716281,0.4934545941265853,4,797.8697879314423
drone-b,safe,0.2,constructed,safe-mem_0-nu_02--eval_0,236,0.0035139610026419786,-50.0035055320066,49.999996563355566,0.4930638426981469,4,796.1972074508667
drone-b,safe,0.2,constructed,safe-mem_0-nu_02--eval_0,237,0.003514985233055742,-50.00350655465788,49.99999656181371,0.49301817088698613,4,798.6934037208557
drone-b,safe,0.2,constructed,safe-mem_0-nu_02--eval_0,238,0.003524786845651646,-50.00351635051974,49.999996556222605,0.49258111629480333,4,798.3012981414795
drone-b,safe,0.2,constructed,safe-mem_0-nu_02--eval_0,239,0.003525124652713301,-50.00351668433643,49.99999655242915,0.4925660534104744,4,814.6384346485138
drone-b,safe,0.2,constructed,safe-mem_0-nu_02--eval_0,240,0.003528502367408791,-50.00352006399389,49.9999965544506,0.4924154587037566,4,818.7678346633911
drone-b,safe,0.2,constructed,safe-mem_0-nu_02--eval_0,241,0.003528639730552672,-50.003520209025204,49.99999656193803,0.4924093342386619,4,814.3060681819916
drone-b,safe,0.2,constructed,safe-mem_0-nu_02--eval_0,242,0.0035302654069911824,-50.003521832131916,49.99999655943998,0.4923368449716947,4,814.9949977397919
drone-b,safe,0.2,constructed,safe-mem_0-nu_02--eval_0,243,0.0035330943043255627,-50.00352466551507,49.99999656382014,0.4922107017538268,4,814.3402490615845
drone-b,safe,0.2,constructed,safe-mem_0-nu_02--eval_0,244,0.00353493590689731,-50.003526504016406,49.99999656079708,0.4921285855777077,4,815.955276966095
drone-b,safe,0.2,constructed,safe-mem_0-nu_02--eval_0,245,0.003536983087639355,-50.0035285502881,49.999996559923105,0.4920372965899818,4,837.9689409732819
drone-b,safe,0.2,constructed,safe-mem_0-nu_02--eval_0,246,0.003538806059607267,-50.00353037253291,49.99999655921166,0.491956005944887,4,828.7150177955627
drone-b,safe,0.2,constructed,safe-mem_0-nu_02--eval_0,247,0.0035407916550316814,-50.003532355232764,49.9999965563871,0.4918674667535605,4,825.6448137760162
drone-b,safe,0.2,constructed,safe-mem_0-nu_02--eval_0,248,0.003544513112621341,-50.00353607377935,49.99999655355183,0.49170125810206605,4,836.5943744182587
drone-b,safe,0.2,constructed,safe-mem_0-nu_02--eval_0,249,0.0035461830067984243,-50.003537749639854,49.99999655937924,0.49162679971115214,4,838.2445847988129
drone-b,safe,0.2,constructed,safe-mem_0-nu_02--eval_0,250,0.0035507255647022275,-50.00354228450122,49.9999965518686,0.4914242389184961,4,839.9194147586823
drone-b,safe,0.2,constructed,safe-mem_0-nu_02--eval_0,251,0.0035522670378878456,-50.00354382329904,49.99999654925861,0.4913555020273667,4,854.7347967624664
drone-b,safe,0.2,constructed,safe-mem_0-nu_02--eval_0,252,0.0035617353198734098,-50.003553280844955,49.99999653878912,0.4909332931789369,4,860.2734360694885
drone-b,safe,0.2,constructed,safe-mem_0-nu_02--eval_0,253,0.0035652126109583055,-50.00355675969828,49.99999654032709,0.4907782377374905,4,848.8043246269226
drone-b,safe,0.2,constructed,safe-mem_0-nu_02--eval_0,254,0.0035692937931698456,-50.00356083457787,49.99999653418837,0.4905962623246794,4,857.042498588562
drone-b,safe,0.2,constructed,safe-mem_0-nu_02--eval_0,255,0.0035704124444159834,-50.00356195231639,49.99999653330672,0.49054638056422767,4,858.8798222541809
drone-b,random,0.2,constructed,random-mem_0-nu_02--eval_0,0,0.005056531230834263,-48.46220019275971,49.999999999696215,11.900217329816902,3,178.2605013847351
drone-b,random,0.2,constructed,random-mem_0-nu_02--eval_0,1,0.010929437778610728,-48.4676244988465,49.999999999691106,11.887846004626084,4,178.83388304710388
drone-b,random,0.2,constructed,random-mem_0-nu_02--eval_0,2,0.015028963152128332,-48.471559748038395,49.99999999968899,11.881246912513305,4,182.4847342967987
drone-b,random,0.2,constructed,random-mem_0-nu_02--eval_0,3,0.018527523690780597,-48.475401080664724,49.99999999968758,11.876377373491767,4,185.4987335205078
drone-b,random,0.2,constructed,random-mem_0-nu_02--eval_0,4,0.021471065373740883,-48.478477552796456,49.99999999968662,11.871692251402377,4,188.00628304481506
drone-b,random,0.2,constructed,random-mem_0-nu_02--eval_0,5,0.02321146021676205,-48.48025478545841,49.999999999685855,11.868183262814844,4,189.1565020084381
drone-b,random,0.2,constructed,random-mem_0-nu_02--eval_0,6,0.025272205314661234,-48.482377615457985,49.99999999968426,11.865307631788683,4,192.720712184906
drone-b,random,0.2,constructed,random-mem_0-nu_02--eval_0,7,0.027665943530644214,-48.48400108467902,49.999999999683084,11.8567488134164,4,195.54160523414612
drone-b,random,0.2,constructed,random-mem_0-nu_02--eval_0,8,0.029173512500129745,-48.48517962565504,49.9999999996818,11.852350646592521,4,197.28095698356628
drone-b,random,0.2,constructed,random-mem_0-nu_02--eval_0,9,0.03127350214658759,-48.48765522448672,49.999999999680405,11.848579716711665,4,201.2915415763855
drone-b,random,0.2,constructed,random-mem_0-nu_02--eval_0,10,0.03235549553335304,-48.48884287733481,49.99999999967952,11.847803580906701,4,202.3951027393341
drone-b,random,0.2,constructed,random-mem_0-nu_02--eval_0,11,0.03289349083125611,-48.48937370980074,49.99999999968,11.844857988381396,4,206.42298221588135
drone-b,random,0.2,constructed,random-mem_0-nu_02--eval_0,12,0.033595160278597165,-48.48986896527932,49.999999999679176,11.842161379576243,4,208.47940826416016
drone-b,random,0.2,constructed,random-mem_0-nu_02--eval_0,13,0.034555278622946974,-48.49093616355941,49.999999999678636,11.84046577794036,4,209.94253253936768
drone-b,random,0.2,constructed,random-mem_0-nu_02--eval_0,14,0.03543406422646911,-48.49191928050775,49.99999999967848,11.839651162623207,4,215.86716198921204
drone-b,random,0.2,constructed,random-mem_0-nu_02--eval_0,15,0.03595746646891969,-48.49266040516665,49.99999999967819,11.838584036208077,4,224.4345715045929
drone-b,random,0.2,constructed,random-mem_0-nu_02--eval_0,16,0.03685412483127476,-48.49342214876098,49.99999999967746,11.836158135631456,4,218.82418656349182
drone-b,random,0.2,constructed,random-mem_0-nu_02--eval_0,17,0.03749994971829388,-48.49393176063596,49.99999999967711,11.833764550122446,4,221.07685804367065
drone-b,random,0.2,constructed,random-mem_0-nu_02--eval_0,18,0.03799832243568624,-48.49446603347095,49.99999999967666,11.832857802062666,4,225.25153875350952
drone-b,random,0.2,constructed,random-mem_0-nu_02--eval_0,19,0.03893472699404161,-48.49563251829438,49.999999999675794,11.83174519293591,4,226.53992247581482
drone-b,random,0.2,constructed,random-mem_0-nu_02--eval_0,20,0.03941925916525176,-48.49615415892866,49.99999999967537,11.830534740465763,4,231.46938943862915
drone-b,random,0.2,constructed,random-mem_0-nu_02--eval_0,21,0.03966776064634367,-48.496421662746265,49.99999999963791,11.830122644396678,4,237.3512613773346
drone-b,random,0.2,constructed,random-mem_0-nu_02--eval_0,22,0.04006361348482623,-48.49685140714715,49.99999999963818,11.828373798351196,4,236.06322360038757
drone-b,random,0.2,constructed,random-mem_0-nu_02--eval_0,23,0.04090753433640379,-48.49795595050818,49.999999999638746,11.826099829231234,4,240.92112016677856
drone-b,random,0.2,constructed,random-mem_0-nu_02--eval_0,24,0.041688338410611814,-48.498592513422395,49.99999999963875,11.823401703743903,4,244.81530666351318
drone-b,random,0.2,constructed,random-mem_0-nu_02--eval_0,25,0.04261620738102967,-48.499286148629864,49.999999999637694,11.820174038570274,4,244.95784187316895
drone-b,random,0.2,constructed,random-mem_0-nu_02--eval_0,26,0.04298327823990439,-48.499673629734744,49.99999999963685,11.818398118495898,4,248.89016842842102
drone-b,random,0.2,constructed,random-mem_0-nu_02--eval_0,27,0.04329063607704804,-48.5002300382738,49.999999999637716,11.816151010574174,4,249.09062576293945
drone-b,random,0.2,constructed,random-mem_0-nu_02--eval_0,28,0.043765545947895945,-48.50083417778962,49.99999999963703,11.815728243338395,4,256.8704137802124
drone-b,random,0.2,constructed,random-mem_0-nu_02--eval_0,29,0.044380226174068005,-48.50160331064987,49.99999999963671,11.814723871493213,5,256.54167079925537
drone-b,random,0.2,constructed,random-mem_0-nu_02--eval_0,30,0.04485097748458099,-48.50215340117387,49.99999999963694,11.813926754875022,5,259.88508200645447
drone-b,random,0.2,constructed,random-mem_0-nu_02--eval_0,31,0.04505019519466051,-48.50242271853099,49.99999999963708,11.813064655959318,5,270.8442521095276
drone-b,random,0.2,constructed,random-mem_0-nu_02--eval_0,32,0.04554985674127638,-48.50298181403671,49.99999999963694,11.812458978859434,5,267.78055119514465
drone-b,random,0.2,constructed,random-mem_0-nu_02--eval_0,33,0.04599342366939444,-48.503469400342674,49.99999999963629,11.811829264517394,5,272.72787261009216
drone-b,random,0.2,constructed,random-mem_0-nu_02--eval_0,34,0.04639847003133351,-48.503841700655386,49.99999999963582,11.81080536399631,5,271.6623492240906
drone-b,random,0.2,constructed,random-mem_0-nu_02--eval_0,35,0.0467711166994124,-48.50428722270642,49.99999999963529,11.809512580005498,5,276.4048914909363
drone-b,random,0.2,constructed,random-mem_0-nu_02--eval_0,36,0.047419957559846224,-48.504983910057874,49.99999999963416,11.807606554903531,5,277.153573513031
drone-b,random,0.2,constructed,random-mem_0-nu_02--eval_0,37,0.04813717136721248,-48.505844425152226,49.99999999963565,11.805621640827955,5,282.4180202484131
drone-b,random,0.2,constructed,random-mem_0-nu_02--eval_0,38,0.04842888634234795,-48.50624862092023,49.99999999963399,11.805046458048293,5,283.79017162323
drone-b,random,0.2,constructed,random-mem_0-nu_02--eval_0,39,0.048668170551885284,-48.50662199338739,49.999999999634774,11.803967279036918,5,288.9945168495178
drone-b,random,0.2,constructed,random-mem_0-nu_02--eval_0,40,0.04899571426876684,-48.506967853258985,49.99999999963422,11.802516993284373,5,293.380651473999
drone-b,random,0.2,constructed,random-mem_0-nu_02--eval_0,41,0.04943040222169921,-48.50739564987888,49.999999999633175,11.801730789915712,5,295.341304063797
drone-b,random,0.2,constructed,random-mem_0-nu_02--eval_0,42,0.04986164048592946,-48.50774077695456,49.99999999963346,11.799817280022511,5,295.5587668418884
drone-b,random,0.2,constructed,random-mem_0-nu_02--eval_0,43,0.05001004578810679,-48.50793090567391,49.99999999963256,11.799318577498937,5,304.28239727020264
drone-b,random,0.2,constructed,random-mem_0-nu_02--eval_0,44,0.05024789992428212,-48.50828701454864,49.99999999963204,11.798074349155389,5,304.5097095966339
drone-b,random,0.2,constructed,random-mem_0-nu_02--eval_0,45,0.05059604709806854,-48.50878387626073,49.999999999632635,11.797009629438609,5,309.06675815582275
drone-b,random,0.2,constructed,random-mem_0-nu_02--eval_0,46,0.05092262281886882,-48.50906876152601,49.99999999963184,11.796147085217578,5,313.11778926849365
drone-b,random,0.2,constructed,random-mem_0-nu_02--eval_0,47,0.05106464255744434,-48.509301725172065,49.999999999630305,11.795242976718193,5,314.8989977836609
drone-b,random,0.2,constructed,random-mem_0-nu_02--eval_0,48,0.05114585317739458,-48.50937992875286,49.999999999630774,11.79497581761067,5,326.148708820343
drone-b,random,0.2,constructed,random-mem_0-nu_02--eval_0,49,0.05149293622820742,-48.50980294333982,49.99999999963118,11.794121411426728,5,325.44734930992126
drone-b,random,0.2,constructed,random-mem_0-nu_02--eval_0,50,0.05168011120321907,-48.510096090683405,49.99999999963142,11.792647236842289,5,332.93064284324646
drone-b,random,0.2,constructed,random-mem_0-nu_02--eval_0,51,0.052073509035198126,-48.51050948311868,49.999999999630305,11.791665975611645,5,330.218141078949
drone-b,random,0.2,constructed,random-mem_0-nu_02--eval_0,52,0.05236769642186955,-48.510823740441396,49.99999999963029,11.791089239530697,5,343.5717463493347
drone-b,random,0.2,constructed,random-mem_0-nu_02--eval_0,53,0.05274645781524406,-48.511147001719955,49.999999999629296,11.79010698242056,5,337.8149588108063
drone-b,random,0.2,constructed,random-mem_0-nu_02--eval_0,54,0.05299508648905492,-48.511372579704656,49.99999999963011,11.78941318592917,5,342.9568748474121
drone-b,random,0.2,constructed,random-mem_0-nu_02--eval_0,55,0.05315035458948665,-48.511563904159566,49.999999999629786,11.788898345780053,5,342.8489851951599
drone-b,random,0.2,constructed,random-mem_0-nu_02--eval_0,56,0.05332524485056736,-48.51176986852288,49.99999999962895,11.788619172339306,5,346.3270568847656
drone-b,random,0.2,constructed,random-mem_0-nu_02--eval_0,57,0.05348933049602676,-48.51191176851184,49.99999999962817,11.787956961677962,5,352.5571312904358
drone-b,random,0.2,constructed,random-mem_0-nu_02--eval_0,58,0.05372084180737045,-48.51212598228533,49.99999999962785,11.786958485243114,5,354.8698785305023
drone-b,random,0.2,constructed,random-mem_0-nu_02--eval_0,59,0.054197371996470955,-48.51260162364646,49.99999999962687,11.786003167926413,5,365.4360616207123
drone-b,random,0.2,constructed,random-mem_0-nu_02--eval_0,60,0.05441845528178957,-48.51292777237594,49.99999999962689,11.785334526536717,5,367.5490622520447
drone-b,random,0.2,constructed,random-mem_0-nu_02--eval_0,61,0.054476033825628434,-48.51300705871527,49.99999999962566,11.78509224031488,5,366.6266131401062
drone-b,random,0.2,constructed,random-mem_0-nu_02--eval_0,62,0.054641971546776635,-48.51323856284857,49.999999999626475,11.784822227171503,5,368.09608340263367
drone-b,random,0.2,constructed,random-mem_0-nu_02--eval_0,63,0.05492141873111717,-48.51372171142725,49.99999999962586,11.78350285938277,5,375.07396364212036
drone-b,random,0.2,constructed,random-mem_0-nu_02--eval_0,64,0.055167735514780755,-48.51398456795618,49.99999999962461,11.782646806294936,5,377.8180627822876
drone-b,random,0.2,constructed,random-mem_0-nu_02--eval_0,65,0.05532130309643832,-48.51411299015052,49.9999999996244,11.781844820020023,5,387.7186722755432
drone-b,random,0.2,constructed,random-mem_0-nu_02--eval_0,66,0.05564032211454734,-48.5147636187093,49.99999999962563,11.779800478541366,5,385.91414761543274
drone-b,random,0.2,constructed,random-mem_0-nu_02--eval_0,67,0.056009591777164996,-48.51516674624665,49.99999999962589,11.779392863504519,5,390.5616018772125
drone-b,random,0.2,constructed,random-mem_0-nu_02--eval_0,68,0.05625555108369173,-48.51543898260641,49.99999999962472,11.778336090832168,5,397.1426272392273
drone-b,random,0.2,constructed,random-mem_0-nu_02--eval_0,69,0.05646952859555162,-48.51565045406386,49.99999999962582,11.777433985938837,5,399.8380296230316
drone-b,random,0.2,constructed,random-mem_0-nu_02--eval_0,70,0.05662140681165316,-48.515806737321384,49.999999999625004,11.777157045290112,5,404.968957901001
drone-b,random,0.2,constructed,random-mem_0-nu_02--eval_0,71,0.05671817299166452,-48.516000242210076,49.99999999962507,11.77682753655245,5,406.18315982818604
drone-b,random,0.2,constructed,random-mem_0-nu_02--eval_0,72,0.05690408269473202,-48.51618665165808,49.99999999962455,11.776413888215776,5,408.223313331604
drone-b,random,0.2,constructed,random-mem_0-nu_02--eval_0,73,0.05699488706139417,-48.51633782351308,49.99999999962432,11.77596428955149,5,412.33399963378906
drone-b,random,0.2,constructed,random-mem_0-nu_02--eval_0,74,0.05716922591963555,-48.516531696671116,49.999999999623974,11.775841133487077,5,415.35281443595886
drone-b,random,0.2,constructed,random-mem_0-nu_02--eval_0,75,0.05731687531283447,-48.5166874327873,49.99999999962427,11.775286062530455,5,420.3818528652191
drone-b,random,0.2,constructed,random-mem_0-nu_02--eval_0,76,0.057540697545291036,-48.516957116068866,49.999999999623284,11.774962230772795,5,422.7464487552643
drone-b,random,0.2,constructed,random-mem_0-nu_02--eval_0,77,0.05774689955260002,-48.51714262298686,49.999999999622794,11.774021668266625,5,426.7967345714569
drone-b,random,0.2,constructed,random-mem_0-nu_02--eval_0,78,0.05785157340668094,-48.517358015454164,49.99999999962312,11.773665405647554,5,434.0801179409027
drone-b,random,0.2,constructed,random-mem_0-nu_02--eval_0,79,0.05804925306538665,-48.517709655059406,49.99999999962325,11.772681564088874,5,435.3931028842926
drone-b,random,0.2,constructed,random-mem_0-nu_02--eval_0,80,0.05819810105103157,-48.51789712530559,49.999999999623114,11.772153125798697,5,441.1633343696594
drone-b,random,0.2,constructed,random-mem_0-nu_02--eval_0,81,0.05829253064113632,-48.51801440295266,49.99999999962261,11.771922891244072,5,463.00738763809204
drone-b,random,0.2,constructed,random-mem_0-nu_02--eval_0,82,0.05836878149339532,-48.518138056256575,49.99999999962206,11.771698303491139,5,447.45512676239014
drone-b,random,0.2,constructed,random-mem_0-nu_02--eval_0,83,0.05851454777733665,-48.5183442950851,49.99999999962244,11.77109880634057,5,455.03209805488586
drone-b,random,0.2,constructed,random-mem_0-nu_02--eval_0,84,0.05863127178739219,-48.518543562968986,49.99999999962188,11.770690885784349,5,454.170574426651
drone-b,random,0.2,constructed,random-mem_0-nu_02--eval_0,85,0.058764865814229655,-48.51880394344643,49.99999999962139,11.77009338804937,5,461.9726061820984
drone-b,random,0.2,constructed,random-mem_0-nu_02--eval_0,86,0.05889807686076995,-48.51897748180461,49.99999999962082,11.769714659317431,5,464.1353657245636
drone-b,random,0.2,constructed,random-mem_0-nu_02--eval_0,87,0.05893671475877009,-48.51910338198132,49.99999999962095,11.76944131086567,5,468.65592098236084
drone-b,random,0.2,constructed,random-mem_0-nu_02--eval_0,88,0.059035470167487,-48.51920378671832,49.99999999962187,11.768986837648502,5,472.2028169631958
drone-b,random,0.2,constructed,random-mem_0-nu_02--eval_0,89,0.05911858903356418,-48.51926614060034,49.999999999621885,11.768656990312714,5,476.8510162830353
drone-b,random,0.2,constructed,random-mem_0-nu_02--eval_0,90,0.059292506191142486,-48.51946009870003,49.99999999962103,11.76818463001376,5,479.4738645553589
drone-b,random,0.2,constructed,random-mem_0-nu_02--eval_0,91,0.05944531195120009,-48.5196280412195,49.9999999996195,11.768015341732136,5,482.3984134197235
drone-b,random,0.2,constructed,random-mem_0-nu_02--eval_0,92,0.05961881229755282,-48.51991942656706,49.99999999961967,11.767463694136854,5,514.0988521575928
drone-b,random,0.2,constructed,random-mem_0-nu_02--eval_0,93,0.059799949151641295,-48.52011554785002,49.999999999620286,11.7671613954,5,492.7331795692444
drone-b,random,0.2,constructed,random-mem_0-nu_02--eval_0,94,0.05990302829458111,-48.520249188783986,49.999999999619185,11.766816385342818,5,500.8847255706787
drone-b,random,0.2,constructed,random-mem_0-nu_02--eval_0,95,0.05994905745637657,-48.52031302842043,49.99999999961998,11.7667676385728,5,504.3204870223999
drone-b,random,0.2,constructed,random-mem_0-nu_02--eval_0,96,0.06011477067327751,-48.5207224228758,49.99999999961938,11.765627503202458,5,509.25539779663086
drone-b,random,0.2,constructed,random-mem_0-nu_02--eval_0,97,0.06025077441060606,-48.5208374721024,49.99999999961948,11.765150521401766,5,515.0227437019348
drone-b,random,0.2,constructed,random-mem_0-nu_02--eval_0,98,0.060384603194571694,-48.52104189157617,49.9999999996193,11.76455752590559,5,517.3536767959595
drone-b,random,0.2,constructed,random-mem_0-nu_02--eval_0,99,0.06050933226102778,-48.52121834578496,49.99999999961911,11.764311387168737,5,526.4803972244263
drone-b,random,0.2,constructed,random-mem_0-nu_02--eval_0,100,0.060713119123077065,-48.521462787974926,49.999999999617366,11.763856892723606,5,529.7669773101807
drone-b,random,0.2,constructed,random-mem_0-nu_02--eval_0,101,0.060841791030450315,-48.521607875113915,49.999999999618446,11.763702895130368,5,529.0218212604523
drone-b,random,0.2,constructed,random-mem_0-nu_02--eval_0,102,0.060984207403158755,-48.5217444665404,49.99999999961924,11.763059619450603,5,537.664647102356
drone-b,random,0.2,constructed,random-mem_0-nu_02--eval_0,103,0.061082318161194006,-48.521838476635615,49.999999999618694,11.762313467085638,5,539.2266540527344
drone-b,random,0.2,constructed,random-mem_0-nu_02--eval_0,104,0.06125950013240091,-48.52204114849357,49.9999999996184,11.762008622667611,5,544.5010969638824
drone-b,random,0.2,constructed,random-mem_0-nu_02--eval_0,105,0.0614374438057512,-48.522185897889536,49.99999999961847,11.76150399618186,5,548.0528433322906
drone-b,random,0.2,constructed,random-mem_0-nu_02--eval_0,106,0.06156497005858315,-48.52229587892579,49.999999999617884,11.761038479170866,5,550.4768385887146
drone-b,random,0.2,constructed,random-mem_0-nu_02--eval_0,107,0.0617672372160664,-48.522481042943404,49.9999999996175,11.760500543477079,5,559.264990568161
drone-b,random,0.2,constructed,random-mem_0-nu_02--eval_0,108,0.061845645636549054,-48.52259305547809,49.999999999617586,11.760293337218833,5,567.9956283569336
drone-b,random,0.2,constructed,random-mem_0-nu_02--eval_0,109,0.06200995568047706,-48.522782162258466,49.999999999617785,11.759720430106956,5,574.3888947963715
drone-b,random,0.2,constructed,random-mem_0-nu_02--eval_0,110,0.06209656446727059,-48.522876341238856,49.999999999617806,11.759439516113543,5,579.2641472816467
drone-b,random,0.2,constructed,random-mem_0-nu_02--eval_0,111,0.06216091460625449,-48.522952418038926,49.99999999961802,11.759361096204255,5,577.7491264343262
drone-b,random,0.2,constructed,random-mem_0-nu_02--eval_0,112,0.06232315109703907,-48.52315657832041,49.99999999961829,11.758948016685688,5,583.8039333820343
drone-b,random,0.2,constructed,random-mem_0-nu_02--eval_0,113,0.06249448485837955,-48.52333883856469,49.999999999617955,11.7585527176589,5,586.250655412674
drone-b,random,0.2,constructed,random-mem_0-nu_02--eval_0,114,0.0626256752722265,-48.523509967212824,49.99999999961756,11.75827810671251,5,588.2543387413025
drone-b,random,0.2,constructed,random-mem_0-nu_02--eval_0,115,0.06271870663566669,-48.52359535988695,49.99999999961719,11.757920036197472,5,599.3795363903046
drone-b,random,0.2,constructed,random-mem_0-nu_02--eval_0,116,0.06280159733621977,-48.52373272092455,49.9999999996174,11.75751624470431,5,599.7947261333466
drone-b,random,0.2,constructed,random-mem_0-nu_02--eval_0,117,0.06286918894561629,-48.523811848997326,49.999999999617486,11.75730738856972,5,610.5451683998108
drone-b,random,0.2,constructed,random-mem_0-nu_02--eval_0,118,0.06294305121134075,-48.52388808402582,49.99999999961772,11.757007869579182,5,610.2779505252838
drone-b,random,0.2,constructed,random-mem_0-nu_02--eval_0,119,0.0630077354380488,-48.52397775342854,49.999999999617565,11.756565873590407,5,610.8106935024261
drone-b,random,0.2,constructed,random-mem_0-nu_02--eval_0,120,0.06320269270098229,-48.524166335315556,49.999999999617145,11.756122511120099,5,622.4828298091888
drone-b,random,0.2,constructed,random-mem_0-nu_02--eval_0,121,0.06329746924893775,-48.52424723240717,49.99999999961568,11.755819872047987,5,626.9257535934448
drone-b,random,0.2,constructed,random-mem_0-nu_02--eval_0,122,0.06340884886633408,-48.52441213100815,49.99999999961604,11.75548181684982,5,631.4528250694275
drone-b,random,0.2,constructed,random-mem_0-nu_02--eval_0,123,0.06352452326147148,-48.52452368925726,49.99999999961607,11.75502806301302,5,641.0015814304352
drone-b,random,0.2,constructed,random-mem_0-nu_02--eval_0,124,0.06362838297130566,-48.524658909868066,49.9999999996162,11.754792070674009,5,639.9680588245392
drone-b,random,0.2,constructed,random-mem_0-nu_02--eval_0,125,0.06373262456758241,-48.52481210530222,49.999999999616385,11.754455244561447,5,647.2433531284332
drone-b,random,0.2,constructed,random-mem_0-nu_02--eval_0,126,0.06385269005149528,-48.52494685581429,49.99999999961607,11.754006877164134,5,650.671767950058
drone-b,random,0.2,constructed,random-mem_0-nu_02--eval_0,127,0.06404217051718428,-48.52520303726895,49.999999999610786,11.75351188561725,5,659.9264397621155
drone-b,random,0.2,constructed,random-mem_0-nu_02--eval_0,128,0.0641996368177231,-48.525363467063045,49.99999999961116,11.752813244317252,5,665.7230994701385
drone-b,random,0.2,constructed,random-mem_0-nu_02--eval_0,129,0.06428469798350725,-48.525502427325655,49.99999999961091,11.752381579240549,5,668.1313104629517
drone-b,random,0.2,constructed,random-mem_0-nu_02--eval_0,130,0.06434802964550758,-48.52555853735039,49.999999999610374,11.752187460989624,5,674.4554042816162
drone-b,random,0.2,constructed,random-mem_0-nu_02--eval_0,131,0.06444606758001421,-48.52566366388791,49.999999999610424,11.75181406207438,5,683.1803550720215
drone-b,random,0.2,constructed,random-mem_0-nu_02--eval_0,132,0.06453704333022094,-48.52577936923792,49.999999999609216,11.75122446751468,5,680.8321855068207
drone-b,random,0.2,constructed,random-mem_0-nu_02--eval_0,133,0.06467996273358392,-48.525995429983205,49.99999999961017,11.7502530016774,5,687.6311614513397
drone-b,random,0.2,constructed,random-mem_0-nu_02--eval_0,134,0.06470420019103446,-48.52603502424682,49.99999999960954,11.750091655166978,5,697.9485995769501
drone-b,random,0.2,constructed,random-mem_0-nu_02--eval_0,135,0.06476226441389943,-48.52613325148451,49.9999999996091,11.749799053170472,5,702.7744102478027
drone-b,random,0.2,constructed,random-mem_0-nu_02--eval_0,136,0.0650686204583822,-48.5264770890312,49.99999999961004,11.7489667352866,5,700.7054016590118
drone-b,random,0.2,constructed,random-mem_0-nu_02--eval_0,137,0.06518526548900852,-48.52658999685126,49.99999999960973,11.748724264864766,5,717.1393039226532
drone-b,random,0.2,constructed,random-mem_0-nu_02--eval_0,138,0.06524380482121503,-48.52666695767019,49.999999999609614,11.748609511665322,5,714.2462983131409
drone-b,random,0.2,constructed,random-mem_0-nu_02--eval_0,139,0.06535452173451488,-48.526815791553375,49.999999999609756,11.748088929917182,5,727.8421382904053
drone-b,random,0.2,constructed,random-mem_0-nu_02--eval_0,140,0.06544059115014679,-48.52692265968519,49.99999999960868,11.747724949973012,5,735.2198045253754
drone-b,random,0.2,constructed,random-mem_0-nu_02--eval_0,141,0.06550495240179548,-48.52701442412432,49.99999999960891,11.74743716750346,5,730.0086522102356
drone-b,random,0.2,constructed,random-mem_0-nu_02--eval_0,142,0.06573193307571033,-48.52722294609736,49.99999999960924,11.746666392221641,5,736.3802678585052
drone-b,random,0.2,constructed,random-mem_0-nu_02--eval_0,143,0.06581030587181629,-48.527318990489526,49.99999999960875,11.746576924193844,5,744.9350459575653
drone-b,random,0.2,constructed,random-mem_0-nu_02--eval_0,144,0.06594912395467852,-48.52766926922376,49.99999999960892,11.745671142072757,5,747.1320750713348
drone-b,random,0.2,constructed,random-mem_0-nu_02--eval_0,145,0.06609365514603673,-48.52785268556053,49.999999999608626,11.745405887858116,6,759.4334723949432
drone-b,random,0.2,constructed,random-mem_0-nu_02--eval_0,146,0.06623454979534789,-48.52804213427665,49.99999999960809,11.744489477283174,6,768.1431484222412
drone-b,random,0.2,constructed,random-mem_0-nu_02--eval_0,147,0.06633671580488237,-48.52817120774722,49.99999999960783,11.744167667037914,6,759.5746207237244
drone-b,random,0.2,constructed,random-mem_0-nu_02--eval_0,148,0.06644707197109567,-48.52828473148606,49.99999999960823,11.743735050365753,6,764.9507400989532
drone-b,random,0.2,constructed,random-mem_0-nu_02--eval_0,149,0.06649191893231486,-48.528356324907996,49.99999999960826,11.743578910477112,6,780.4163384437561
drone-b,random,0.2,constructed,random-mem_0-nu_02--eval_0,150,0.06655658399543615,-48.52853830244924,49.99999999960782,11.743108828015979,6,777.4097235202789
drone-b,random,0.2,constructed,random-mem_0-nu_02--eval_0,151,0.06667617861847824,-48.52873651093295,49.9999999996086,11.742381322888914,6,785.8196568489075
drone-b,random,0.2,constructed,random-mem_0-nu_02--eval_0,152,0.06679378404164822,-48.52886706969059,49.99999999960857,11.741934379579964,6,791.9166646003723
drone-b,random,0.2,constructed,random-mem_0-nu_02--eval_0,153,0.06686808759493498,-48.528959666545965,49.999999999607994,11.741777751866419,6,796.554260969162
drone-b,random,0.2,constructed,random-mem_0-nu_02--eval_0,154,0.06692405261949182,-48.5290982841082,49.99999999960792,11.741428976750049,6,802.1753127574921
drone-b,random,0.2,constructed,random-mem_0-nu_02--eval_0,155,0.06697639002281888,-48.52922906810837,49.999999999607255,11.741156651988861,6,802.8581893444061
drone-b,random,0.2,constructed,random-mem_0-nu_02--eval_0,156,0.06702124787924499,-48.52930966095222,49.99999999960825,11.740937153048366,6,810.6480185985565
drone-b,random,0.2,constructed,random-mem_0-nu_02--eval_0,157,0.0670590776453577,-48.52942676543045,49.99999999960754,11.740575900589189,6,816.8308959007263
drone-b,random,0.2,constructed,random-mem_0-nu_02--eval_0,158,0.06715202661110575,-48.5295192810506,49.99999999960753,11.740249648793888,6,825.6800346374512
drone-b,random,0.2,constructed,random-mem_0-nu_02--eval_0,159,0.06718308482513494,-48.529554355745574,49.99999999960768,11.740202109344468,6,836.1674430370331
drone-b,random,0.2,constructed,random-mem_0-nu_02--eval_0,160,0.06729098254953386,-48.52967593447054,49.99999999960688,11.740002317541785,6,846.5410313606262
drone-b,random,0.2,constructed,random-mem_0-nu_02--eval_0,161,0.06739986497729317,-48.52978945244029,49.99999999960672,11.739768706303025,6,844.2483513355255
drone-b,random,0.2,constructed,random-mem_0-nu_02--eval_0,162,0.06742478396788505,-48.52986606965358,49.99999999960722,11.739676292372007,6,845.23899269104
drone-b,random,0.2,constructed,random-mem_0-nu_02--eval_0,163,0.06754552432248466,-48.530014331505896,49.99999999960563,11.739432642553638,6,856.4366574287415
drone-b,random,0.2,constructed,random-mem_0-nu_02--eval_0,164,0.06761385228363291,-48.53007736749342,49.99999999960595,11.739186634482099,6,864.4334115982056
drone-b,random,0.2,constructed,random-mem_0-nu_02--eval_0,165,0.06767307049922856,-48.53016273441668,49.99999999960571,11.738913068625587,6,868.9004776477814
drone-b,random,0.2,constructed,random-mem_0-nu_02--eval_0,166,0.06769296538780445,-48.53019821529215,49.99999999960638,11.738819480259957,6,876.2387189865112
drone-b,random,0.2,constructed,random-mem_0-nu_02--eval_0,167,0.06776704885434748,-48.530291703262684,49.99999999960482,11.738640741015265,6,878.1214075088501
drone-b,random,0.2,constructed,random-mem_0-nu_02--eval_0,168,0.06785470749335015,-48.53042111652081,49.99999999960491,11.738420137786713,6,894.8497059345245
drone-b,random,0.2,constructed,random-mem_0-nu_02--eval_0,169,0.06794778409601937,-48.530532635534556,49.9999999996053,11.738293325851807,6,891.2685849666595
drone-b,random,0.2,constructed,random-mem_0-nu_02--eval_0,170,0.06797333287108026,-48.53058354836713,49.99999999960493,11.738177979514164,6,898.0314674377441
drone-b,random,0.2,constructed,random-mem_0-nu_02--eval_0,171,0.06801391399734227,-48.53066957889196,49.99999999960457,11.738018122324053,6,911.1439764499664
drone-b,random,0.2,constructed,random-mem_0-nu_02--eval_0,172,0.06807361272410757,-48.53073270141867,49.99999999960402,11.737865604639621,6,918.4871592521667
drone-b,random,0.2,constructed,random-mem_0-nu_02--eval_0,173,0.06817666232554984,-48.530872845872366,49.99999999960501,11.737546765040777,6,928.426540851593
drone-b,random,0.2,constructed,random-mem_0-nu_02--eval_0,174,0.06825395289634832,-48.53106132044247,49.99999999960485,11.737282349734421,6,917.1931736469269
drone-b,random,0.2,constructed,random-mem_0-nu_02--eval_0,175,0.06837505762496952,-48.531199397266796,49.99999999960377,11.737007645934852,6,927.270082950592
drone-b,random,0.2,constructed,random-mem_0-nu_02--eval_0,176,0.06847550568116925,-48.53130979633589,49.99999999960334,11.736729143772376,6,937.8341016769409
drone-b,random,0.2,constructed,random-mem_0-nu_02--eval_0,177,0.06851543891510499,-48.531387850076435,49.999999999603546,11.73665007787861,6,954.1551449298859
drone-b,random,0.2,constructed,random-mem_0-nu_02--eval_0,178,0.06856080725152643,-48.53143111725392,49.999999999603574,11.736547775278694,6,949.0543234348297
drone-b,random,0.2,constructed,random-mem_0-nu_02--eval_0,179,0.06868849708562046,-48.53158754536839,49.999999999603325,11.73627872121705,6,957.4846034049988
drone-b,random,0.2,constructed,random-mem_0-nu_02--eval_0,180,0.06879023245177736,-48.531699774760405,49.99999999960352,11.735930517152584,6,961.8828227519989
drone-b,random,0.2,constructed,random-mem_0-nu_02--eval_0,181,0.06883370968089933,-48.53175073754695,49.99999999960409,11.735787110363892,6,975.0030384063721
drone-b,random,0.2,constructed,random-mem_0-nu_02--eval_0,182,0.06886281289519583,-48.531827388185,49.99999999960349,11.735624428997415,6,971.99218583107
drone-b,random,0.2,constructed,random-mem_0-nu_02--eval_0,183,0.06892385151517065,-48.53189555362588,49.99999999960313,11.735508710061094,6,984.778525352478
drone-b,random,0.2,constructed,random-mem_0-nu_02--eval_0,184,0.06897234385524095,-48.531963840860676,49.99999999960258,11.73522390459702,6,1002.9436056613922
drone-b,random,0.2,constructed,random-mem_0-nu_02--eval_0,185,0.06910423177227447,-48.53210616472273,49.99999999960283,11.734963015139819,6,1003.3782179355621
drone-b,random,0.2,constructed,random-mem_0-nu_02--eval_0,186,0.06917225734852336,-48.53217903594795,49.99999999960232,11.734800478353087,6,1011.0304615497589
drone-b,random,0.2,constructed,random-mem_0-nu_02--eval_0,187,0.06922125104923504,-48.532255316079905,49.99999999960186,11.734526520125481,6,1025.8683395385742
drone-b,random,0.2,constructed,random-mem_0-nu_02--eval_0,188,0.06940145696271098,-48.532418789552636,49.999999999601314,11.733960467012901,6,1029.8790543079376
drone-b,random,0.2,constructed,random-mem_0-nu_02--eval_0,189,0.06947270035654111,-48.53253882345002,49.99999999960111,11.733631286290427,6,1017.2983334064484
drone-b,random,0.2,constructed,random-mem_0-nu_02--eval_0,190,0.06956197511778206,-48.53266903181922,49.99999999960112,11.733219014637632,6,1022.0279202461243
drone-b,random,0.2,constructed,random-mem_0-nu_02--eval_0,191,0.06961747929899406,-48.53276138365238,49.999999999601606,11.733062705050395,6,1038.815895318985
drone-b,random,0.2,constructed,random-mem_0-nu_02--eval_0,192,0.06967895078162274,-48.532841978998164,49.99999999960083,11.732896349905245,6,1053.7147800922394
drone-b,random,0.2,constructed,random-mem_0-nu_02--eval_0,193,0.06977682715274215,-48.532935568002415,49.99999999960018,11.732502809645757,6,1082.8722178936005
drone-b,random,0.2,constructed,random-mem_0-nu_02--eval_0,194,0.06980983701300728,-48.53297866005523,49.99999999960046,11.732413787304193,6,1060.2888655662537
drone-b,random,0.2,constructed,random-mem_0-nu_02--eval_0,195,0.06987505663092167,-48.53304569049652,49.999999999600256,11.732220679707899,6,1076.4008164405823
drone-b,random,0.2,constructed,random-mem_0-nu_02--eval_0,196,0.07001933497457478,-48.5332019580096,49.99999999960028,11.731870141167587,6,1070.3527202606201
drone-b,random,0.2,constructed,random-mem_0-nu_02--eval_0,197,0.0700878650569513,-48.533295927113286,49.999999999599616,11.73165262668048,6,1091.9424369335175
drone-b,random,0.2,constructed,random-mem_0-nu_02--eval_0,198,0.0701316802441681,-48.53334668936743,49.99999999959972,11.731573895048625,6,1075.7759466171265
drone-b,random,0.2,constructed,random-mem_0-nu_02--eval_0,199,0.070199697116546,-48.53345306928634,49.99999999959942,11.73124408018976,6,1104.4633870124817
drone-b,random,0.2,constructed,random-mem_0-nu_02--eval_0,200,0.0702489914899384,-48.53349265518955,49.99999999960001,11.731024065514378,6,1101.9232392311096
drone-b,random,0.2,constructed,random-mem_0-nu_02--eval_0,201,0.07035010463675723,-48.53361548223075,49.9999999995992,11.730676657221027,6,1101.8439946174622
drone-b,random,0.2,constructed,random-mem_0-nu_02--eval_0,202,0.07039956481577346,-48.53369239643152,49.99999999959965,11.730486298858585,6,1120.4509229660034
drone-b,random,0.2,constructed,random-mem_0-nu_02--eval_0,203,0.07055381289688684,-48.5338693108757,49.999999999598586,11.7297807859785,6,1126.3071374893188
drone-b,random,0.2,constructed,random-mem_0-nu_02--eval_0,204,0.07058259944134702,-48.533913377054375,49.99999999959857,11.729657750902513,6,1137.1969783306122
drone-b,random,0.2,constructed,random-mem_0-nu_02--eval_0,205,0.07065481147358015,-48.53399633958752,49.99999999959842,11.729586317821816,6,1149.3920896053314
drone-b,random,0.2,constructed,random-mem_0-nu_02--eval_0,206,0.0706968388542797,-48.53406938470659,49.99999999959879,11.729501897734856,6,1164.6433556079865
drone-b,random,0.2,constructed,random-mem_0-nu_02--eval_0,207,0.07076652948953922,-48.53417121461692,49.99999999959795,11.729216829906694,6,1153.989263534546
drone-b,random,0.2,constructed,random-mem_0-nu_02--eval_0,208,0.07081219119812222,-48.53423190277035,49.999999999598046,11.729001615998898,6,1173.462792634964
drone-b,random,0.2,constructed,random-mem_0-nu_02--eval_0,209,0.0708914337891446,-48.534324558378295,49.99999999959842,11.728866779128227,6,1166.883104801178
drone-b,random,0.2,constructed,random-mem_0-nu_02--eval_0,210,0.07094013734789152,-48.53438298490314,49.999999999598266,11.728747336204773,6,1193.678780555725
drone-b,random,0.2,constructed,random-mem_0-nu_02--eval_0,211,0.07101327125764696,-48.53446787700498,49.99999999959825,11.728369904603655,6,1202.4228343963623
drone-b,random,0.2,constructed,random-mem_0-nu_02--eval_0,212,0.07103177537163347,-48.53450416889337,49.999999999597826,11.728231036651042,6,1212.0375945568085
drone-b,random,0.2,constructed,random-mem_0-nu_02--eval_0,213,0.07109399976004757,-48.53457473362409,49.999999999596064,11.727995001950333,6,1218.4344143867493
drone-b,random,0.2,constructed,random-mem_0-nu_02--eval_0,214,0.07112001820740156,-48.53460998819895,49.99999999959613,11.727828024738551,6,1205.8606956005096
drone-b,random,0.2,constructed,random-mem_0-nu_02--eval_0,215,0.07120539318407547,-48.534691947019766,49.99999999959709,11.727505944810295,6,1238.3902387619019
drone-b,random,0.2,constructed,random-mem_0-nu_02--eval_0,216,0.07124278560503504,-48.53473406278381,49.9999999995967,11.727374893496684,6,1223.3323211669922
drone-b,random,0.2,constructed,random-mem_0-nu_02--eval_0,217,0.07130075696444847,-48.534803241819034,49.99999999959611,11.727129659266328,6,1235.109537601471
drone-b,random,0.2,constructed,random-mem_0-nu_02--eval_0,218,0.0713282737637234,-48.53486550999016,49.99999999959637,11.726961294018395,6,1270.2470791339874
drone-b,random,0.2,constructed,random-mem_0-nu_02--eval_0,219,0.07138601914906242,-48.534930116832996,49.99999999959639,11.72673456536051,6,1274.7606356143951
drone-b,random,0.2,constructed,random-mem_0-nu_02--eval_0,220,0.07145555995524203,-48.53500353750863,49.99999999959543,11.726340008267881,6,1298.4727611541748
drone-b,random,0.2,constructed,random-mem_0-nu_02--eval_0,221,0.07153271537935614,-48.53514082577692,49.99999999959579,11.725975504263005,6,1286.2057676315308
drone-b,random,0.2,constructed,random-mem_0-nu_02--eval_0,222,0.07162644824693842,-48.53526599995657,49.99999999959516,11.725410819122633,6,1294.8053386211395
drone-b,random,0.2,constructed,random-mem_0-nu_02--eval_0,223,0.07178078822012587,-48.5353996720936,49.99999999959503,11.724786747821305,6,1340.2315695285797
drone-b,random,0.2,constructed,random-mem_0-nu_02--eval_0,224,0.0718708574754549,-48.53549943872553,49.99999999959518,11.724647369816278,6,1303.1112592220306
drone-b,random,0.2,constructed,random-mem_0-nu_02--eval_0,225,0.07195528441094733,-48.53558537794906,49.99999999959458,11.724468739084447,6,1347.2792720794678
drone-b,random,0.2,constructed,random-mem_0-nu_02--eval_0,226,0.07199818330724182,-48.535668145082745,49.99999999959532,11.724183239755776,6,1346.3206663131714
drone-b,random,0.2,constructed,random-mem_0-nu_02--eval_0,227,0.07202633115305017,-48.53572191975356,49.99999999959488,11.72405523936129,6,1341.5724036693573
drone-b,random,0.2,constructed,random-mem_0-nu_02--eval_0,228,0.07206500222146515,-48.535782415245535,49.99999999959501,11.723965245534899,6,1361.6009016036987
drone-b,random,0.2,constructed,random-mem_0-nu_02--eval_0,229,0.07214225041749661,-48.53594237939949,49.99999999959503,11.723581519069368,6,1393.8939683437347
drone-b,random,0.2,constructed,random-mem_0-nu_02--eval_0,230,0.0721850790053033,-48.536110183080424,49.99999999959533,11.723113699020024,6,1392.1489112377167
drone-b,random,0.2,constructed,random-mem_0-nu_02--eval_0,231,0.07221816386734557,-48.53616561257152,49.99999999959434,11.723001381142044,6,1408.2598724365234
drone-b,random,0.2,constructed,random-mem_0-nu_02--eval_0,232,0.07229548710983391,-48.53628632707772,49.99999999959399,11.722593366426096,6,1401.1407642364502
drone-b,random,0.2,constructed,random-mem_0-nu_02--eval_0,233,0.0723371807974861,-48.53634884465382,49.999999999594344,11.722504433730766,6,1405.1392140388489
drone-b,random,0.2,constructed,random-mem_0-nu_02--eval_0,234,0.07241130486790708,-48.53645029253991,49.999999999594664,11.722316556131688,6,1444.1707990169525
drone-b,random,0.2,constructed,random-mem_0-nu_02--eval_0,235,0.07248420096270218,-48.53651733569836,49.99999999959476,11.72204100525978,6,1433.7731618881226
drone-b,random,0.2,constructed,random-mem_0-nu_02--eval_0,236,0.07254655242774277,-48.53659554992269,49.999999999594166,11.721937131751602,6,1426.9220495224
drone-b,random,0.2,constructed,random-mem_0-nu_02--eval_0,237,0.07260029319768091,-48.536696209915945,49.99999999959316,11.721772390429726,6,1474.7150506973267
drone-b,random,0.2,constructed,random-mem_0-nu_02--eval_0,238,0.07263750235475948,-48.53675503956891,49.99999999959373,11.72162285471905,6,1484.7994136810303
drone-b,random,0.2,constructed,random-mem_0-nu_02--eval_0,239,0.07267172348927173,-48.536815700365615,49.99999999959258,11.721423589959624,6,1469.9790856838226
drone-b,random,0.2,constructed,random-mem_0-nu_02--eval_0,240,0.07269544592002476,-48.53684336622353,49.99999999959259,11.721347120206323,6,1498.6472136974335
drone-b,random,0.2,constructed,random-mem_0-nu_02--eval_0,241,0.07275335688256936,-48.536945621181594,49.99999999959286,11.721160217345606,6,1537.177151441574
drone-b,random,0.2,constructed,random-mem_0-nu_02--eval_0,242,0.07282964091012882,-48.53703482131401,49.9999999995923,11.720949352592626,6,1527.3535974025726
drone-b,random,0.2,constructed,random-mem_0-nu_02--eval_0,243,0.07290361247867486,-48.53714122180006,49.99999999959206,11.720779139174988,6,1554.5786266326904
drone-b,random,0.2,constructed,random-mem_0-nu_02--eval_0,244,0.07296432763865973,-48.53719493336077,49.99999999959232,11.72059796201944,6,1528.7102403640747
drone-b,random,0.2,constructed,random-mem_0-nu_02--eval_0,245,0.07301534952637662,-48.53724624195141,49.99999999959257,11.72044552555835,6,1547.407767534256
drone-b,random,0.2,constructed,random-mem_0-nu_02--eval_0,246,0.07304040227903827,-48.53728215090208,49.99999999959118,11.720382409119523,6,1561.51460146904
drone-b,random,0.2,constructed,random-mem_0-nu_02--eval_0,247,0.07306534301925566,-48.53730330396409,49.99999999959067,11.720259059336707,6,1594.5864219665527
drone-b,random,0.2,constructed,random-mem_0-nu_02--eval_0,248,0.07310908208822417,-48.5374051749282,49.999999999591104,11.719968087225734,6,1595.9294662475586
drone-b,random,0.2,constructed,random-mem_0-nu_02--eval_0,249,0.07317059159359354,-48.53748928048704,49.99999999959148,11.719795229707408,6,1613.8057885169983
drone-b,random,0.2,constructed,random-mem_0-nu_02--eval_0,250,0.07322471022773669,-48.53755530774537,49.99999999959214,11.719554036703567,6,1634.9359934329987
drone-b,random,0.2,constructed,random-mem_0-nu_02--eval_0,251,0.07333199881334347,-48.537683301373164,49.99999999959223,11.719245335994502,6,1651.457671403885
drone-b,random,0.2,constructed,random-mem_0-nu_02--eval_0,252,0.07340001584770194,-48.53774989531393,49.99999999959162,11.71901932586086,6,1665.5563399791718
drone-b,random,0.2,constructed,random-mem_0-nu_02--eval_0,253,0.0734985538218292,-48.537839724724826,49.999999999591516,11.718656086512125,6,1666.894805431366
drone-b,random,0.2,constructed,random-mem_0-nu_02--eval_0,254,0.07352633562122646,-48.53788515881779,49.999999999591225,11.718576245214932,6,1686.8025093078613
drone-b,random,0.2,constructed,random-mem_0-nu_02--eval_0,255,0.07360090029431816,-48.53794829123413,49.999999999591175,11.718376655569465,6,1711.462575674057
