project_name;agent;shield;shield_memory;nu;safety_probability;full_safety_probability;goal_reachability;reward;shield_calls;blocked_actions;evaluation_time
test-corridor;greedy-iter-100;constructed-self-constructing-unsafe;0;0.2;0.12441100000000002;0.12441100000000002;0.976045471357;93.678493039391;3.7640578796390036;1.046828528265001;0.0058135986328125
dpm;greedy-iter-1000;constructed-self-constructing-unsafe;0;0.2;0.03554112743442138;0.035541149131146074;0.21631212058461535;2.7370198204558767;44.5395235855012;7.614987703855554;0.440626859664917
test-corridor;greedy-iter-100;constructed-self-constructing-unsafe;0;0.2;0.12473100000000001;0.12473100000000001;0.982926052974;94.656280446583;3.4698176268770076;0.7350816968090012;0.0074155330657958984
dpm;greedy-iter-1000;constructed-self-constructing-unsafe;0;0.2;0.042789944695787986;0.04278998464322058;0.21524343848086722;3.21583540436382;44.55612439964092;7.167789909803569;0.5625042915344238
test-corridor;greedy-iter-100;constructed-self-constructing-unsafe;0;0.2;0.12476100000000001;0.12476100000000001;0.986245776404;95.127359464733;3.329293948427011;0.5866865780990008;0.007764101028442383
slippy-drone;greedy-iter-4000;constructed-self-constructing-unsafe;0;0.2;0.12089206156920404;0.12089206156920404;0.32053101367390624;-8.709744462887798;40.549442195793134;25.21474755164226;2.5539326667785645
dpm;greedy-iter-1000;constructed-self-constructing-unsafe;0;0.2;0.047567573546660434;0.047567631571727796;0.21456872090466916;3.5177318804816533;44.56609474403195;6.888062987088905;0.6910736560821533
test-corridor;greedy-iter-100;constructed-self-constructing-unsafe;0;0.2;0.12477200000000001;0.12477200000000001;0.9874321175737999;95.2949164101959;3.2798441339061157;0.5344961881145006;0.007420063018798828
test-corridor;greedy-iter-100;constructed-self-constructing-unsafe;0;0.2;0.124783;0.124783;0.9884203463673699;95.43428929935266;3.2389131501396475;0.49132623307429085;0.00804758071899414
dpm;greedy-iter-1000;constructed-self-constructing-unsafe;0;0.2;0.051023737734568364;0.051023818054432596;0.21409484285311575;3.743382283252438;44.57286684926065;6.6906255652894435;0.8209176063537598
slippy-drone;greedy-iter-4000;constructed-self-constructing-unsafe;0;0.2;0.13306031190987064;0.13306031190987064;0.37674219810117554;-1.511430846767162;38.919214890399196;22.88186146502021;3.0756354331970215
test-corridor;greedy-iter-100;constructed-self-constructing-unsafe;0;0.2;0.12488300000000001;0.12488300000000001;0.9895122503673699;95.59068120335266;3.1913304061396466;0.4415200610742911;0.008851289749145508
dpm;greedy-iter-1000;constructed-self-constructing-unsafe;0;0.2;0.05348998509906063;0.05349008665313827;0.2137639174588099;3.8903026594567125;44.57749085403499;6.550094751449383;1.013028621673584
test-corridor;greedy-iter-100;constructed-self-constructing-unsafe;0;0.2;0.12489300000000002;0.12489300000000002;0.9897774123532639;95.62790166032734;3.180198809207057;0.4292247730645319;0.008722543716430664
slippy-drone;greedy-iter-4000;constructed-self-constructing-unsafe;0;0.2;0.1380971584715229;0.1380971584715229;0.41111290919846566;2.9037482692903467;37.929234261745286;21.557683620589934;3.075169563293457
dpm;greedy-iter-1000;constructed-self-constructing-unsafe;0;0.2;0.055548984180904;0.0555491056068101;0.2134904517120822;4.012944662351427;44.58128009820566;6.432627468198156;1.1609828472137451
test-corridor;greedy-iter-100;constructed-self-constructing-unsafe;0;0.2;0.12489300000000002;0.12489300000000002;0.9903221830762639;95.70476669601533;3.15759907768906;0.40546627836053184;0.009660959243774414
dpm;greedy-iter-1000;constructed-self-constructing-unsafe;0;0.2;0.05720214255687548;0.05720228301444687;0.21327205583692804;4.110128026594763;44.584293447935394;6.338307762685647;1.280113935470581
slippy-drone;greedy-iter-4000;constructed-self-constructing-unsafe;0;0.2;0.14251088547821553;0.14251088547821553;0.42741025639984176;4.979138297690817;37.471116001556226;20.886194900170548;3.0553088188171387
test-corridor;greedy-iter-100;constructed-self-constructing-unsafe;0;0.2;0.12489300000000002;0.12489300000000002;0.9906189405462639;95.74635201603535;3.145541928969061;0.39278889610053175;0.009475469589233398
test-corridor;greedy-iter-100;constructed-self-constructing-unsafe;0;0.2;0.12489300000000002;0.12489300000000002;0.9907772476802639;95.76843195702133;3.1390964378430635;0.38568297478653196;0.01009821891784668
dpm;greedy-iter-1000;constructed-self-constructing-unsafe;0;0.2;0.05886490229490851;0.05886506138937493;0.21305340036768716;4.2049716477871035;44.5872849912978;6.243495253042215;1.4517481327056885
slippy-drone;greedy-iter-4000;constructed-self-constructing-unsafe;0;0.2;0.14572758969176844;0.14572758969176844;0.44043361074797266;6.634622840344903;37.10104674474798;20.33656835987012;3.205695390701294
test-corridor;greedy-iter-100;constructed-self-constructing-unsafe;0;0.2;0.12490410000000002;0.12490410000000002;0.9911629302802638;95.82253810002133;3.123300148843065;0.3687702325865319;0.010172605514526367
dpm;greedy-iter-1000;constructed-self-constructing-unsafe;0;0.2;0.06020253213581081;0.06020271348672829;0.21288563532972843;4.282649575625701;44.589447819461874;6.167843121787589;1.695112705230713
test-corridor;greedy-iter-100;constructed-self-constructing-unsafe;0;0.2;0.12490410000000002;0.12490410000000002;0.9913447291188721;95.84787104365462;3.116012650992911;0.36104415547653934;0.011063575744628906
slippy-drone;greedy-iter-4000;constructed-self-constructing-unsafe;0;0.2;0.14858372617518664;0.14858372617518664;0.45045571583535576;7.905961261476605;36.82182804924198;19.913399241080555;3.336454391479492
dpm;greedy-iter-1000;constructed-self-constructing-unsafe;0;0.2;0.06156195581102797;0.06156215845539559;0.2127128282903398;4.357187003292063;44.591716033798335;6.090852423796277;1.901219129562378
test-corridor;greedy-iter-100;constructed-self-constructing-unsafe;0;0.2;0.12490410000000002;0.12490410000000002;0.9916186515047021;95.88618831039851;3.1049414171847176;0.3492665688312893;0.010672569274902344
test-corridor;greedy-iter-100;constructed-self-constructing-unsafe;0;0.2;0.12490410000000002;0.12490410000000002;0.991747406902702;95.9039572547465;3.0997969752567207;0.3434633008672892;0.010797977447509766
dpm;greedy-iter-1000;constructed-self-constructing-unsafe;0;0.2;0.06263338667229465;0.06263361119554073;0.21257991424704364;4.420376792331215;44.59341403256534;6.0303225611861455;2.033116579055786
slippy-drone;greedy-iter-4000;constructed-self-constructing-unsafe;0;0.2;0.15096851982582993;0.15096851982582993;0.4578078210807882;8.839274682407272;36.61566518525338;19.598466208997447;3.3620545864105225
test-corridor;greedy-iter-100;constructed-self-constructing-unsafe;0;0.2;0.12491520000000002;0.12491520000000002;0.9918958466657021;95.92495848323252;3.093618815440722;0.33703007412528935;0.013383150100708008
dpm;greedy-iter-1000;constructed-self-constructing-unsafe;0;0.2;0.06345986576803427;0.06346011125672027;0.21247966717070532;4.464903685761221;44.59466311428449;5.9834505108440625;2.256857395172119
slippy-drone;greedy-iter-4000;constructed-self-constructing-unsafe;0;0.2;0.1530337517407594;0.1530337517407594;0.46640772752700616;9.929347262316604;36.37906171355867;19.24995294263533;3.791473865509033
test-corridor;greedy-iter-100;constructed-self-constructing-unsafe;0;0.2;0.12491520000000002;0.12491520000000002;0.9921610196657021;95.96218659053251;3.0827503781407226;0.3255794508252894;0.02783989906311035
dpm;greedy-iter-1000;constructed-self-constructing-unsafe;0;0.2;0.06432431794447299;0.0643245867281248;0.2123732120532337;4.517724450625253;44.596018763615405;5.9343590676111315;2.5975959300994873
test-corridor;greedy-iter-100;constructed-self-constructing-unsafe;0;0.2;0.12491520000000002;0.12491520000000002;0.992236867648702;95.9727436025745;3.0797391956687235;0.32240843984728934;0.012869119644165039
slippy-drone;greedy-iter-4000;constructed-self-constructing-unsafe;0;0.2;0.15544093905588363;0.15544093905588363;0.4751297410486457;11.037643147172084;36.133678608841244;18.885819990398364;4.2508180141448975
test-corridor;greedy-iter-100;constructed-self-constructing-unsafe;0;0.2;0.12492620000000002;0.12492620000000002;0.9924346949487021;96.00077881707452;3.071458848168724;0.3137881637472893;0.014198541641235352
dpm;greedy-iter-1000;constructed-self-constructing-unsafe;0;0.2;0.06520168436684601;0.06520197318476736;0.2122657115918925;4.565471615732717;44.59738025404604;5.88457357340227;2.8847033977508545
test-corridor;greedy-iter-100;constructed-self-constructing-unsafe;0;0.2;0.12492620000000002;0.12492620000000002;0.9927712081740021;96.04828730355312;3.057554218977125;0.2993052285910891;0.01275181770324707
slippy-drone;greedy-iter-4000;constructed-self-constructing-unsafe;0;0.2;0.1576984957141176;0.1576984957141176;0.48312752087981176;12.055506801848985;35.91064687717079;18.55128244679948;3.941826343536377
dpm;greedy-iter-1000;constructed-self-constructing-unsafe;0;0.2;0.066054025232641;0.06605433467156478;0.21215934553990085;4.615693628699871;44.5987675070996;5.8361019914697145;2.9315357208251953
test-corridor;greedy-iter-100;constructed-self-constructing-unsafe;0;0.2;0.12493620000000001;0.12493620000000001;0.9930518445403922;96.08763089479208;3.0459795427762675;0.28678806085924924;0.011872291564941406
test-corridor;greedy-iter-100;constructed-self-constructing-unsafe;0;0.2;0.12493620000000001;0.12493620000000001;0.9932694631393921;96.11815774272809;3.0371697070502632;0.27757188331524907;0.012123584747314453
dpm;greedy-iter-1000;constructed-self-constructing-unsafe;0;0.2;0.06680347069455037;0.06680380350015033;0.2120705883924946;4.653454120848849;44.59984219326664;5.79397294844629;3.1851792335510254
slippy-drone;greedy-iter-4000;constructed-self-constructing-unsafe;0;0.2;0.1590851932392473;0.1590851932392473;0.487752127057611;12.641463370841933;35.783464740028215;18.35808884922932;4.07112717628479
test-corridor;greedy-iter-100;constructed-self-constructing-unsafe;0;0.2;0.12494720000000001;0.12494720000000001;0.9934303335193921;96.14070694741908;3.0306848825592643;0.2708106336642491;0.012852668762207031
dpm;greedy-iter-1000;constructed-self-constructing-unsafe;0;0.2;0.06768197527694919;0.06768232971072255;0.21196343408961638;4.706511886476516;44.601187498593106;5.74443048123986;3.401881694793701
test-corridor;greedy-iter-100;constructed-self-constructing-unsafe;0;0.2;0.12494720000000001;0.12494720000000001;0.9934749031003921;96.14691027792307;3.0289198150452683;0.26895543900824903;0.01232290267944336
slippy-drone;greedy-iter-4000;constructed-self-constructing-unsafe;0;0.2;0.1610051657160472;0.1610051657160472;0.4958190870789444;13.665811414612449;35.56078549639438;18.035790516912805;4.246922492980957
test-corridor;greedy-iter-100;constructed-self-constructing-unsafe;0;0.2;0.12494720000000001;0.12494720000000001;0.9936627995050922;96.17327808663549;3.02129388674587;0.26096903801344923;0.015481948852539062
dpm;greedy-iter-1000;constructed-self-constructing-unsafe;0;0.2;0.06834385707723192;0.06834423507077478;0.21188359100132775;4.7436364695893865;44.60218403724597;5.707136904485667;3.7253928184509277
test-corridor;greedy-iter-100;constructed-self-constructing-unsafe;0;0.2;0.12494720000000001;0.12494720000000001;0.9937765228050921;96.18918578373548;3.016644896645867;0.25601184731344917;0.014068841934204102
slippy-drone;greedy-iter-4000;constructed-self-constructing-unsafe;0;0.2;0.16271879147921592;0.16271879147921592;0.5030504819729108;14.587088626098435;35.35953419078974;17.748184634493036;4.607909917831421
test-corridor;greedy-iter-100;constructed-self-constructing-unsafe;0;0.2;0.12494720000000001;0.12494720000000001;0.9939551990350921;96.21419385931547;3.0093816727658695;0.24821881357344927;0.015482902526855469
dpm;greedy-iter-1000;constructed-self-constructing-unsafe;0;0.2;0.06890551334070594;0.06890591161125334;0.21181760928608268;4.7765845342116675;44.60298161010387;5.675582339517863;3.9227139949798584
test-corridor;greedy-iter-100;constructed-self-constructing-unsafe;0;0.2;0.12494720000000001;0.12494720000000001;0.9942510232959221;96.25569341273388;2.9974159786331707;0.23573760451368922;0.013692617416381836
slippy-drone;greedy-iter-4000;constructed-self-constructing-unsafe;0;0.2;0.16414650747092793;0.16414650747092793;0.5089044780264038;15.331175033563937;35.19762327110731;17.5160565381251;4.583079814910889
dpm;greedy-iter-1000;constructed-self-constructing-unsafe;0;0.2;0.06947914563751233;0.06947956460922972;0.21175094281113183;4.810383022582822;44.603773900054215;5.64310177185224;4.559915542602539
test-corridor;greedy-iter-100;constructed-self-constructing-unsafe;0;0.2;0.12494720000000001;0.12494720000000001;0.9942990969693251;96.26232395668048;2.995512687817948;0.23366129930952026;0.01421356201171875
test-corridor;greedy-iter-100;constructed-self-constructing-unsafe;0;0.2;0.12494720000000001;0.12494720000000001;0.994426533156225;96.28008408068216;2.9903629703672463;0.22814050376302014;0.016872406005859375
slippy-drone;greedy-iter-4000;constructed-self-constructing-unsafe;0;0.2;0.16559358527824214;0.16559358527824214;0.5158329223522956;16.211891748401065;35.00389756546827;17.233577606316302;4.711336135864258
dpm;greedy-iter-1000;constructed-self-constructing-unsafe;0;0.2;0.07008288184579464;0.07008332045577528;0.21168000397204023;4.842122352728972;44.60462626352257;5.608898714011756;4.807831048965454
test-corridor;greedy-iter-100;constructed-self-constructing-unsafe;0;0.2;0.12494720000000001;0.12494720000000001;0.9945493385762251;96.29735279657217;2.985336266277247;0.22286201523302035;0.014649629592895508
test-corridor;greedy-iter-100;constructed-self-constructing-unsafe;0;0.2;0.12494720000000001;0.12494720000000001;0.9946388221362251;96.30975220517217;2.98178653007725;0.2190512591130203;0.015216350555419922
slippy-drone;greedy-iter-4000;constructed-self-constructing-unsafe;0;0.2;0.1670925535424156;0.1670925535424156;0.5242777086264576;17.28968374358667;34.76712174223053;16.908239947355547;4.90487265586853
dpm;greedy-iter-1000;constructed-self-constructing-unsafe;0;0.2;0.07060160835144211;0.0706020695899735;0.21161951312106908;4.870626823129334;44.60535281250718;5.579469336178044;5.032101154327393
test-corridor;greedy-iter-100;constructed-self-constructing-unsafe;0;0.2;0.12494720000000001;0.12494720000000001;0.994704972836225;96.31904272767217;2.9791017605772536;0.21625282221302025;0.015652894973754883
test-corridor;greedy-iter-100;constructed-self-constructing-unsafe;0;0.2;0.12494720000000001;0.12494720000000001;0.994813015666225;96.33414282422217;2.9747907297272516;0.2117561403030202;0.015897035598754883
slippy-drone;greedy-iter-4000;constructed-self-constructing-unsafe;0;0.2;0.16817466421149913;0.16817466421149913;0.5297053919089714;17.98037777745808;34.61668543902437;16.697309740646034;5.021534442901611
dpm;greedy-iter-1000;constructed-self-constructing-unsafe;0;0.2;0.07111797103140353;0.07111845260809706;0.21155947508542877;4.899833135725922;44.60606694853868;5.550488382685038;5.323901414871216
test-corridor;greedy-iter-100;constructed-self-constructing-unsafe;0;0.2;0.12494820000000001;0.12494820000000001;0.9949512678962251;96.35348961320217;2.9691698324472493;0.20571540116302012;0.016196250915527344
dpm;greedy-iter-1000;constructed-self-constructing-unsafe;0;0.2;0.07154931330785569;0.07154981346102926;0.2115080919407992;4.925333978215089;44.606703947483474;5.5259280211404675;5.17394232749939
test-corridor;greedy-iter-100;constructed-self-constructing-unsafe;0;0.2;0.12494820000000001;0.12494820000000001;0.9950041101050744;96.36078650243599;2.967043738184677;0.2033795891194159;0.018718719482421875
slippy-drone;greedy-iter-4000;constructed-self-constructing-unsafe;0;0.2;0.16909099623480142;0.16909099623480142;0.533550872767889;18.4676465854946;34.51112164286639;16.546356051799172;5.183589220046997
test-corridor;greedy-iter-100;constructed-self-constructing-unsafe;0;0.2;0.12494920000000001;0.12494920000000001;0.9950716805850744;96.370203815496;2.9643649843246793;0.2005643718994158;0.019188880920410156
dpm;greedy-iter-1000;constructed-self-constructing-unsafe;0;0.2;0.07201556308465401;0.0720160841940399;0.21145436160702274;4.950245832046372;44.60734044089462;5.499789454949337;5.5811357498168945
test-corridor;greedy-iter-100;constructed-self-constructing-unsafe;0;0.2;0.12494920000000001;0.12494920000000001;0.9951599668950744;96.38252670425598;2.960851390464685;0.19689187761941596;0.017147302627563477
slippy-drone;greedy-iter-4000;constructed-self-constructing-unsafe;0;0.2;0.170056900653712;0.170056900653712;0.5374316205005255;18.95765333238787;34.406143612436516;16.390843118782332;5.468722581863403
test-corridor;greedy-iter-100;constructed-self-constructing-unsafe;0;0.2;0.12494920000000001;0.12494920000000001;0.9952153847413744;96.390353410959;2.9585488296386835;0.19447316690681582;0.017198801040649414
dpm;greedy-iter-1000;constructed-self-constructing-unsafe;0;0.2;0.07248661018008026;0.07248715362288584;0.21140120025016193;4.9746757576597425;44.60794978342721;5.473432295670026;5.905718803405762
test-corridor;greedy-iter-100;constructed-self-constructing-unsafe;0;0.2;0.1249592;0.1249592;0.9953605871423744;96.41080148401299;2.952594334374686;0.18825499146081592;0.0171051025390625
slippy-drone;greedy-iter-4000;constructed-self-constructing-unsafe;0;0.2;0.1711219552201674;0.1711219552201674;0.5426011235556003;19.61430658290658;34.26436681565063;16.187999548295128;5.563535213470459
test-corridor;greedy-iter-100;constructed-self-constructing-unsafe;0;0.2;0.1249592;0.1249592;0.9953734101723745;96.412569902503;2.9520975395846847;0.18772690921081592;0.01678013801574707
dpm;greedy-iter-1000;constructed-self-constructing-unsafe;0;0.2;0.0729198748733941;0.07292044043753661;0.21135163602388768;4.999112139788138;44.60853067301472;5.449153958210093;6.059796094894409
test-corridor;greedy-iter-100;constructed-self-constructing-unsafe;0;0.2;0.1249592;0.1249592;0.9953994869923743;96.41617651810299;2.9510880317846837;0.18666539617081582;0.016889333724975586
slippy-drone;greedy-iter-4000;constructed-self-constructing-unsafe;0;0.2;0.17186636299689395;0.17186636299689395;0.546444564144579;20.10455546465994;34.15493624204986;16.03017044221235;5.685899496078491
test-corridor;greedy-iter-100;constructed-self-constructing-unsafe;0;0.2;0.1249592;0.1249592;0.9954120597623743;96.41791364699299;2.9506020611946857;0.1861478974408158;0.01788473129272461
dpm;greedy-iter-1000;constructed-self-constructing-unsafe;0;0.2;0.0733353070999105;0.07333589248987306;0.21130387796031153;5.0218140041070995;44.609096178655875;5.42586777390844;6.473134517669678
test-corridor;greedy-iter-100;constructed-self-constructing-unsafe;0;0.2;0.12496120000000001;0.12496120000000001;0.9954791405623744;96.427389826393;2.9478245137946826;0.1832550844408158;0.018009424209594727
slippy-drone;greedy-iter-4000;constructed-self-constructing-unsafe;0;0.2;0.1725688340809789;0.1725688340809789;0.5492815714386324;20.46583300631118;34.076005737902996;15.917170510256431;5.861002445220947
collect;greedy-iter-500;constructed-self-constructing-unsafe;0;0.2;0.19999581031799318;0.19999581031799318;0.7279817173839926;31.205219760384942;41.30147163644628;11.278102162958046;187.16278100013733
test-corridor;greedy-iter-100;constructed-self-constructing-unsafe;0;0.2;0.12496120000000001;0.12496120000000001;0.9954913896553744;96.429069030331;2.947358321226681;0.1827454800868159;0.017481327056884766
dpm;greedy-iter-1000;constructed-self-constructing-unsafe;0;0.2;0.07370615081769012;0.07370676039516609;0.2112627898772348;5.041136594259148;44.609558388800174;5.405151815197398;6.945416688919067
test-corridor;greedy-iter-100;constructed-self-constructing-unsafe;0;0.2;0.12496120000000001;0.12496120000000001;0.9954960829306044;96.42971761363685;2.9471773919825255;0.1825541754147958;0.0185544490814209
slippy-drone;greedy-iter-4000;constructed-self-constructing-unsafe;0;0.2;0.17337671214085326;0.17337671214085326;0.5547374850260788;21.160290684376875;33.92561279444506;15.716491653786935;6.113094091415405
test-corridor;greedy-iter-100;constructed-self-constructing-unsafe;0;0.2;0.1249712;0.1249712;0.9956062834362174;96.4453097344244;2.942573269782244;0.17773640689134998;0.018232345581054688
test-corridor;greedy-iter-100;constructed-self-constructing-unsafe;0;0.2;0.1249712;0.1249712;0.9956203740785173;96.4472461880869;2.9420261798367466;0.17714177868724987;0.01821303367614746
dpm;greedy-iter-1000;constructed-self-constructing-unsafe;0;0.2;0.07402443275713924;0.07402506314801943;0.21122727406593825;5.057670689161251;44.609961632087106;5.387363837744989;7.105749845504761
slippy-drone;greedy-iter-4000;constructed-self-constructing-unsafe;0;0.2;0.17419976215687966;0.17419976215687966;0.5577820297937289;21.54532041339963;33.84345025024847;15.59374352803222;6.296632289886475
test-corridor;greedy-iter-100;constructed-self-constructing-unsafe;0;0.2;0.1249712;0.1249712;0.9956431873085174;96.45039546986689;2.9411436797567467;0.17620826474724988;0.01828479766845703
test-corridor;greedy-iter-100;constructed-self-constructing-unsafe;0;0.2;0.1249712;0.1249712;0.9956566260785173;96.45226513268689;2.9406080152367466;0.1756312800872499;0.019321441650390625
dpm;greedy-iter-1000;constructed-self-constructing-unsafe;0;0.2;0.07440330527033456;0.07440395769120794;0.2111849209922783;5.077914948430125;44.61044332226236;5.3661848264746075;7.436291694641113
slippy-drone;greedy-iter-4000;constructed-self-constructing-unsafe;0;0.2;0.175355570802975;0.175355570802975;0.5628896142025737;22.192298876759395;33.70354621744851;15.394584816284587;6.3864500522613525
test-corridor;greedy-iter-100;constructed-self-constructing-unsafe;0;0.2;0.1249722;0.1249722;0.9957196214587174;96.4609649664375;2.938095707044149;0.17289681915824986;0.021028518676757812
test-corridor;greedy-iter-100;constructed-self-constructing-unsafe;0;0.2;0.1249722;0.1249722;0.9957201681587173;96.4610413623375;2.93807390414415;0.1728740768582499;0.02010798454284668
dpm;greedy-iter-1000;constructed-self-constructing-unsafe;0;0.2;0.074772671239454;0.07477334511893084;0.21114366913886579;5.0977434161536905;44.61091351775548;5.345537699036631;7.782033681869507
test-corridor;greedy-iter-100;constructed-self-constructing-unsafe;0;0.2;0.1249722;0.1249722;0.9957315736587173;96.4626052407375;2.937641870744149;0.17240734245824996;0.019036293029785156
slippy-drone;greedy-iter-4000;constructed-self-constructing-unsafe;0;0.2;0.1759237885848722;0.1759237885848722;0.5657852729586756;22.560352946850493;33.62336875882312;15.282873876385946;6.521084785461426
test-corridor;greedy-iter-100;constructed-self-constructing-unsafe;0;0.2;0.1249732;0.1249732;0.9958548523318174;96.4798181007147;2.9327333036159478;0.16728046690584983;0.019616365432739258
dpm;greedy-iter-1000;constructed-self-constructing-unsafe;0;0.2;0.07506637238180872;0.07506707074761167;0.21111093586558444;5.1142511116050215;44.611289905732576;5.329127313345721;8.131625890731812
test-corridor;greedy-iter-100;constructed-self-constructing-unsafe;0;0.2;0.1249732;0.1249732;0.9958652070781073;96.48123414542387;2.932340715965879;0.16685368490299987;0.02177119255065918
slippy-drone;greedy-iter-4000;constructed-self-constructing-unsafe;0;0.2;0.17689618689986314;0.17689618689986314;0.569998657284313;23.096558606087406;33.50609720418841;15.116141148558834;6.66318941116333
test-corridor;greedy-iter-100;constructed-self-constructing-unsafe;0;0.2;0.12497430000000001;0.12497430000000001;0.9958833975369374;96.48376077995314;2.931624975142307;0.16609392751636987;0.019462108612060547
dpm;greedy-iter-1000;constructed-self-constructing-unsafe;0;0.2;0.07540683082167907;0.07540755143660702;0.21107317311560864;5.133336974889312;44.61171627125171;5.310111748279867;8.690413475036621
test-corridor;greedy-iter-100;constructed-self-constructing-unsafe;0;0.2;0.12497540000000001;0.12497540000000001;0.9959115995699375;96.48764990312415;2.9305293410413094;0.16489792380936977;0.03490161895751953
slippy-drone;greedy-iter-4000;constructed-self-constructing-unsafe;0;0.2;0.17762755963956361;0.17762755963956361;0.5741020607029496;23.616899894302293;33.39394234587559;14.962395375723142;6.8492467403411865
test-corridor;greedy-iter-100;constructed-self-constructing-unsafe;0;0.2;0.12497540000000001;0.12497540000000001;0.9959278116269374;96.48987906305814;2.9299022531373096;0.16420451713136971;0.02110123634338379
test-corridor;greedy-iter-100;constructed-self-constructing-unsafe;0;0.2;0.12497640000000002;0.12497640000000002;0.9959516132959374;96.49315087541413;2.9289860482913093;0.16319900772736962;0.020270586013793945
dpm;greedy-iter-1000;constructed-self-constructing-unsafe;0;0.2;0.07568535425716291;0.07568609996625097;0.21104347429568673;5.148509767611084;44.6120381006526;5.294613339036743;9.254208326339722
slippy-drone;greedy-iter-4000;constructed-self-constructing-unsafe;0;0.2;0.17798547512994806;0.17798547512994806;0.576449286761456;23.91334850146579;33.33059833373983;14.875172603598944;7.535153150558472
test-corridor;greedy-iter-100;constructed-self-constructing-unsafe;0;0.2;0.12497740000000002;0.12497740000000002;0.9959666228829374;96.49523970360214;2.9283850708333072;0.16255484503536968;0.023255586624145508
test-corridor;greedy-iter-100;constructed-self-constructing-unsafe;0;0.2;0.12497740000000002;0.12497740000000002;0.9960331806528373;96.50448327048792;2.9257560940685083;0.15975233246876966;0.02123403549194336
dpm;greedy-iter-1000;constructed-self-constructing-unsafe;0;0.2;0.07602121400881852;0.07602198184774782;0.21100647249538856;5.167588351852307;44.6124514266789;5.275861453169158;9.547918558120728
slippy-drone;greedy-iter-4000;constructed-self-constructing-unsafe;0;0.2;0.17865322952514667;0.17865322952514667;0.579008812650544;24.23964799629094;33.25906185933749;14.771573581209768;7.284881830215454
test-corridor;greedy-iter-100;constructed-self-constructing-unsafe;0;0.2;0.12497740000000002;0.12497740000000002;0.9960433813972673;96.50589100570376;2.9253589387823777;0.15931925692037965;0.0208132266998291
test-corridor;greedy-iter-100;constructed-self-constructing-unsafe;0;0.2;0.12497740000000002;0.12497740000000002;0.9960457923442674;96.50622287055177;2.9252678290643788;0.15922400444837967;0.0214993953704834
test-corridor;greedy-iter-100;constructed-self-constructing-unsafe;0;0.2;0.12497740000000002;0.12497740000000002;0.9961019190393673;96.51406110247426;2.923033858370878;0.15689244232667965;0.021059513092041016
dpm;greedy-iter-1000;constructed-self-constructing-unsafe;0;0.2;0.07630144259950647;0.07630223165141406;0.21097624517660982;5.1831685709777275;44.6127827889582;5.260251649020139;9.704116821289062
slippy-drone;greedy-iter-4000;constructed-self-constructing-unsafe;0;0.2;0.1790600638913922;0.1790600638913922;0.5831450591118614;24.768293735252094;33.14320336643019;14.623536606040345;7.221726894378662
test-corridor;greedy-iter-100;constructed-self-constructing-unsafe;0;0.2;0.12497740000000002;0.12497740000000002;0.9961573154393674;96.52183152450426;2.920793992340878;0.15455605149667964;0.021472454071044922
test-corridor;greedy-iter-100;constructed-self-constructing-unsafe;0;0.2;0.12497740000000002;0.12497740000000002;0.9961810398393673;96.52510216600426;2.9198800268408776;0.15357296519667962;0.021432161331176758
dpm;greedy-iter-1000;constructed-self-constructing-unsafe;0;0.2;0.07660503018706036;0.07660584311382729;0.21094318300667927;5.199127603578653;44.613150049206325;5.243330951457091;9.754956007003784
slippy-drone;greedy-iter-4000;constructed-self-constructing-unsafe;0;0.2;0.17970225070102716;0.17970225070102716;0.5867746260623545;25.230191749114205;33.04327698447384;14.489318519255303;7.427676677703857
test-corridor;greedy-iter-100;constructed-self-constructing-unsafe;0;0.2;0.12497740000000002;0.12497740000000002;0.9961931720293673;96.52678906114426;2.919399051800879;0.15305838357667959;0.02153491973876953
test-corridor;greedy-iter-100;constructed-self-constructing-unsafe;0;0.2;0.12497740000000002;0.12497740000000002;0.9962044566423673;96.52834427900227;2.9189620012128783;0.1525820738226797;0.02316570281982422
test-corridor;greedy-iter-100;constructed-self-constructing-unsafe;0;0.2;0.12497740000000002;0.12497740000000002;0.9962085102723675;96.52889573452227;2.9188086433928815;0.15241476934267964;0.022581100463867188
slippy-drone;greedy-iter-4000;constructed-self-constructing-unsafe;0;0.2;0.18005642778853634;0.18005642778853634;0.5884821445695939;25.44728718787448;32.99619707288841;14.4241040281888;7.618926763534546
dpm;greedy-iter-1000;constructed-self-constructing-unsafe;0;0.2;0.07690080075957084;0.07690163072907172;0.21091000336919666;5.215288471016477;44.613532845097815;5.226790700599473;10.354742527008057
test-corridor;greedy-iter-100;constructed-self-constructing-unsafe;0;0.2;0.12497750000000002;0.12497750000000002;0.9962156866453673;96.52988798142125;2.9185330141638817;0.15212678862767964;0.02205371856689453
test-corridor;greedy-iter-100;constructed-self-constructing-unsafe;0;0.2;0.12497750000000002;0.12497750000000002;0.9962221879753673;96.53077502583126;2.9182844504538794;0.15184353685767965;0.021657466888427734
slippy-drone;greedy-iter-4000;constructed-self-constructing-unsafe;0;0.2;0.1806690289378348;0.1806690289378348;0.5925787285714507;25.96781740307847;32.883598216301515;14.272590811064546;7.854019403457642
dpm;greedy-iter-1000;constructed-self-constructing-unsafe;0;0.2;0.07719494650749613;0.07719579899553994;0.21087773233661009;5.231067217097172;44.613894197949506;5.210375488690849;11.11920166015625
test-corridor;greedy-iter-100;constructed-self-constructing-unsafe;0;0.2;0.12497750000000002;0.12497750000000002;0.9962301399753674;96.53188696183126;2.9179665944538806;0.15151201685767968;0.023818492889404297
test-corridor;greedy-iter-100;constructed-self-constructing-unsafe;0;0.2;0.12497750000000002;0.12497750000000002;0.9962360050030674;96.53270432213867;2.91773428972948;0.15126821645187963;0.023172616958618164
slippy-drone;greedy-iter-4000;constructed-self-constructing-unsafe;0;0.2;0.18113781098264353;0.18113781098264353;0.595743434086137;26.36884550304002;32.79696366098099;14.153717339225718;8.232024431228638
test-corridor;greedy-iter-100;constructed-self-constructing-unsafe;0;0.2;0.12497750000000002;0.12497750000000002;0.9962409750030674;96.53339431213868;2.917540599729479;0.1510659864518797;0.022734403610229492
dpm;greedy-iter-1000;constructed-self-constructing-unsafe;0;0.2;0.07742008263956854;0.07742095488541485;0.21085371234119332;5.242918795929341;44.614154836708494;5.1978488060599615;11.118355512619019
test-corridor;greedy-iter-100;constructed-self-constructing-unsafe;0;0.2;0.12497850000000002;0.12497850000000002;0.9962480750030674;96.53440131213867;2.917242599729476;0.15075578645187973;0.02282094955444336
test-corridor;greedy-iter-100;constructed-self-constructing-unsafe;0;0.2;0.12497850000000002;0.12497850000000002;0.9962562948860674;96.53553742912766;2.9169273133104805;0.15042637572687978;0.022083759307861328
slippy-drone;greedy-iter-4000;constructed-self-constructing-unsafe;0;0.2;0.18144068971916455;0.18144068971916455;0.5971163312482651;26.54267718821017;32.75921694450768;14.098843763725574;8.615973949432373
test-corridor;greedy-iter-100;constructed-self-constructing-unsafe;0;0.2;0.12497850000000002;0.12497850000000002;0.9962879189960674;96.53995820716767;2.9156644921704817;0.14910921456687976;0.022945404052734375
dpm;greedy-iter-1000;constructed-self-constructing-unsafe;0;0.2;0.07767907962382234;0.07767997448416913;0.21082624187601717;5.2560478918263716;44.61444884658508;5.183444306148548;11.93752408027649
test-corridor;greedy-iter-100;constructed-self-constructing-unsafe;0;0.2;0.12497950000000002;0.12497950000000002;0.9963077669360674;96.54272071650766;2.9148759954304833;0.1482782847468797;0.023723125457763672
slippy-drone;greedy-iter-4000;constructed-self-constructing-unsafe;0;0.2;0.181852086127584;0.181852086127584;0.5994166748472699;26.832741557775755;32.697406780627695;14.012860394353208;8.715482473373413
test-corridor;greedy-iter-100;constructed-self-constructing-unsafe;0;0.2;0.12498050000000001;0.12498050000000001;0.9963289417521674;96.54565568671177;2.914045243045384;0.1473893187115797;0.022933006286621094
dpm;greedy-iter-1000;constructed-self-constructing-unsafe;0;0.2;0.07792002374155238;0.07792093947257092;0.2107993253168064;5.269618234403167;44.614759966604275;5.169977635919175;12.627283811569214
test-corridor;greedy-iter-100;constructed-self-constructing-unsafe;0;0.2;0.12498050000000001;0.12498050000000001;0.9963753915000975;96.55206382985719;2.9121958616236703;0.14536394691370963;0.023223400115966797
slippy-drone;greedy-iter-4000;constructed-self-constructing-unsafe;0;0.2;0.18202662382282103;0.18202662382282103;0.6001779763618806;26.92875855129698;32.67682319256739;13.981428524848486;8.972102642059326
test-corridor;greedy-iter-100;constructed-self-constructing-unsafe;0;0.2;0.12498050000000001;0.12498050000000001;0.9963886600004964;96.55390645690052;2.9116780986245376;0.14482326161116077;0.023389816284179688
test-corridor;greedy-iter-100;constructed-self-constructing-unsafe;0;0.2;0.12498050000000001;0.12498050000000001;0.9963995264482064;96.55538065635783;2.9112647993681287;0.14435437859953074;0.02469015121459961
dpm;greedy-iter-1000;constructed-self-constructing-unsafe;0;0.2;0.07818181850312324;0.07818275504483424;0.21076990118377625;5.284340717435119;44.61510314614802;5.155335485431641;12.897071838378906
test-corridor;greedy-iter-100;constructed-self-constructing-unsafe;0;0.2;0.12498050000000001;0.12498050000000001;0.9964268116674064;96.55914279511403;2.9102106489799295;0.14322514687693075;0.023782730102539062
slippy-drone;greedy-iter-4000;constructed-self-constructing-unsafe;0;0.2;0.1823189112548155;0.1823189112548155;0.6025216777753075;27.227550030809027;32.61177254218523;13.896695689938719;9.020411968231201
test-corridor;greedy-iter-100;constructed-self-constructing-unsafe;0;0.2;0.12498060000000001;0.12498060000000001;0.9964329389674064;96.55999158691402;2.9099737241799284;0.14297769347693062;0.02372264862060547
test-corridor;greedy-iter-100;constructed-self-constructing-unsafe;0;0.2;0.12498060000000001;0.12498060000000001;0.9964484508344064;96.56215260300203;2.9093617100219316;0.14233902512493057;0.023594141006469727
test-corridor;greedy-iter-100;constructed-self-constructing-unsafe;0;0.2;0.12498060000000001;0.12498060000000001;0.9964566849344063;96.56328579660203;2.909044555421929;0.1419935443249307;0.02423882484436035
collect;greedy-iter-500;constructed-self-constructing-unsafe;0;0.2;0.19999581031799318;0.19999581031799318;0.7299768587156246;31.422529014752257;41.281639015242696;11.200542182590132;184.447998046875
dpm;greedy-iter-1000;constructed-self-constructing-unsafe;0;0.2;0.07843679601657819;0.07843775759511407;0.21074305333638893;5.297841387995788;44.61538941258121;5.141166126789752;13.162009000778198
slippy-drone;greedy-iter-4000;constructed-self-constructing-unsafe;0;0.2;0.1827096396838587;0.1827096396838587;0.6050088722787921;27.543272496820208;32.54416532421467;13.807138505399363;9.190011739730835
test-corridor;greedy-iter-100;constructed-self-constructing-unsafe;0;0.2;0.12498060000000001;0.12498060000000001;0.9964654818344064;96.56451100520204;2.9086977978219313;0.14163167092493073;0.024347782135009766
test-corridor;greedy-iter-100;constructed-self-constructing-unsafe;0;0.2;0.12498060000000001;0.12498060000000001;0.9965099741344063;96.57070621830202;2.906927801721931;0.13974471622493065;0.024342775344848633
test-corridor;greedy-iter-100;constructed-self-constructing-unsafe;0;0.2;0.12498060000000001;0.12498060000000001;0.9965150775171063;96.57142354783913;2.9067192132178286;0.13952535342943068;0.024457216262817383
slippy-drone;greedy-iter-4000;constructed-self-constructing-unsafe;0;0.2;0.1829053385778791;0.1829053385778791;0.6060928845610888;27.68071243938052;32.51461812682102;13.765943752560448;9.23004674911499
dpm;greedy-iter-1000;constructed-self-constructing-unsafe;0;0.2;0.07871001703094105;0.07871099840418982;0.21071356238213795;5.31317800329775;44.61571143560208;5.125948848007992;13.397566080093384
test-corridor;greedy-iter-100;constructed-self-constructing-unsafe;0;0.2;0.12498060000000001;0.12498060000000001;0.9965315862119365;96.57370220547926;2.9060750207234105;0.13882065761995063;0.025851011276245117
test-corridor;greedy-iter-100;constructed-self-constructing-unsafe;0;0.2;0.1249817;0.1249817;0.9965550570858364;96.57697793441885;2.9051427690648075;0.13784738103155064;0.02480006217956543
slippy-drone;greedy-iter-4000;constructed-self-constructing-unsafe;0;0.2;0.18311301363296148;0.18311301363296148;0.6072315858127281;27.824889010236568;32.483110792072;13.722333874638561;9.33704686164856
test-corridor;greedy-iter-100;constructed-self-constructing-unsafe;0;0.2;0.1249828;0.1249828;0.9965836606464857;96.58095409634377;2.904015052133138;0.13665252242614626;0.025640487670898438
dpm;greedy-iter-1000;constructed-self-constructing-unsafe;0;0.2;0.07890986238542416;0.07891086561105848;0.21069214481851867;5.323761602744334;44.61594779587308;5.1148226037671884;13.941270589828491
test-corridor;greedy-iter-100;constructed-self-constructing-unsafe;0;0.2;0.1249828;0.1249828;0.9965958185464856;96.58261214774376;2.903552641733138;0.13613569422614635;0.026583433151245117
test-corridor;greedy-iter-100;constructed-self-constructing-unsafe;0;0.2;0.1249828;0.1249828;0.9966085699564856;96.58440882780376;2.9030286855731404;0.13558840944614634;0.027982234954833984
slippy-drone;greedy-iter-4000;constructed-self-constructing-unsafe;0;0.2;0.18346791749249042;0.18346791749249042;0.6081501201758108;27.940894847633622;32.45804236483392;13.681584181152058;9.574512004852295
test-corridor;greedy-iter-100;constructed-self-constructing-unsafe;0;0.2;0.1249828;0.1249828;0.9966293058334856;96.58728701090877;2.9022202822981367;0.13474345015714634;0.026219606399536133
dpm;greedy-iter-1000;constructed-self-constructing-unsafe;0;0.2;0.07914525852958895;0.07914628227560727;0.21066721023790952;5.335707951839428;44.61621509930243;5.1017346191984885;14.16545844078064
test-corridor;greedy-iter-100;constructed-self-constructing-unsafe;0;0.2;0.1249828;0.1249828;0.9966393015334857;96.58866429640877;2.9018312997981393;0.13432701025714633;0.02911376953125
slippy-drone;greedy-iter-4000;constructed-self-constructing-unsafe;0;0.2;0.18365014926283002;0.18365014926283002;0.610339079995467;28.21989082734526;32.397231622320334;13.602652956386931;9.482433557510376
test-corridor;greedy-iter-100;constructed-self-constructing-unsafe;0;0.2;0.1249828;0.1249828;0.9966393015334857;96.58866429640877;2.9018312997981393;0.13432701025714633;0.02597808837890625
test-corridor;greedy-iter-100;constructed-self-constructing-unsafe;0;0.2;0.1249828;0.1249828;0.9966418318024857;96.58901181146477;2.901735896252138;0.13422667595314636;0.025968074798583984
dpm;greedy-iter-1000;constructed-self-constructing-unsafe;0;0.2;0.07938624073159142;0.07938728569473572;0.2106411702291703;5.34854239241055;44.616501622270825;5.088306132537129;14.712309837341309
test-corridor;greedy-iter-100;constructed-self-constructing-unsafe;0;0.2;0.1249828;0.1249828;0.9966455543324856;96.58953184944475;2.90158758697214;0.13407197021314635;0.026004791259765625
slippy-drone;greedy-iter-4000;constructed-self-constructing-unsafe;0;0.2;0.18398213433979096;0.18398213433979096;0.6123920239563359;28.479115229191372;32.34220245695086;13.527318049120625;9.680751085281372
test-corridor;greedy-iter-100;constructed-self-constructing-unsafe;0;0.2;0.1249828;0.1249828;0.996657189284735;96.59113461900753;2.901129992839613;0.13356731535549138;0.029402971267700195
test-corridor;greedy-iter-100;constructed-self-constructing-unsafe;0;0.2;0.1249828;0.1249828;0.9966622402847349;96.59183481500753;2.900933386839616;0.13336020735549126;0.027292728424072266
dpm;greedy-iter-1000;constructed-self-constructing-unsafe;0;0.2;0.07957229379986695;0.07957336133645368;0.21062222314631301;5.358373723644039;44.61669631497674;5.0780015142240265;15.931427955627441
test-corridor;greedy-iter-100;constructed-self-constructing-unsafe;0;0.2;0.1249828;0.1249828;0.996690594599745;96.59576765861026;2.899825769904788;0.13219739145684123;0.028140783309936523
slippy-drone;greedy-iter-4000;constructed-self-constructing-unsafe;0;0.2;0.18427708217336278;0.18427708217336278;0.6137035210585742;28.644182401780746;32.30731201979383;13.476784203633867;10.933428764343262
test-corridor;greedy-iter-100;constructed-self-constructing-unsafe;0;0.2;0.1249828;0.1249828;0.996691087960935;96.59583422083942;2.8998080215057294;0.1321777617732012;0.028022050857543945
test-corridor;greedy-iter-100;constructed-self-constructing-unsafe;0;0.2;0.1249828;0.1249828;0.996698735103935;96.59688927341843;2.899510394896728;0.13186051753820122;0.027287006378173828
dpm;greedy-iter-1000;constructed-self-constructing-unsafe;0;0.2;0.07974831778880209;0.07974940477271528;0.21060365282003893;5.367722255233039;44.6168965982786;5.0682179136585335;15.384998321533203
slippy-drone;greedy-iter-4000;constructed-self-constructing-unsafe;0;0.2;0.184440166554611;0.184440166554611;0.6152008978793445;28.83453753417586;32.26585518171254;13.422777527524394;9.995283842086792
test-corridor;greedy-iter-100;constructed-self-constructing-unsafe;0;0.2;0.1249828;0.1249828;0.9966990418492008;96.59693042531968;2.8994993680361945;0.13184780798484586;0.027573585510253906
test-corridor;greedy-iter-100;constructed-self-constructing-unsafe;0;0.2;0.1249828;0.1249828;0.9967071328605979;96.59806549694783;2.899172257968707;0.13150679505270482;0.02784252166748047
test-corridor;greedy-iter-100;constructed-self-constructing-unsafe;0;0.2;0.1249828;0.1249828;0.9967101108845978;96.59847780480182;2.899057333074706;0.13138675299070482;0.028026819229125977
slippy-drone;greedy-iter-4000;constructed-self-constructing-unsafe;0;0.2;0.18456897168670416;0.18456897168670416;0.6163830389302856;28.983961621438368;32.23392430290886;13.380121796177438;10.125653505325317
dpm;greedy-iter-1000;constructed-self-constructing-unsafe;0;0.2;0.07991982491566603;0.07992093099827338;0.21058568802571354;5.376853019481431;44.61708825762892;5.058693302664312;15.625286340713501
test-corridor;greedy-iter-100;constructed-self-constructing-unsafe;0;0.2;0.1249828;0.1249828;0.9967196956345978;96.59979319496182;2.898691545414706;0.13099588083070476;0.027304887771606445
test-corridor;greedy-iter-100;constructed-self-constructing-unsafe;0;0.2;0.1249828;0.1249828;0.9967311817245978;96.60137572990182;2.898250411574707;0.1305222506107048;0.02831554412841797
test-corridor;greedy-iter-100;constructed-self-constructing-unsafe;0;0.2;0.1249828;0.1249828;0.9967359569113078;96.60203007574252;2.8980707627449056;0.1303294911276847;0.027971744537353516
slippy-drone;greedy-iter-4000;constructed-self-constructing-unsafe;0;0.2;0.1847200949666184;0.1847200949666184;0.6173732301563783;29.109595883163863;32.2066076219156;13.343493125427862;10.336742162704468
test-corridor;greedy-iter-100;constructed-self-constructing-unsafe;0;0.2;0.1249828;0.1249828;0.9967488408803848;96.60380765069053;2.8975741372674437;0.12980484843416776;0.028510570526123047
dpm;greedy-iter-1000;constructed-self-constructing-unsafe;0;0.2;0.08011228516715976;0.08011341106537095;0.21056533790383972;5.387431680687222;44.61730846783988;5.047996149936893;16.067933320999146
test-corridor;greedy-iter-100;constructed-self-constructing-unsafe;0;0.2;0.1249828;0.1249828;0.9967731639913948;96.60715354381236;2.8966321956535266;0.12877519978442775;0.029299020767211914
slippy-drone;greedy-iter-4000;constructed-self-constructing-unsafe;0;0.2;0.18483855244532646;0.18483855244532646;0.6178906103475732;29.174564402769377;32.19295614278918;13.323206169001015;10.52885103225708
test-corridor;greedy-iter-100;constructed-self-constructing-unsafe;0;0.2;0.1249828;0.1249828;0.9967814638913949;96.60830895821235;2.8963056022535243;0.1284343445844277;0.02904677391052246
test-corridor;greedy-iter-100;constructed-self-constructing-unsafe;0;0.2;0.1249828;0.1249828;0.9967857260043949;96.60890186765735;2.896137585078522;0.1282582542434276;0.03197479248046875
dpm;greedy-iter-1000;constructed-self-constructing-unsafe;0;0.2;0.0803133953387056;0.08031454321662429;0.210544391586462;5.398233533569597;44.61752953356731;5.036834847930466;16.29743528366089
test-corridor;greedy-iter-100;constructed-self-constructing-unsafe;0;0.2;0.1249828;0.1249828;0.9967986628043949;96.61068693645736;2.895636388278523;0.12771659984342762;0.028634071350097656
slippy-drone;greedy-iter-4000;constructed-self-constructing-unsafe;0;0.2;0.18497877369810958;0.18497877369810958;0.6186042906831072;29.264591697191264;32.17311292528275;13.294936721592382;10.94295859336853
test-corridor;greedy-iter-100;constructed-self-constructing-unsafe;0;0.2;0.1249828;0.1249828;0.9968029556943949;96.61127506413736;2.895470733698524;0.12752939128342758;0.029979705810546875
test-corridor;greedy-iter-100;constructed-self-constructing-unsafe;0;0.2;0.1249828;0.1249828;0.9968078809643949;96.61195351638736;2.895284114748528;0.12733430919342761;0.030443191528320312
dpm;greedy-iter-1000;constructed-self-constructing-unsafe;0;0.2;0.08052707531351237;0.08052824707551799;0.2105214897000168;5.409931221907954;44.61778249045306;5.024648560025981;17.712330102920532
test-corridor;greedy-iter-100;constructed-self-constructing-unsafe;0;0.2;0.1249828;0.1249828;0.9968147892643948;96.61290812948735;2.8950193586485247;0.1270576824934276;0.029790878295898438
slippy-drone;greedy-iter-4000;constructed-self-constructing-unsafe;0;0.2;0.18512501685852875;0.18512501685852875;0.6194010815701525;29.366047960897603;32.15096008292423;13.264454694273063;10.982364177703857
test-corridor;greedy-iter-100;constructed-self-constructing-unsafe;0;0.2;0.1249828;0.1249828;0.9968197592643948;96.61359811948735;2.8948256686485263;0.12685545249342767;0.029785871505737305
test-corridor;greedy-iter-100;constructed-self-constructing-unsafe;0;0.2;0.1249828;0.1249828;0.9968339805643949;96.61556291238736;2.8942740727485243;0.12627130199342756;0.028773784637451172
test-corridor;greedy-iter-100;constructed-self-constructing-unsafe;0;0.2;0.1249828;0.1249828;0.996839005234395;96.61626429929736;2.894074445138525;0.1260630404434276;0.02947711944580078
slippy-drone;greedy-iter-4000;constructed-self-constructing-unsafe;0;0.2;0.18537881413604282;0.18537881413604282;0.6206599761388701;29.524857954718136;32.11732986063297;13.216948342051433;11.277186393737793
dpm;greedy-iter-1000;constructed-self-constructing-unsafe;0;0.2;0.0806883167883983;0.08068950926513879;0.21050465461344384;5.418730905722038;44.61796395545157;5.015406269047272;17.278614044189453
test-corridor;greedy-iter-100;constructed-self-constructing-unsafe;0;0.2;0.1249828;0.1249828;0.9968457575743949;96.61719158488735;2.8938147481485257;0.12577713657342762;0.030550479888916016
test-corridor;greedy-iter-100;constructed-self-constructing-unsafe;0;0.2;0.1249828;0.1249828;0.9968506981743949;96.61787555138736;2.893623455648527;0.12557663487342757;0.029644489288330078
slippy-drone;greedy-iter-4000;constructed-self-constructing-unsafe;0;0.2;0.1855364781279876;0.1855364781279876;0.6217681673302364;29.665193325500937;32.08734873593135;13.176284117315962;11.242976188659668
test-corridor;greedy-iter-100;constructed-self-constructing-unsafe;0;0.2;0.1249828;0.1249828;0.9968560160743949;96.61861264788736;2.8934174001485284;0.1253614415734276;0.030386924743652344
test-corridor;greedy-iter-100;constructed-self-constructing-unsafe;0;0.2;0.1249828;0.1249828;0.996856673605395;96.61870224277037;2.8933934657555285;0.1253363773384276;0.031440019607543945
dpm;greedy-iter-1000;constructed-self-constructing-unsafe;0;0.2;0.08088281764934988;0.0808840301193018;0.21048441190300302;5.429044034144649;44.6181768928612;5.004614395753205;17.9011492729187
test-corridor;greedy-iter-100;constructed-self-constructing-unsafe;0;0.2;0.12498480000000001;0.12498480000000001;0.9968754445143948;96.62132123675535;2.8926489188805284;0.12455957622542754;0.03076791763305664
slippy-drone;greedy-iter-4000;constructed-self-constructing-unsafe;0;0.2;0.18574651178179175;0.18574651178179175;0.6224343286669439;29.74937402770066;32.069411343399246;13.148364090652642;11.47638726234436
test-corridor;greedy-iter-100;constructed-self-constructing-unsafe;0;0.2;0.12498480000000001;0.12498480000000001;0.9968754445143948;96.62132123675535;2.8926489188805284;0.12455957622542754;0.03047490119934082
collect;greedy-iter-500;constructed-self-constructing-unsafe;0;0.2;0.19999769314487914;0.19999769314487914;0.7321651018683561;31.66019540421778;41.26082223277102;11.121115667001757;188.702862739563
test-corridor;greedy-iter-100;constructed-self-constructing-unsafe;0;0.2;0.12498480000000001;0.12498480000000001;0.996885792114395;96.62276671135537;2.892236648280527;0.1241294224254276;0.029911518096923828
dpm;greedy-iter-1000;constructed-self-constructing-unsafe;0;0.2;0.0811369725015507;0.08113820730523512;0.2104567962849297;5.442709870037337;44.61848287051892;4.99044821382946;18.170381546020508
test-corridor;greedy-iter-100;constructed-self-constructing-unsafe;0;0.2;0.12498480000000001;0.12498480000000001;0.9968994853913948;96.62466484326035;2.8916970422055277;0.1235570335364276;0.02959752082824707
slippy-drone;greedy-iter-4000;constructed-self-constructing-unsafe;0;0.2;0.18592411369101547;0.18592411369101547;0.6229940248917526;29.81950737276233;32.05434354870254;13.124041200132535;12.075563669204712
test-corridor;greedy-iter-100;constructed-self-constructing-unsafe;0;0.2;0.12498480000000001;0.12498480000000001;0.9969104044813949;96.62618304743036;2.8912692091355296;0.12311043808642762;0.030402660369873047
test-corridor;greedy-iter-100;constructed-self-constructing-unsafe;0;0.2;0.12498480000000001;0.12498480000000001;0.9969171547703949;96.62710979293536;2.891002110940531;0.12280829849342759;0.030871868133544922
test-corridor;greedy-iter-100;constructed-self-constructing-unsafe;0;0.2;0.12498480000000001;0.12498480000000001;0.9969210157355443;96.62763500781348;2.8908555604836588;0.12263939089362472;0.030052661895751953
dpm;greedy-iter-1000;constructed-self-constructing-unsafe;0;0.2;0.08134305615888512;0.08134431402456171;0.21043503213491266;5.45421058968469;44.61871685512534;4.978993097423047;18.8885977268219
slippy-drone;greedy-iter-4000;constructed-self-constructing-unsafe;0;0.2;0.1861298728976623;0.1861298728976623;0.6242246208026712;29.97641398617624;32.02002504033319;13.0769923887748;12.243563652038574
test-corridor;greedy-iter-100;constructed-self-constructing-unsafe;0;0.2;0.12498480000000001;0.12498480000000001;0.9969244947355442;96.62811452181347;2.890723456483662;0.12250130889362469;0.03326773643493652
test-corridor;greedy-iter-100;constructed-self-constructing-unsafe;0;0.2;0.12498480000000001;0.12498480000000001;0.9969517750655442;96.63191785547347;2.889644313523659;0.12137528987362468;0.030527830123901367
test-corridor;greedy-iter-100;constructed-self-constructing-unsafe;0;0.2;0.12498480000000001;0.12498480000000001;0.9969517750655442;96.63191785547347;2.889644313523659;0.12137528987362468;0.03263378143310547
slippy-drone;greedy-iter-4000;constructed-self-constructing-unsafe;0;0.2;0.18631649441728335;0.18631649441728335;0.6248953464345721;30.06063971316201;32.002409078589245;13.050350100948735;12.191283702850342
test-corridor;greedy-iter-100;constructed-self-constructing-unsafe;0;0.2;0.12498480000000001;0.12498480000000001;0.9969571480655443;96.63265494647348;2.8894348925236595;0.1211363828736247;0.03384971618652344
dpm;greedy-iter-1000;constructed-self-constructing-unsafe;0;0.2;0.08155159070390021;0.08155286948934484;0.21041296107939197;5.464879537047402;44.61895420474234;4.967398926819732;19.26410222053528
test-corridor;greedy-iter-100;constructed-self-constructing-unsafe;0;0.2;0.12498480000000001;0.12498480000000001;0.9969587285794442;96.63286504951698;2.8893747223611603;0.12106488530132473;0.03191018104553223
test-corridor;greedy-iter-100;constructed-self-constructing-unsafe;0;0.2;0.12498480000000001;0.12498480000000001;0.9969587915794442;96.63287298751698;2.8893724543611583;0.12106109130132467;0.032389163970947266
slippy-drone;greedy-iter-4000;constructed-self-constructing-unsafe;0;0.2;0.1864888110564642;0.1864888110564642;0.6260052580847;30.20116277730552;31.972340315522057;13.00979793841868;12.4853675365448
test-corridor;greedy-iter-100;constructed-self-constructing-unsafe;0;0.2;0.12498480000000001;0.12498480000000001;0.9969597260917441;96.63299868881955;2.8893385810755614;0.12102297761712466;0.031424760818481445
dpm;greedy-iter-1000;constructed-self-constructing-unsafe;0;0.2;0.08172379151259529;0.0817250931409003;0.21039484088251406;5.474388759739364;44.61915113133157;4.957541734377772;19.89947199821472
test-corridor;greedy-iter-100;constructed-self-constructing-unsafe;0;0.2;0.12498480000000001;0.12498480000000001;0.9969681403017442;96.63416774145958;2.8890097643355603;0.1206797026571247;0.03221893310546875
test-corridor;greedy-iter-100;constructed-self-constructing-unsafe;0;0.2;0.12498480000000001;0.12498480000000001;0.9969765440250441;96.63532717961776;2.888689514884361;0.12034501300532463;0.03588414192199707
slippy-drone;greedy-iter-4000;constructed-self-constructing-unsafe;0;0.2;0.18668616964585882;0.18668616964585882;0.6271177154480957;30.341900367132524;31.941848529329018;12.967299196714968;13.465474367141724
test-corridor;greedy-iter-100;constructed-self-constructing-unsafe;0;0.2;0.12498480000000001;0.12498480000000001;0.9969918081280442;96.63743606892979;2.8880969799423615;0.11970820371732467;0.035012245178222656
test-corridor;greedy-iter-100;constructed-self-constructing-unsafe;0;0.2;0.12498490000000001;0.12498490000000001;0.9969933326340442;96.63764354526079;2.888041049351365;0.11964893383432469;0.03280234336853027
dpm;greedy-iter-1000;constructed-self-constructing-unsafe;0;0.2;0.08190494161856549;0.08190626142027321;0.2103752653179285;5.484282934678355;44.61937003017485;4.9474524242861255;21.237181901931763
test-corridor;greedy-iter-100;constructed-self-constructing-unsafe;0;0.2;0.12498490000000001;0.12498490000000001;0.9969970937340442;96.63815950896077;2.8878944546513603;0.11948169893432463;0.03245687484741211
slippy-drone;greedy-iter-4000;constructed-self-constructing-unsafe;0;0.2;0.18680132129029306;0.18680132129029306;0.6278191149581319;30.430865050205412;31.922533020686547;12.94107638643008;12.764665603637695
test-corridor;greedy-iter-100;constructed-self-constructing-unsafe;0;0.2;0.12498490000000001;0.12498490000000001;0.9970075318029442;96.63960557045948;2.8874838284836657;0.1190459397468246;0.03323674201965332
test-corridor;greedy-iter-100;constructed-self-constructing-unsafe;0;0.2;0.12498501100000001;0.12498501100000001;0.9970195371929442;96.64126614269948;2.887022104343664;0.11856358662682466;0.0325474739074707
test-corridor;greedy-iter-100;constructed-self-constructing-unsafe;0;0.2;0.12498501100000001;0.12498501100000001;0.9970251035929442;96.64203893149947;2.8868051715436627;0.11833708902682466;0.032057762145996094
slippy-drone;greedy-iter-4000;constructed-self-constructing-unsafe;0;0.2;0.18692867184004455;0.18692867184004455;0.6284129542826612;30.50556262748865;31.90641467511456;12.917970304515807;12.963862180709839
dpm;greedy-iter-1000;constructed-self-constructing-unsafe;0;0.2;0.08210322874763584;0.08210456860134498;0.2103542087317669;5.494792307624808;44.619599152244824;4.9364249336240915;21.066431283950806
test-corridor;greedy-iter-100;constructed-self-constructing-unsafe;0;0.2;0.12498501100000001;0.12498501100000001;0.9970275388929443;96.64237702659949;2.8867102634436637;0.11823799632682465;0.0332186222076416
test-corridor;greedy-iter-100;constructed-self-constructing-unsafe;0;0.2;0.12498501100000001;0.12498501100000001;0.9970308883929442;96.64283276369947;2.8865834213436665;0.11809949922682458;0.03565168380737305
test-corridor;greedy-iter-100;constructed-self-constructing-unsafe;0;0.2;0.12498501100000001;0.12498501100000001;0.9970308883929442;96.64283276369947;2.8865834213436665;0.11809949922682458;0.03252243995666504
slippy-drone;greedy-iter-4000;constructed-self-constructing-unsafe;0;0.2;0.1871384512745841;0.1871384512745841;0.6296360292627515;30.65995182405478;31.873437419683718;12.872621872436682;13.267939567565918
test-corridor;greedy-iter-100;constructed-self-constructing-unsafe;0;0.2;0.12498501100000001;0.12498501100000001;0.9970395509929442;96.64401807949947;2.886255159543666;0.11774802422682462;0.03286409378051758
dpm;greedy-iter-1000;constructed-self-constructing-unsafe;0;0.2;0.08224555730319001;0.08224691830746234;0.21033994952784904;5.502258110631676;44.61974240848536;4.928551844214937;21.466214895248413
test-corridor;greedy-iter-100;constructed-self-constructing-unsafe;0;0.2;0.12498501100000001;0.12498501100000001;0.9970461610929442;96.64493924519948;2.8859940728436655;0.11747557932682452;0.035819053649902344
test-corridor;greedy-iter-100;constructed-self-constructing-unsafe;0;0.2;0.12498501100000001;0.12498501100000001;0.9970539142929441;96.64601528169946;2.8856922643436658;0.11716044842682447;0.03400444984436035
slippy-drone;greedy-iter-4000;constructed-self-constructing-unsafe;0;0.2;0.18721913108320604;0.18721913108320604;0.6299942467843285;30.704922369125967;31.863599426806456;12.857776293817983;13.721458911895752
test-corridor;greedy-iter-100;constructed-self-constructing-unsafe;0;0.2;0.12498501100000001;0.12498501100000001;0.9970678916498341;96.64794682810555;2.885155925970675;0.11659881665185462;0.03260922431945801
test-corridor;greedy-iter-100;constructed-self-constructing-unsafe;0;0.2;0.12498501100000001;0.12498501100000001;0.9970678916498341;96.64794682810555;2.8851559259706745;0.11659881665185462;0.03525137901306152
dpm;greedy-iter-1000;constructed-self-constructing-unsafe;0;0.2;0.0824230840875538;0.0824244675496776;0.21032160282276427;5.5114932014077915;44.61993477738675;4.918705099647938;21.59126353263855
test-corridor;greedy-iter-100;constructed-self-constructing-unsafe;0;0.2;0.12498501100000001;0.12498501100000001;0.9970760814832642;96.64908670534297;2.8848330879729747;0.11626019049389467;0.0336759090423584
slippy-drone;greedy-iter-4000;constructed-self-constructing-unsafe;0;0.2;0.1873887518237491;0.1873887518237491;0.6310663209481934;30.839953308925104;31.83539126838881;12.819006082417776;13.734875679016113
test-corridor;greedy-iter-100;constructed-self-constructing-unsafe;0;0.2;0.12498601100000001;0.12498601100000001;0.9970975198662643;96.65205089847197;2.884000840413977;0.11537085162889467;0.03490900993347168
test-corridor;greedy-iter-100;constructed-self-constructing-unsafe;0;0.2;0.12498711100000001;0.12498711100000001;0.9971160818917153;96.65464642910663;2.883245348616605;0.1145540983962407;0.034273624420166016
test-corridor;greedy-iter-100;constructed-self-constructing-unsafe;0;0.2;0.12498711100000001;0.12498711100000001;0.9971265562874863;96.65612093385013;2.882816808183193;0.11410755970530674;0.03472113609313965
dpm;greedy-iter-1000;constructed-self-constructing-unsafe;0;0.2;0.08254523370089935;0.08254663875864225;0.21030939636305815;5.518205230909366;44.62005928245803;4.91194775761362;21.984821796417236
slippy-drone;greedy-iter-4000;constructed-self-constructing-unsafe;0;0.2;0.18746347022677412;0.18746347022677412;0.631488186241989;30.893313865428723;31.823870321122417;12.80230896099536;13.69155478477478
test-corridor;greedy-iter-100;constructed-self-constructing-unsafe;0;0.2;0.12498711100000001;0.12498711100000001;0.9971296873874863;96.65655875865014;2.8826916523831887;0.11397702370530673;0.03402113914489746
test-corridor;greedy-iter-100;constructed-self-constructing-unsafe;0;0.2;0.12498711100000001;0.12498711100000001;0.9971350947159793;96.65730320371682;2.8824823963289816;0.1137475653807707;0.03431510925292969
test-corridor;greedy-iter-100;constructed-self-constructing-unsafe;0;0.2;0.12498711100000001;0.12498711100000001;0.9971408052459793;96.65811166269683;2.8822441860489842;0.11349954264077065;0.03602719306945801
test-corridor;greedy-iter-100;constructed-self-constructing-unsafe;0;0.2;0.12498711100000001;0.12498711100000001;0.9971460883559793;96.65884946584681;2.8820339497989775;0.11328022837077077;0.035515546798706055
slippy-drone;greedy-iter-4000;constructed-self-constructing-unsafe;0;0.2;0.18767178147024854;0.18767178147024854;0.6325778490027614;31.03101189525119;31.793889797619318;12.76042240699769;13.93403673171997
dpm;greedy-iter-1000;constructed-self-constructing-unsafe;0;0.2;0.08271822946833461;0.0827196560009581;0.21029156106688213;5.527435160441504;44.620246272429696;4.902350524512092;22.532552480697632
test-corridor;greedy-iter-100;constructed-self-constructing-unsafe;0;0.2;0.12498711100000001;0.12498711100000001;0.9971499340348792;96.65938513042661;2.881881752450181;0.11312083998217078;0.034700870513916016
test-corridor;greedy-iter-100;constructed-self-constructing-unsafe;0;0.2;0.12498711100000001;0.12498711100000001;0.9971620608348792;96.6610615492266;2.8814163056501836;0.11263455558217071;0.036186933517456055
test-corridor;greedy-iter-100;constructed-self-constructing-unsafe;0;0.2;0.12498711100000001;0.12498711100000001;0.9971627867518892;96.66116069127094;2.8813896027537504;0.1126065528679207;0.03449606895446777
slippy-drone;greedy-iter-4000;constructed-self-constructing-unsafe;0;0.2;0.1878334831096199;0.1878334831096199;0.6332884120779384;31.12067937646725;31.774865918136058;12.732804529747;14.412387132644653
test-corridor;greedy-iter-100;constructed-self-constructing-unsafe;0;0.2;0.12498711100000001;0.12498711100000001;0.9971758662518891;96.66295267027094;2.880889928753753;0.1120700098679207;0.03622937202453613
test-corridor;greedy-iter-100;constructed-self-constructing-unsafe;0;0.2;0.12498711100000001;0.12498711100000001;0.9971819993297891;96.66378829870874;2.880656211756953;0.11181279041332068;0.03607368469238281
dpm;greedy-iter-1000;constructed-self-constructing-unsafe;0;0.2;0.0828619001103392;0.08286334803354865;0.21027718062741396;5.535123190166023;44.62039175003695;4.894400682288705;23.043049812316895
collect;greedy-iter-500;constructed-self-constructing-unsafe;0;0.2;0.19999989803989865;0.19999989803989865;0.7333117833134569;31.783467496301732;41.252001588114474;11.080074527597773;190.68714356422424
test-corridor;greedy-iter-100;constructed-self-constructing-unsafe;0;0.2;0.12498711100000001;0.12498711100000001;0.9971904930597891;96.66496386848873;2.88032881867695;0.1114708024733207;0.03571176528930664
slippy-drone;greedy-iter-4000;constructed-self-constructing-unsafe;0;0.2;0.18792861734059868;0.18792861734059868;0.6339028180202778;31.198474719728367;31.758244661475914;12.709830017386906;14.651352167129517
test-corridor;greedy-iter-100;constructed-self-constructing-unsafe;0;0.2;0.12498711100000001;0.12498711100000001;0.9972033320497892;96.66674824738874;2.8798257318769527;0.11094482149332065;0.03579139709472656
test-corridor;greedy-iter-100;constructed-self-constructing-unsafe;0;0.2;0.12498711100000001;0.12498711100000001;0.9972130614684062;96.66808633614889;2.8794579130312283;0.11055732154190272;0.036411285400390625
test-corridor;greedy-iter-100;constructed-self-constructing-unsafe;0;0.2;0.12498711100000001;0.12498711100000001;0.9972134955905072;96.66814493783288;2.879442053088037;0.11053932483313064;0.03709888458251953
dpm;greedy-iter-1000;constructed-self-constructing-unsafe;0;0.2;0.08302498622096202;0.08302645601428843;0.21026023557853346;5.543991404795475;44.62057100476059;4.885352317157568;24.070579528808594
test-corridor;greedy-iter-100;constructed-self-constructing-unsafe;0;0.2;0.12498711100000001;0.12498711100000001;0.9972144231437474;96.66826694521063;2.8794064653366673;0.11048874227055576;0.03633761405944824
slippy-drone;greedy-iter-4000;constructed-self-constructing-unsafe;0;0.2;0.18805366047061609;0.18805366047061609;0.634437857165781;31.265927097178263;31.74399455518205;12.689334751965482;14.868277788162231
test-corridor;greedy-iter-100;constructed-self-constructing-unsafe;0;0.2;0.12498711100000001;0.12498711100000001;0.9972148704437475;96.66832770241062;2.8793903751366643;0.11047188347055578;0.03882145881652832
test-corridor;greedy-iter-100;constructed-self-constructing-unsafe;0;0.2;0.12498711100000001;0.12498711100000001;0.9972149231731374;96.66833451301521;2.8793884614401954;0.11046945703710574;0.036345481872558594
test-corridor;greedy-iter-100;constructed-self-constructing-unsafe;0;0.2;0.12498711100000001;0.12498711100000001;0.9972158231731374;96.6684506130152;2.8793533614401965;0.11041255703710583;0.03722667694091797
slippy-drone;greedy-iter-4000;constructed-self-constructing-unsafe;0;0.2;0.18816259010639633;0.18816259010639633;0.6353607119777935;31.3827986968085;31.718764354806375;12.655063663393495;14.931372880935669
dpm;greedy-iter-1000;constructed-self-constructing-unsafe;0;0.2;0.08315486821145593;0.0831563583288458;0.21024704530891603;5.551007697051114;44.62070828067072;4.878143429476303;24.295613288879395
test-corridor;greedy-iter-100;constructed-self-constructing-unsafe;0;0.2;0.12498711100000001;0.12498711100000001;0.9972201470731373;96.66904573551518;2.879190019940196;0.11024178573710582;0.03972792625427246
test-corridor;greedy-iter-100;constructed-self-constructing-unsafe;0;0.2;0.12498711100000001;0.12498711100000001;0.9972225823731373;96.66938383061519;2.8790951118401966;0.11014269303710576;0.04007530212402344
test-corridor;greedy-iter-100;constructed-self-constructing-unsafe;0;0.2;0.12498711100000001;0.12498711100000001;0.9972231290731374;96.66945967981519;2.8790738556401987;0.11012049743710581;0.03731584548950195
slippy-drone;greedy-iter-4000;constructed-self-constructing-unsafe;0;0.2;0.18831997651688312;0.18831997651688312;0.6360123225004657;31.464668195058692;31.701461877663085;12.62965185563307;15.1295804977417
test-corridor;greedy-iter-100;constructed-self-constructing-unsafe;0;0.2;0.12498711100000001;0.12498711100000001;0.9972266521731373;96.66995518741518;2.8789297270401963;0.10996986163710576;0.038484811782836914
test-corridor;greedy-iter-100;constructed-self-constructing-unsafe;0;0.2;0.12498711100000001;0.12498711100000001;0.9972319546557074;96.67068893580439;2.878724494351297;0.10975326767646584;0.038077592849731445
dpm;greedy-iter-1000;constructed-self-constructing-unsafe;0;0.2;0.0832814938660135;0.08328300499741703;0.2102341109863045;5.5577474096306325;44.62084372049234;4.8711122858273;25.26799702644348
test-corridor;greedy-iter-100;constructed-self-constructing-unsafe;0;0.2;0.12498711100000001;0.12498711100000001;0.9972345874257074;96.6710501103944;2.8786218780612955;0.10963620324646582;0.03734993934631348
slippy-drone;greedy-iter-4000;constructed-self-constructing-unsafe;0;0.2;0.18846045404021988;0.18846045404021988;0.6367892005064928;31.563215204076357;31.68029164672477;12.600256263881986;16.091490983963013
test-corridor;greedy-iter-100;constructed-self-constructing-unsafe;0;0.2;0.12498711100000001;0.12498711100000001;0.9972476645257073;96.6728456909944;2.878122306461298;0.1091038794464658;0.04013562202453613
test-corridor;greedy-iter-100;constructed-self-constructing-unsafe;0;0.2;0.12498711100000001;0.12498711100000001;0.9972568679717075;96.67411979929841;2.877767246497297;0.10873300511046602;0.040279388427734375
test-corridor;greedy-iter-100;constructed-self-constructing-unsafe;0;0.2;0.12498711100000001;0.12498711100000001;0.9972584313797075;96.6743288259274;2.877707570188297;0.10865518894546583;0.038218021392822266
dpm;greedy-iter-1000;constructed-self-constructing-unsafe;0;0.2;0.08342225881951532;0.08342379157593319;0.21021919408727804;5.565358154297655;44.62100700398077;4.86328517537881;27.26957607269287
test-corridor;greedy-iter-100;constructed-self-constructing-unsafe;0;0.2;0.12498711100000001;0.12498711100000001;0.9972619103797074;96.6748118189274;2.877571987188298;0.10851362794546603;0.03784060478210449
slippy-drone;greedy-iter-4000;constructed-self-constructing-unsafe;0;0.2;0.18857339640170512;0.18857339640170512;0.6376171395961847;31.667947671632184;31.65809074499223;12.570587272292562;15.766437292098999
test-corridor;greedy-iter-100;constructed-self-constructing-unsafe;0;0.2;0.12498711100000001;0.12498711100000001;0.9972624094910073;96.67487993322928;2.877552923113396;0.10849199075396593;0.03852367401123047
test-corridor;greedy-iter-100;constructed-self-constructing-unsafe;0;0.2;0.12498711100000001;0.12498711100000001;0.9972655405910074;96.67531462692929;2.877430898413396;0.10836458585396602;0.037488698959350586
test-corridor;greedy-iter-100;constructed-self-constructing-unsafe;0;0.2;0.12498711100000001;0.12498711100000001;0.9972693016910074;96.6758268295293;2.8772880648133974;0.10820111205396604;0.03815460205078125
slippy-drone;greedy-iter-4000;constructed-self-constructing-unsafe;0;0.2;0.18868032852588537;0.18868032852588537;0.6382713829282927;31.750306251769622;31.640303591023407;12.545696823236671;15.974066257476807
test-corridor;greedy-iter-100;constructed-self-constructing-unsafe;0;0.2;0.12498811100000001;0.12498811100000001;0.9972826882440073;96.67768845532129;2.876763208891397;0.10765325388596625;0.03831148147583008
dpm;greedy-iter-1000;constructed-self-constructing-unsafe;0;0.2;0.08356904862215717;0.08357060250482336;0.21020449744616032;5.5730140817455185;44.621155719484854;4.855166160848113;27.189894676208496
test-corridor;greedy-iter-100;constructed-self-constructing-unsafe;0;0.2;0.12498811100000001;0.12498811100000001;0.9972880612440074;96.67842017332129;2.876559160891399;0.10741971988596623;0.03749370574951172
test-corridor;greedy-iter-100;constructed-self-constructing-unsafe;0;0.2;0.12498811100000001;0.12498811100000001;0.9972986117091074;96.6798774545145;2.876155440227201;0.10699787025356629;0.038583993911743164
test-corridor;greedy-iter-100;constructed-self-constructing-unsafe;0;0.2;0.12498811100000001;0.12498811100000001;0.9972986117091074;96.6798774545145;2.876155440227201;0.10699787025356629;0.03728508949279785
slippy-drone;greedy-iter-4000;constructed-self-constructing-unsafe;0;0.2;0.18880772354776743;0.18880772354776743;0.6388538629760507;31.823334894434314;31.62496116056223;12.523210181238962;16.06512451171875
test-corridor;greedy-iter-100;constructed-self-constructing-unsafe;0;0.2;0.12498811100000001;0.12498811100000001;0.9973055036081073;96.68083717904949;2.875883934902198;0.10671452251056636;0.042162179946899414
test-corridor;greedy-iter-100;constructed-self-constructing-unsafe;0;0.2;0.12498811100000001;0.12498811100000001;0.9973058173436062;96.68087964699923;2.875872106925665;0.10670058188241724;0.0383756160736084
dpm;greedy-iter-1000;constructed-self-constructing-unsafe;0;0.2;0.0837415011564621;0.08374307578787168;0.2101869008265379;5.581888400782265;44.62133662270791;4.845609429461593;26.835201025009155
test-corridor;greedy-iter-100;constructed-self-constructing-unsafe;0;0.2;0.12498811100000001;0.12498811100000001;0.9973151578407164;96.68217333426173;2.875511153190076;0.10632357686080737;0.03937482833862305
slippy-drone;greedy-iter-4000;constructed-self-constructing-unsafe;0;0.2;0.18891520391752525;0.18891520391752525;0.6393440695704115;31.884974320412688;31.611465846692106;12.503012308683797;16.60952591896057
test-corridor;greedy-iter-100;constructed-self-constructing-unsafe;0;0.2;0.12498811100000001;0.12498811100000001;0.9973277961182357;96.68391647019718;2.8750202057690757;0.105800631173558;0.0384364128112793
test-corridor;greedy-iter-100;constructed-self-constructing-unsafe;0;0.2;0.12498811100000001;0.12498811100000001;0.9973309839182358;96.68435517699719;2.874899270969077;0.105672942773558;0.03916621208190918
test-corridor;greedy-iter-100;constructed-self-constructing-unsafe;0;0.2;0.12498811100000001;0.12498811100000001;0.9973392540283358;96.68548978405467;2.8745854789905785;0.10533345643685799;0.039019107818603516
dpm;greedy-iter-1000;constructed-self-constructing-unsafe;0;0.2;0.08389450175337432;0.08389610002008663;0.2101712365936216;5.589895427304873;44.62150030409599;4.8371312192854905;27.367849826812744
test-corridor;greedy-iter-100;constructed-self-constructing-unsafe;0;0.2;0.12498811100000001;0.12498811100000001;0.9973466593283358;96.68651786915467;2.8742968808905753;0.10503213373685795;0.03963613510131836
slippy-drone;greedy-iter-4000;constructed-self-constructing-unsafe;0;0.2;0.18910370664490098;0.18910370664490098;0.6402883196156101;32.00415268523388;31.586085149133442;12.46750180277097;16.35352611541748
test-corridor;greedy-iter-100;constructed-self-constructing-unsafe;0;0.2;0.12498811100000001;0.12498811100000001;0.9973469028583358;96.68655119160468;2.874287877140573;0.10502271152685798;0.03864693641662598
test-corridor;greedy-iter-100;constructed-self-constructing-unsafe;0;0.2;0.12498811100000001;0.12498811100000001;0.9973514618326358;96.68717784141857;2.874115595323678;0.1048405706273579;0.042322635650634766
test-corridor;greedy-iter-100;constructed-self-constructing-unsafe;0;0.2;0.12498811100000001;0.12498811100000001;0.9973599101326359;96.68834090261858;2.8737956911236773;0.10450564582735783;0.04050135612487793
slippy-drone;greedy-iter-4000;constructed-self-constructing-unsafe;0;0.2;0.18925032370019565;0.18925032370019565;0.6409420668522252;32.08622672482083;31.569034416482776;12.442759516584976;16.588483810424805
test-corridor;greedy-iter-100;constructed-self-constructing-unsafe;0;0.2;0.12498811100000001;0.12498811100000001;0.9973607456316359;96.68845550285258;2.873763964099678;0.10447120718535784;0.03891754150390625
test-corridor;greedy-iter-100;constructed-self-constructing-unsafe;0;0.2;0.124989211;0.124989211;0.9973707474016359;96.6898574866726;2.8733607485796786;0.10405080552535771;0.03907132148742676
dpm;greedy-iter-1000;constructed-self-constructing-unsafe;0;0.2;0.08404209649922001;0.0840437188504386;0.21015645902329622;5.597711835419165;44.621650018042956;4.828969123500929;31.516966581344604
test-corridor;greedy-iter-100;constructed-self-constructing-unsafe;0;0.2;0.124989211;0.124989211;0.9973712135116359;96.68992022693259;2.8733430452196784;0.10402885814535776;0.04112124443054199
test-corridor;greedy-iter-100;constructed-self-constructing-unsafe;0;0.2;0.124989211;0.124989211;0.9973791655116359;96.69103216293257;2.873025189219679;0.10369733814535778;0.03988027572631836
slippy-drone;greedy-iter-4000;constructed-self-constructing-unsafe;0;0.2;0.18937559055305017;0.18937559055305017;0.6414352114876646;32.148224520167936;31.556071587911724;12.423679914791684;17.138381242752075
test-corridor;greedy-iter-100;constructed-self-constructing-unsafe;0;0.2;0.124989211;0.124989211;0.9973828880416358;96.69154847838257;2.872880602469678;0.10354635493535774;0.03867745399475098
test-corridor;greedy-iter-100;constructed-self-constructing-unsafe;0;0.2;0.124989211;0.124989211;0.9973976543416359;96.69360008748258;2.872294670369677;0.1029257962353577;0.04136943817138672
test-corridor;greedy-iter-100;constructed-self-constructing-unsafe;0;0.2;0.124989211;0.124989211;0.9973986900867459;96.69373995584097;2.872256577558188;0.1028822604618477;0.039530277252197266
dpm;greedy-iter-1000;constructed-self-constructing-unsafe;0;0.2;0.08416955152006472;0.08417119266292589;0.2101435178967181;5.604946492297022;44.62178454319755;4.821909415369244;28.71761703491211
collect;greedy-iter-500;constructed-self-constructing-unsafe;0;0.2;0.19999989803989865;0.19999989803989865;0.7353134949025848;31.997613135521476;41.23599506598519;11.011054899276584;190.5993664264679
test-corridor;greedy-iter-100;constructed-self-constructing-unsafe;0;0.2;0.124989211;0.124989211;0.997407107775746;96.694904232717;2.87193288399219;0.10254410269784774;0.04000425338745117
slippy-drone;greedy-iter-4000;constructed-self-constructing-unsafe;0;0.2;0.1894860554721895;0.1894860554721895;0.6419176840524315;32.208746089236186;31.54288283779863;12.403955632014478;17.80116295814514
test-corridor;greedy-iter-100;constructed-self-constructing-unsafe;0;0.2;0.124989211;0.124989211;0.9974106280157459;96.69539069065696;2.8717971556521906;0.10240149267784773;0.03998875617980957
test-corridor;greedy-iter-100;constructed-self-constructing-unsafe;0;0.2;0.124989211;0.124989211;0.9974111653157458;96.69546332515696;2.871777288152188;0.10237867657784774;0.043916940689086914
test-corridor;greedy-iter-100;constructed-self-constructing-unsafe;0;0.2;0.124989211;0.124989211;0.9974199460737458;96.69666384134096;2.8714425687881877;0.10201735365784771;0.042485952377319336
slippy-drone;greedy-iter-4000;constructed-self-constructing-unsafe;0;0.2;0.18962462502684907;0.18962462502684907;0.642302176545284;32.25683103895312;31.53273568103401;12.387553312261963;17.194749116897583
test-corridor;greedy-iter-100;constructed-self-constructing-unsafe;0;0.2;0.124989211;0.124989211;0.9974199460737458;96.69666384134096;2.871442568788188;0.10201735365784773;0.04003024101257324
dpm;greedy-iter-1000;constructed-self-constructing-unsafe;0;0.2;0.08431045025143995;0.08431211382196638;0.2101294016059808;5.612465722065956;44.6219275316602;4.81409942906131;29.275848388671875
test-corridor;greedy-iter-100;constructed-self-constructing-unsafe;0;0.2;0.124989211;0.124989211;0.9974237071737458;96.69717604394097;2.8712997351881873;0.10186157985784769;0.04087972640991211
test-corridor;greedy-iter-100;constructed-self-constructing-unsafe;0;0.2;0.124989311;0.124989311;0.9974287453507459;96.69786866216897;2.8711040137901898;0.1016430238458477;0.04312872886657715
test-corridor;greedy-iter-100;constructed-self-constructing-unsafe;0;0.2;0.124989311;0.124989311;0.997432964880746;96.69845372314897;2.8709403115101897;0.10147207110584772;0.042467594146728516
slippy-drone;greedy-iter-4000;constructed-self-constructing-unsafe;0;0.2;0.18970439022829577;0.18970439022829577;0.6425797134078812;32.29179396634825;31.52530259981195;12.375988328845983;17.70648741722107
test-corridor;greedy-iter-100;constructed-self-constructing-unsafe;0;0.2;0.124990311;0.124990311;0.9974401089807459;96.69944497974898;2.870662023910189;0.10118051530584772;0.041794776916503906
test-corridor;greedy-iter-100;constructed-self-constructing-unsafe;0;0.2;0.124990311;0.124990311;0.9974405660364247;96.69950686117515;2.870644897241237;0.10116068884685359;0.04108142852783203
dpm;greedy-iter-1000;constructed-self-constructing-unsafe;0;0.2;0.08443451659338777;0.08443620137181262;0.21011738372303462;5.61892181175621;44.622044120500846;4.80725804914056;31.92922592163086
test-corridor;greedy-iter-100;constructed-self-constructing-unsafe;0;0.2;0.124990311;0.124990311;0.9974503122064247;96.70085421109513;2.8702707916212384;0.10076983628685363;0.04207468032836914
test-corridor;greedy-iter-100;constructed-self-constructing-unsafe;0;0.2;0.124990311;0.124990311;0.9974556694664247;96.70160633699516;2.8700526611212385;0.10054038246685361;0.04101681709289551
slippy-drone;greedy-iter-4000;constructed-self-constructing-unsafe;0;0.2;0.18987930373040754;0.18987930373040754;0.6434234565801465;32.39815583991268;31.502532733779812;12.3436880182542;18.45032000541687
test-corridor;greedy-iter-100;constructed-self-constructing-unsafe;0;0.2;0.124990311;0.124990311;0.9974560173664248;96.70165463629515;2.8700391028212353;0.10052622636685364;0.042726755142211914
test-corridor;greedy-iter-100;constructed-self-constructing-unsafe;0;0.2;0.124990311;0.124990311;0.9974609620194247;96.70233547882114;2.8698520291652345;0.10033065626485371;0.04174232482910156
test-corridor;greedy-iter-100;constructed-self-constructing-unsafe;0;0.2;0.124990311;0.124990311;0.9974708731194247;96.70369881252115;2.8694605644652347;0.09989365136485366;0.05334758758544922
dpm;greedy-iter-1000;constructed-self-constructing-unsafe;0;0.2;0.08460123270785946;0.08460294152755451;0.2101001791700064;5.62815445529043;44.62222588160837;4.798008774515369;31.43117904663086
test-corridor;greedy-iter-100;constructed-self-constructing-unsafe;0;0.2;0.124990311;0.124990311;0.9974719383324248;96.70383848125316;2.8694203370032367;0.0998357755368536;0.042447805404663086
slippy-drone;greedy-iter-4000;constructed-self-constructing-unsafe;0;0.2;0.18991475500979735;0.18991475500979735;0.6437362374688111;32.43762692011825;31.494132602109936;12.332015226987831;20.493534564971924
test-corridor;greedy-iter-100;constructed-self-constructing-unsafe;0;0.2;0.124990311;0.124990311;0.9974769783324247;96.70453204825316;2.8692244700032363;0.09961848853685369;0.04357576370239258
test-corridor;greedy-iter-100;constructed-self-constructing-unsafe;0;0.2;0.124990311;0.124990311;0.9974771607363948;96.70455698290228;2.869217750060429;0.09961145516750362;0.041970014572143555
test-corridor;greedy-iter-100;constructed-self-constructing-unsafe;0;0.2;0.124990311;0.124990311;0.9974809218363947;96.70506918550227;2.869074916460425;0.09945568136750357;0.04184842109680176
slippy-drone;greedy-iter-4000;constructed-self-constructing-unsafe;0;0.2;0.19001757987024112;0.19001757987024112;0.6441681280343582;32.492015026079635;31.48266613215063;12.315082475077928;19.09792995452881
test-corridor;greedy-iter-100;constructed-self-constructing-unsafe;0;0.2;0.124990311;0.124990311;0.9974885892723948;96.70613515496628;2.8687739274364237;0.09913995779150359;0.04314112663269043
dpm;greedy-iter-1000;constructed-self-constructing-unsafe;0;0.2;0.0847209182867147;0.08472264719367723;0.21008835331024012;5.63434827980678;44.622343760597424;4.791395865624683;30.48634648323059
test-corridor;greedy-iter-100;constructed-self-constructing-unsafe;0;0.2;0.124990311;0.124990311;0.9974955472723948;96.70710079306626;2.8685031093364257;0.09885718369150358;0.04274415969848633
test-corridor;greedy-iter-100;constructed-self-constructing-unsafe;0;0.2;0.124990322;0.124990322;0.9974994522723948;96.70763908696627;2.8683547654364268;0.09870212979150356;0.04175686836242676
test-corridor;greedy-iter-100;constructed-self-constructing-unsafe;0;0.2;0.124990322;0.124990322;0.9975002380713948;96.70774571270226;2.8683260499104266;0.09867148104750358;0.043433427810668945
slippy-drone;greedy-iter-4000;constructed-self-constructing-unsafe;0;0.2;0.19011949438166395;0.19011949438166395;0.6451168106702001;32.61258027004378;31.456634697481963;12.280315692370527;19.838626384735107
test-corridor;greedy-iter-100;constructed-self-constructing-unsafe;0;0.2;0.124990322;0.124990322;0.9975105644839247;96.7091735531876;2.8679293962537957;0.09825708341441355;0.04287576675415039
test-corridor;greedy-iter-100;constructed-self-constructing-unsafe;0;0.2;0.124990422;0.124990422;0.9975211463339247;96.7106149165166;2.8675260444247987;0.09780429488541365;0.04381251335144043
test-corridor;greedy-iter-100;constructed-self-constructing-unsafe;0;0.2;0.124990422;0.124990422;0.9975278702049247;96.7115401089316;2.8672674610997966;0.0975291198384136;0.044188499450683594
dpm;greedy-iter-1000;constructed-self-constructing-unsafe;0;0.2;0.08487236900083311;0.08487411573038806;0.21007248444800977;5.642397590308903;44.62251505926905;4.7829843419898666;31.391605138778687
test-corridor;greedy-iter-100;constructed-self-constructing-unsafe;0;0.2;0.124990422;0.124990422;0.9975339286349247;96.7123775836116;2.867034976119799;0.09728622459841357;0.04416632652282715
slippy-drone;greedy-iter-4000;constructed-self-constructing-unsafe;0;0.2;0.19022527073136086;0.19022527073136086;0.6457359725286578;32.690822698404176;31.43996749195001;12.257019356241125;19.118006944656372
test-corridor;greedy-iter-100;constructed-self-constructing-unsafe;0;0.2;0.124990422;0.124990422;0.9975418348339248;96.7134688521466;2.866727623794799;0.09695252725541356;0.04806256294250488
test-corridor;greedy-iter-100;constructed-self-constructing-unsafe;0;0.2;0.124990422;0.124990422;0.9975442701339248;96.7138069472466;2.8666327156947995;0.09685343455541356;0.04430437088012695
test-corridor;greedy-iter-100;constructed-self-constructing-unsafe;0;0.2;0.124990422;0.124990422;0.9975510725916248;96.7147474109617;2.8663698102627024;0.09657593688191358;0.04353523254394531
test-corridor;greedy-iter-100;constructed-self-constructing-unsafe;0;0.2;0.124990522;0.124990522;0.9975517825916248;96.71484669096169;2.8663414302626995;0.09654633688191354;0.043956756591796875
dpm;greedy-iter-1000;constructed-self-constructing-unsafe;0;0.2;0.08499383893476621;0.08499560380805263;0.21006036205502615;5.648953252553592;44.62263788933667;4.776264797981137;31.567646265029907
slippy-drone;greedy-iter-4000;constructed-self-constructing-unsafe;0;0.2;0.19029957906418452;0.19029957906418452;0.6460804496287482;32.73429232062927;31.430813803613287;12.243831988288765;19.090478658676147
test-corridor;greedy-iter-100;constructed-self-constructing-unsafe;0;0.2;0.124990522;0.124990522;0.9975615766711157;96.71620289128884;2.865963203094432;0.0961511541290816;0.044388532638549805
test-corridor;greedy-iter-100;constructed-self-constructing-unsafe;0;0.2;0.124990522;0.124990522;0.9975693298711157;96.71728111458884;2.865659207794429;0.09583383642908157;0.04449319839477539
test-corridor;greedy-iter-100;constructed-self-constructing-unsafe;0;0.2;0.124990522;0.124990522;0.9975698134411157;96.71734600206887;2.8656418106144295;0.09581378550908157;0.045412302017211914
test-corridor;greedy-iter-100;constructed-self-constructing-unsafe;0;0.2;0.124990522;0.124990522;0.9975752754711158;96.71811272025886;2.8654205261244288;0.09558311555908158;0.04584503173828125
slippy-drone;greedy-iter-4000;constructed-self-constructing-unsafe;0;0.2;0.1904212310763615;0.1904212310763615;0.6465483619552115;32.79303377319423;31.418159056177824;12.224292884839532;19.347540378570557
test-corridor;greedy-iter-100;constructed-self-constructing-unsafe;0;0.2;0.124990522;0.124990522;0.9975796064967595;96.71871122940621;2.865253615115297;0.09540720605095551;0.045632362365722656
dpm;greedy-iter-1000;constructed-self-constructing-unsafe;0;0.2;0.08512183958405345;0.08512362878891849;0.21004791149363955;5.6555458300294195;44.622759640698014;4.769199398618048;32.34795689582825
test-corridor;greedy-iter-100;constructed-self-constructing-unsafe;0;0.2;0.124990522;0.124990522;0.9975820417967596;96.71904932450622;2.8651587070152984;0.09530811335095551;0.044443368911743164
test-corridor;greedy-iter-100;constructed-self-constructing-unsafe;0;0.2;0.12499053200000002;0.12499053200000002;0.9975861384967595;96.71961786040622;2.8649992641152964;0.09514163105095545;0.04551553726196289
test-corridor;greedy-iter-100;constructed-self-constructing-unsafe;0;0.2;0.12499053200000002;0.12499053200000002;0.9975869486067594;96.7197292055562;2.864968815865298;0.09510979078095552;0.04377102851867676
slippy-drone;greedy-iter-4000;constructed-self-constructing-unsafe;0;0.2;0.19050464529515554;0.19050464529515554;0.6469265819253833;32.8404522848274;31.408107455160984;12.209227731168493;19.903773069381714
test-corridor;greedy-iter-100;constructed-self-constructing-unsafe;0;0.2;0.124990632;0.124990632;0.9976044948177596;96.72216451573823;2.864285593373298;0.0943963536869555;0.04441666603088379
test-corridor;greedy-iter-100;constructed-self-constructing-unsafe;0;0.2;0.124990632;0.124990632;0.9976044948177596;96.72216451573823;2.864285593373298;0.0943963536869555;0.0443422794342041
collect;greedy-iter-500;constructed-self-constructing-unsafe;0;0.2;0.19999989803989865;0.19999989803989865;0.737204419287015;32.20362849541148;41.217159644538256;10.942306358351356;192.2292549610138
test-corridor;greedy-iter-100;constructed-self-constructing-unsafe;0;0.2;0.124990632;0.124990632;0.9976133374167595;96.72337634867422;2.8639473426472977;0.09403307214295548;0.04473280906677246
dpm;greedy-iter-1000;constructed-self-constructing-unsafe;0;0.2;0.085233338922681;0.08523514992917934;0.21003699070730236;5.661171402834833;44.62286745844043;4.763043518849387;32.8900089263916
test-corridor;greedy-iter-100;constructed-self-constructing-unsafe;0;0.2;0.124990632;0.124990632;0.9976165132467595;96.72381869358422;2.8638221334373006;0.09390240587295544;0.049166202545166016
slippy-drone;greedy-iter-4000;constructed-self-constructing-unsafe;0;0.2;0.19057911367222818;0.19057911367222818;0.6472470141568571;32.88065929403332;31.399704042093372;12.196897585314172;20.047681093215942
test-corridor;greedy-iter-100;constructed-self-constructing-unsafe;0;0.2;0.124990632;0.124990632;0.9976274153947995;96.72532241717313;2.863396806039976;0.0934476214043554;0.04401588439941406
test-corridor;greedy-iter-100;constructed-self-constructing-unsafe;0;0.2;0.124990632;0.124990632;0.9976325092010072;96.72603325264645;2.8631937806944494;0.09323389618838332;0.045728206634521484
test-corridor;greedy-iter-100;constructed-self-constructing-unsafe;0;0.2;0.124990632;0.124990632;0.9976325092010072;96.72603325264645;2.86319378069445;0.09323389618838333;0.04444527626037598
test-corridor;greedy-iter-100;constructed-self-constructing-unsafe;0;0.2;0.124990632;0.124990632;0.9976371628010071;96.72666642224644;2.8630171650944494;0.09304009138838334;0.04818558692932129
slippy-drone;greedy-iter-4000;constructed-self-constructing-unsafe;0;0.2;0.190664278074639;0.190664278074639;0.6476170369886488;32.927152990256786;31.389903015489043;12.18236665700896;20.095726251602173
dpm;greedy-iter-1000;constructed-self-constructing-unsafe;0;0.2;0.08536360523825098;0.08536543862384088;0.210023465211086;5.668371363131199;44.623013125783515;4.755812054594383;33.913567781448364
test-corridor;safe-iter-4000;constructed-self-constructing-unsafe;0;0.2;0.12440000000000001;0.12440000000000001;0.8794169999999999;79.70106599999998;8.113883000000023;0.4049810000000002;0.010250091552734375
test-corridor;safe-iter-4000;constructed-self-constructing-unsafe;0;0.2;0.12440000000000001;0.12440000000000001;0.8801869999999999;79.812366;8.079373000000054;0.3211549999999999;0.011367321014404297
test-corridor;safe-iter-4000;constructed-self-constructing-unsafe;0;0.2;0.12450000000000001;0.12450000000000001;0.880887;79.912366;8.04927300000002;0.2864949999999999;0.011060237884521484
slippy-drone;greedy-iter-4000;constructed-self-constructing-unsafe;0;0.2;0.19075294308866858;0.19075294308866858;0.6481566481516379;32.99489836810889;31.375495262161188;12.161904911624637;20.52113366127014
test-corridor;safe-iter-4000;constructed-self-constructing-unsafe;0;0.2;0.12461000000000001;0.12461000000000001;0.881657;80.022296;8.016232999999987;0.24844699999999992;0.01139378547668457
test-corridor;safe-iter-4000;constructed-self-constructing-unsafe;0;0.2;0.12472000000000001;0.12472000000000001;0.883127;80.233686;7.951623000000056;0.16978500000000005;0.013031959533691406
test-corridor;safe-iter-4000;constructed-self-constructing-unsafe;0;0.2;0.12472000000000001;0.12472000000000001;0.8832039999999999;80.24467899999999;7.948319000000013;0.16598020000000013;0.02136087417602539
dpm;greedy-iter-1000;constructed-self-constructing-unsafe;0;0.2;0.08549029369434227;0.08549215038927312;0.21001069271923833;5.675400709985052;44.623145191422765;4.748798686940962;34.26757621765137
test-corridor;safe-iter-4000;constructed-self-constructing-unsafe;0;0.2;0.12482000000000001;0.12482000000000001;0.8839109999999999;80.345665;7.917932;0.13098920000000017;0.01724386215209961
test-corridor;safe-iter-4000;constructed-self-constructing-unsafe;0;0.2;0.12482000000000001;0.12482000000000001;0.8839809999999999;80.35566499999999;7.9149220000000335;0.1275232;0.015340328216552734
slippy-drone;greedy-iter-4000;constructed-self-constructing-unsafe;0;0.2;0.19085335472461312;0.19085335472461312;0.6485574708055369;33.04538853914278;31.364833469155727;12.146191065450799;21.045950889587402
test-corridor;safe-iter-4000;constructed-self-constructing-unsafe;0;0.2;0.12483000000000002;0.12483000000000002;0.8840509999999999;80.36566499999999;7.911912000000008;0.12405720000000017;0.017593860626220703
test-corridor;safe-iter-4000;constructed-self-constructing-unsafe;0;0.2;0.12483000000000002;0.12483000000000002;0.8840509999999999;80.36566499999999;7.911912000000009;0.12405720000000017;0.018620014190673828
test-corridor;safe-iter-4000;constructed-self-constructing-unsafe;0;0.2;0.12484000000000002;0.12484000000000002;0.8841209999999999;80.37573499999999;7.90883200000004;0.12051320000000026;0.015899658203125
test-corridor;safe-iter-4000;constructed-self-constructing-unsafe;0;0.2;0.12485100000000002;0.12485100000000002;0.8841979999999999;80.38664399999999;7.905612000000037;0.116802;0.01627206802368164
dpm;greedy-iter-1000;constructed-self-constructing-unsafe;0;0.2;0.08559545171345793;0.08559732983759752;0.2100006570203447;5.680701238909802;44.6232413756741;4.743004669340261;36.96582531929016
slippy-drone;greedy-iter-4000;constructed-self-constructing-unsafe;0;0.2;0.19096088970631336;0.19096088970631336;0.6490088562234344;33.10225576691299;31.352753927747226;12.128505570140469;21.831557512283325
test-corridor;safe-iter-4000;constructed-self-constructing-unsafe;0;0.2;0.12485100000000002;0.12485100000000002;0.8841979999999999;80.38664399999999;7.90561200000001;0.116802;0.017157316207885742
test-corridor;safe-iter-4000;constructed-self-constructing-unsafe;0;0.2;0.12485100000000002;0.12485100000000002;0.8841979999999999;80.38664399999999;7.90561200000001;0.116802;0.018482208251953125
test-corridor;safe-iter-4000;constructed-self-constructing-unsafe;0;0.2;0.12485100000000002;0.12485100000000002;0.8842679999999999;80.396574;7.902672000000008;0.1134139999999999;0.01649165153503418
test-corridor;safe-iter-4000;constructed-self-constructing-unsafe;0;0.2;0.12485100000000002;0.12485100000000002;0.8842679999999999;80.396574;7.902672000000008;0.1134139999999999;0.0161135196685791
slippy-drone;greedy-iter-4000;constructed-self-constructing-unsafe;0;0.2;0.1910789620949921;0.1910789620949921;0.6495077006429563;33.16487795623645;31.339269224047676;12.108341032797092;21.077917337417603
test-corridor;safe-iter-4000;constructed-self-constructing-unsafe;0;0.2;0.12487100000000001;0.12487100000000001;0.884478;80.426504;7.8937120000000105;0.1030939999999999;0.019132614135742188
dpm;greedy-iter-1000;constructed-self-constructing-unsafe;0;0.2;0.08572757708975784;0.0857294753585001;0.20998754318510365;5.687439062324871;44.623373083936535;4.7357004037919745;35.232324838638306
test-corridor;safe-iter-4000;constructed-self-constructing-unsafe;0;0.2;0.12487100000000001;0.12487100000000001;0.884478;80.426504;7.8937120000000105;0.1030939999999999;0.017441272735595703
test-corridor;safe-iter-4000;constructed-self-constructing-unsafe;0;0.2;0.12487100000000001;0.12487100000000001;0.884478;80.426504;7.893712000000011;0.1030939999999999;0.018526792526245117
test-corridor;safe-iter-4000;constructed-self-constructing-unsafe;0;0.2;0.12487100000000001;0.12487100000000001;0.884478;80.426504;7.893712000000011;0.1030939999999999;0.01735854148864746
slippy-drone;greedy-iter-4000;constructed-self-constructing-unsafe;0;0.2;0.1911651682512973;0.1911651682512973;0.6498437246637562;33.20716803446209;31.33039647826382;12.095049593740002;21.634398221969604
test-corridor;safe-iter-4000;constructed-self-constructing-unsafe;0;0.2;0.12487100000000001;0.12487100000000001;0.884555;80.4374959;7.890408000000036;0.09882620000000013;0.020679235458374023
test-corridor;safe-iter-4000;constructed-self-constructing-unsafe;0;0.2;0.124881;0.124881;0.884625;80.44742590000001;7.887468000000035;0.09543820000000007;0.019306659698486328
test-corridor;safe-iter-4000;constructed-self-constructing-unsafe;0;0.2;0.124891;0.124891;0.884695;80.4573559;7.8845280000000075;0.09205020000000003;0.019148588180541992
dpm;greedy-iter-1000;constructed-self-constructing-unsafe;0;0.2;0.085877354881336;0.08587927302526299;0.20997242563235125;5.695245681177575;44.62352664996453;4.727407244924493;35.484030961990356
test-corridor;safe-iter-4000;constructed-self-constructing-unsafe;0;0.2;0.124891;0.124891;0.884695;80.45734589999999;7.884528000000009;0.0876362000000001;0.020874500274658203
slippy-drone;greedy-iter-4000;constructed-self-constructing-unsafe;0;0.2;0.19129490782043476;0.19129490782043476;0.6503535648263495;33.271441966122076;31.316347291548848;12.074247528156384;21.795921802520752
test-corridor;safe-iter-4000;constructed-self-constructing-unsafe;0;0.2;0.12490100000000001;0.12490100000000001;0.884772;80.4681189;7.881434000000068;0.07984740000000004;0.02181100845336914
test-corridor;safe-iter-4000;constructed-self-constructing-unsafe;0;0.2;0.12490100000000001;0.12490100000000001;0.884772;80.4681189;7.881434000000039;0.07984740000000004;0.022475004196166992
test-corridor;safe-iter-4000;constructed-self-constructing-unsafe;0;0.2;0.12490100000000001;0.12490100000000001;0.884772;80.4681189;7.881434000000039;0.07984740000000004;0.02165818214416504
test-corridor;safe-iter-4000;constructed-self-constructing-unsafe;0;0.2;0.12491100000000001;0.12491100000000001;0.884842;80.4779789;7.878564000000039;0.07653740000000006;0.023354768753051758
slippy-drone;greedy-iter-4000;constructed-self-constructing-unsafe;0;0.2;0.19140228255886438;0.19140228255886438;0.6510232610696824;33.35570092629674;31.29877670192839;12.049101382645096;21.630473375320435
test-corridor;safe-iter-4000;constructed-self-constructing-unsafe;0;0.2;0.12491100000000001;0.12491100000000001;0.884842;80.4779789;7.878564000000039;0.07653740000000006;0.022680997848510742
dpm;greedy-iter-1000;constructed-self-constructing-unsafe;0;0.2;0.08600199955051921;0.08600393804888548;0.20995984423296069;5.701794299465604;44.62365592908727;4.7204934857632805;36.89272665977478
test-corridor;safe-iter-4000;constructed-self-constructing-unsafe;0;0.2;0.12491100000000001;0.12491100000000001;0.884842;80.4779789;7.878564000000039;0.07653740000000006;0.02281641960144043
test-corridor;safe-iter-4000;constructed-self-constructing-unsafe;0;0.2;0.12491100000000001;0.12491100000000001;0.8848427;80.4780768;7.8785360000000315;0.07650508000000002;0.023036956787109375
test-corridor;safe-iter-4000;constructed-self-constructing-unsafe;0;0.2;0.12491200000000001;0.12491200000000001;0.8849267;80.48997179999999;7.875029000000031;0.07246288000000001;0.023281335830688477
test-corridor;safe-iter-4000;constructed-self-constructing-unsafe;0;0.2;0.12491200000000001;0.12491200000000001;0.8850037;80.5010418;7.87164800000003;0.0685722799999999;0.02375936508178711
slippy-drone;greedy-iter-4000;constructed-self-constructing-unsafe;0;0.2;0.19150687371010924;0.19150687371010924;0.6514520108665944;33.409525714473965;31.287175025048935;12.031317123299697;22.386173009872437
test-corridor;safe-iter-4000;constructed-self-constructing-unsafe;0;0.2;0.12491200000000001;0.12491200000000001;0.8850037;80.5010418;7.87164800000003;0.0685722799999999;0.023926258087158203
test-corridor;safe-iter-4000;constructed-self-constructing-unsafe;0;0.2;0.12491200000000001;0.12491200000000001;0.8850037;80.5010418;7.87164800000003;0.0685722799999999;0.023951053619384766
dpm;greedy-iter-1000;constructed-self-constructing-unsafe;0;0.2;0.0861190453514703;0.08612100556619465;0.20994829002394147;5.708050885341661;44.62377157821796;4.7140267984175015;36.95791935920715
test-corridor;safe-iter-4000;constructed-self-constructing-unsafe;0;0.2;0.12491200000000001;0.12491200000000001;0.8850037;80.5010418;7.87164800000003;0.0685722799999999;0.025207042694091797
collect;greedy-iter-500;constructed-self-constructing-unsafe;0;0.2;0.19999989803989865;0.19999989803989865;0.7401685701631547;32.525828482493104;41.18741810444554;10.830845116616558;188.32402300834656
test-corridor;safe-iter-4000;constructed-self-constructing-unsafe;0;0.2;0.12491200000000001;0.12491200000000001;0.8850814;80.5122034;7.868245300000023;0.06465638000000011;0.026530981063842773
slippy-drone;greedy-iter-4000;constructed-self-constructing-unsafe;0;0.2;0.19163801894935184;0.19163801894935184;0.6519395411664856;33.47077572894645;31.27430797203457;12.011905436965177;22.51278328895569
test-corridor;safe-iter-4000;constructed-self-constructing-unsafe;0;0.2;0.12491200000000001;0.12491200000000001;0.8850884;80.5131894;7.86795830000002;0.06432537999999997;0.026621103286743164
test-corridor;safe-iter-4000;constructed-self-constructing-unsafe;0;0.2;0.124922;0.124922;0.8851584;80.52304939999999;7.8650883000000515;0.061015380000000036;0.025198936462402344
test-corridor;safe-iter-4000;constructed-self-constructing-unsafe;0;0.2;0.124922;0.124922;0.8851584;80.52304939999999;7.8650883000000515;0.061015380000000036;0.024808645248413086
test-corridor;safe-iter-4000;constructed-self-constructing-unsafe;0;0.2;0.124922;0.124922;0.8851584;80.52304939999999;7.8650883000000515;0.061015380000000036;0.025656938552856445
slippy-drone;greedy-iter-4000;constructed-self-constructing-unsafe;0;0.2;0.19173764005129337;0.19173764005129337;0.6523408344920707;33.520848663890085;31.263487901344853;11.995269194710206;22.500597715377808
test-corridor;safe-iter-4000;constructed-self-constructing-unsafe;0;0.2;0.124922;0.124922;0.8851584;80.52304939999999;7.8650883000000515;0.061015380000000036;0.026974201202392578
dpm;greedy-iter-1000;constructed-self-constructing-unsafe;0;0.2;0.08625491477723368;0.08625689741962331;0.20993463972328752;5.7150292112958;44.62391074984304;4.706509361055419;37.71779942512512
test-corridor;safe-iter-4000;constructed-self-constructing-unsafe;0;0.2;0.124922;0.124922;0.8851584;80.52304939999999;7.8650883000000515;0.061015380000000036;0.02712416648864746
test-corridor;safe-iter-4000;constructed-self-constructing-unsafe;0;0.2;0.124922;0.124922;0.8851584;80.52304939999999;7.8650883000000515;0.061015380000000036;0.02601909637451172
test-corridor;safe-iter-4000;constructed-self-constructing-unsafe;0;0.2;0.12493200000000002;0.12493200000000002;0.8852284;80.5329694;7.862148300000021;0.05321337999999999;0.026239871978759766
test-corridor;safe-iter-4000;constructed-self-constructing-unsafe;0;0.2;0.12493200000000002;0.12493200000000002;0.8852284;80.5329694;7.86214830000005;0.05321337999999999;0.02644801139831543
slippy-drone;greedy-iter-4000;constructed-self-constructing-unsafe;0;0.2;0.19179187048303586;0.19179187048303586;0.6526634416710448;33.56148562518709;31.254835962090656;11.982773183385342;22.348548412322998
test-corridor;safe-iter-4000;constructed-self-constructing-unsafe;0;0.2;0.12493200000000002;0.12493200000000002;0.8852354;80.5339624;7.86185430000002;0.052874580000000095;0.0270538330078125
test-corridor;safe-iter-4000;constructed-self-constructing-unsafe;0;0.2;0.12493200000000002;0.12493200000000002;0.8852354;80.5339624;7.86185430000002;0.052874580000000095;0.04155611991882324
dpm;greedy-iter-1000;constructed-self-constructing-unsafe;0;0.2;0.08637420485457595;0.08637620680509836;0.20992249422781678;5.721861940221762;44.62403764147554;4.699897039338602;38.363072872161865
test-corridor;safe-iter-4000;constructed-self-constructing-unsafe;0;0.2;0.12493200000000002;0.12493200000000002;0.8852354;80.5339624;7.86185430000002;0.052874580000000095;0.030740737915039062
test-corridor;safe-iter-4000;constructed-self-constructing-unsafe;0;0.2;0.12493300000000002;0.12493300000000002;0.8852424;80.5349414;7.861574300000045;0.052551379999999946;0.026852846145629883
slippy-drone;greedy-iter-4000;constructed-self-constructing-unsafe;0;0.2;0.1918972864216914;0.1918972864216914;0.65329991023082;33.64194143799344;31.237561673919462;11.958408288307885;23.68321418762207
test-corridor;safe-iter-4000;constructed-self-constructing-unsafe;0;0.2;0.12493300000000002;0.12493300000000002;0.8852424;80.53494129999999;7.861574300000045;0.05251115999999997;0.029874086380004883
test-corridor;safe-iter-4000;constructed-self-constructing-unsafe;0;0.2;0.12493300000000002;0.12493300000000002;0.8852424;80.53494129999999;7.861574300000045;0.05251115999999997;0.030904531478881836
test-corridor;safe-iter-4000;constructed-self-constructing-unsafe;0;0.2;0.12493300000000002;0.12493300000000002;0.8852494;80.53593430000001;7.861280300000042;0.05217236000000007;0.028372764587402344
test-corridor;safe-iter-4000;constructed-self-constructing-unsafe;0;0.2;0.12493300000000002;0.12493300000000002;0.8852494;80.5359333;7.8612803000000415;0.051750560000000105;0.02785038948059082
dpm;greedy-iter-1000;constructed-self-constructing-unsafe;0;0.2;0.08649858524105608;0.08650060822140318;0.20991015469625862;5.728450750212351;44.624161690962104;4.693024887004279;40.71631145477295
test-corridor;safe-iter-4000;constructed-self-constructing-unsafe;0;0.2;0.12493300000000002;0.12493300000000002;0.8852494;80.5359333;7.8612803000000415;0.051750560000000105;0.030795574188232422
slippy-drone;greedy-iter-4000;constructed-self-constructing-unsafe;0;0.2;0.19199144798469503;0.19199144798469503;0.6537464841633716;33.69828155119929;31.225606124079047;11.941150255872031;23.5215802192688
test-corridor;safe-iter-4000;constructed-self-constructing-unsafe;0;0.2;0.12493300000000002;0.12493300000000002;0.8852494;80.5359333;7.8612803000000415;0.051750560000000105;0.028140544891357422
test-corridor;safe-iter-4000;constructed-self-constructing-unsafe;0;0.2;0.12493300000000002;0.12493300000000002;0.8852494;80.5359333;7.8612803000000415;0.051750560000000105;0.02760601043701172
test-corridor;safe-iter-4000;constructed-self-constructing-unsafe;0;0.2;0.12493300000000002;0.12493300000000002;0.8852563999999999;80.5369193;7.860993300000039;0.05141956000000008;0.028056621551513672
test-corridor;safe-iter-4000;constructed-self-constructing-unsafe;0;0.2;0.12493300000000002;0.12493300000000002;0.8852633999999999;80.53790529999999;7.860706300000064;0.05108856000000001;0.028241872787475586
slippy-drone;greedy-iter-4000;constructed-self-constructing-unsafe;0;0.2;0.19206604674724237;0.19206604674724237;0.6541018111124527;33.74280679098841;31.216453288824535;11.92770172789432;23.251208305358887
test-corridor;safe-iter-4000;constructed-self-constructing-unsafe;0;0.2;0.12493300000000002;0.12493300000000002;0.8852633999999999;80.53790529999999;7.860706300000064;0.05108856000000001;0.02811121940612793
test-corridor;safe-iter-4000;constructed-self-constructing-unsafe;0;0.2;0.12494300000000001;0.12494300000000001;0.8853333999999999;80.5477653;7.857836300000067;0.04777856000000003;0.02823781967163086
dpm;greedy-iter-1000;constructed-self-constructing-unsafe;0;0.2;0.08663120027918869;0.08663324270929802;0.2098965559216454;5.735534894931012;44.62430392387618;4.68567276541557;38.903443574905396
test-corridor;safe-iter-4000;constructed-self-constructing-unsafe;0;0.2;0.12494300000000001;0.12494300000000001;0.8854034;80.5578353;7.854756300000041;0.04423456000000011;0.0289609432220459
test-corridor;safe-iter-4000;constructed-self-constructing-unsafe;0;0.2;0.12494300000000001;0.12494300000000001;0.8854034;80.5578353;7.854756300000041;0.04423456000000011;0.03000330924987793
slippy-drone;greedy-iter-4000;constructed-self-constructing-unsafe;0;0.2;0.1921514456066107;0.1921514456066107;0.6544906730196941;33.79160340553857;31.206103904809236;11.91238495551606;23.89193296432495
test-corridor;safe-iter-4000;constructed-self-constructing-unsafe;0;0.2;0.12494300000000001;0.12494300000000001;0.8854034;80.5578353;7.854756300000041;0.04423456000000011;0.029366731643676758
test-corridor;safe-iter-4000;constructed-self-constructing-unsafe;0;0.2;0.12494300000000001;0.12494300000000001;0.8854034;80.5578353;7.854756300000041;0.04423456000000011;0.03014850616455078
test-corridor;safe-iter-4000;constructed-self-constructing-unsafe;0;0.2;0.12494300000000001;0.12494300000000001;0.8854034;80.5578353;7.854756300000041;0.04423456000000011;0.03192567825317383
test-corridor;safe-iter-4000;constructed-self-constructing-unsafe;0;0.2;0.12494300000000001;0.12494300000000001;0.8854034;80.5578353;7.854756300000041;0.04423456000000011;0.03168225288391113
dpm;greedy-iter-1000;constructed-self-constructing-unsafe;0;0.2;0.0867280412348726;0.08673010540592377;0.209886826153961;5.740680588999263;44.62440420068384;4.6803128565380225;40.29558491706848
test-corridor;safe-iter-4000;constructed-self-constructing-unsafe;0;0.2;0.12494300000000001;0.12494300000000001;0.8854034;80.5578353;7.854756300000041;0.04423456000000011;0.030056238174438477
slippy-drone;greedy-iter-4000;constructed-self-constructing-unsafe;0;0.2;0.19223681402155404;0.19223681402155404;0.6549141758390549;33.844790191253104;31.194741202118497;11.895775002882196;23.84072756767273
test-corridor;safe-iter-4000;constructed-self-constructing-unsafe;0;0.2;0.12494300000000001;0.12494300000000001;0.8854034;80.5578353;7.854756300000041;0.04423456000000011;0.03176307678222656
test-corridor;safe-iter-4000;constructed-self-constructing-unsafe;0;0.2;0.12494300000000001;0.12494300000000001;0.8854034;80.5578353;7.854756300000041;0.04423456000000011;0.02870011329650879
test-corridor;safe-iter-4000;constructed-self-constructing-unsafe;0;0.2;0.12494300000000001;0.12494300000000001;0.8854034;80.5578353;7.854756300000041;0.04423456000000011;0.02871084213256836
test-corridor;safe-iter-4000;constructed-self-constructing-unsafe;0;0.2;0.12494300000000001;0.12494300000000001;0.8854034;80.5578353;7.854756300000041;0.04423456000000011;0.02911972999572754
slippy-drone;greedy-iter-4000;constructed-self-constructing-unsafe;0;0.2;0.1923054889359064;0.1923054889359064;0.6552357412613921;33.88492530791348;31.18599758691077;11.88265147599282;23.957691431045532
test-corridor;safe-iter-4000;constructed-self-constructing-unsafe;0;0.2;0.12494300000000001;0.12494300000000001;0.8854034;80.5578353;7.854756300000041;0.04423456000000011;0.028867483139038086
test-corridor;safe-iter-4000;constructed-self-constructing-unsafe;0;0.2;0.12495300000000001;0.12495300000000001;0.8854740999999999;80.5679346;7.851716900000031;0.04073468000000004;0.028916120529174805
dpm;greedy-iter-1000;constructed-self-constructing-unsafe;0;0.2;0.08683968622420371;0.08684177199792353;0.20987579548116367;5.747091723693732;44.62451490568651;4.674145479463673;41.507479429244995
test-corridor;safe-iter-4000;constructed-self-constructing-unsafe;0;0.2;0.12495300000000001;0.12495300000000001;0.8854740999999999;80.5679346;7.851716900000031;0.04073468000000004;0.02886176109313965
test-corridor;safe-iter-4000;constructed-self-constructing-unsafe;0;0.2;0.12495300000000001;0.12495300000000001;0.8854740999999999;80.5679346;7.851716900000031;0.04073468000000004;0.028932571411132812
test-corridor;safe-iter-4000;constructed-self-constructing-unsafe;0;0.2;0.12495300000000001;0.12495300000000001;0.8854740999999999;80.5679346;7.851716900000031;0.04073468000000004;0.029005765914916992
collect;greedy-iter-500;constructed-self-constructing-unsafe;0;0.2;0.19999989803989865;0.19999989803989865;0.7420630180384453;32.73221345742148;41.16856050404604;10.761990947088472;186.71403670310974
slippy-drone;greedy-iter-4000;constructed-self-constructing-unsafe;0;0.2;0.19237003124390104;0.19237003124390104;0.6555617645465324;33.926055607565004;31.177325204964124;11.869957746507067;24.44271731376648
test-corridor;safe-iter-4000;constructed-self-constructing-unsafe;0;0.2;0.12496300000000002;0.12496300000000002;0.8855441;80.57779459999999;7.848846900000059;0.03742468000000006;0.029062271118164062
test-corridor;safe-iter-4000;constructed-self-constructing-unsafe;0;0.2;0.12496400000000002;0.12496400000000002;0.8855587999999999;80.57987219999998;7.848237200000019;0.03672177999999998;0.029393911361694336
test-corridor;safe-iter-4000;constructed-self-constructing-unsafe;0;0.2;0.12496400000000002;0.12496400000000002;0.8855658;80.5808722;7.847936200000046;0.03637518000000008;0.030427932739257812
test-corridor;safe-iter-4000;constructed-self-constructing-unsafe;0;0.2;0.12496400000000002;0.12496400000000002;0.8855658;80.5808722;7.847936200000046;0.03637518000000008;0.03205561637878418
dpm;greedy-iter-1000;constructed-self-constructing-unsafe;0;0.2;0.08694468119648635;0.08694678806804795;0.20986536650676713;5.752666237079307;44.624620559110355;4.668339586724799;41.32997274398804
test-corridor;safe-iter-4000;constructed-self-constructing-unsafe;0;0.2;0.12496400000000002;0.12496400000000002;0.8855658;80.5808722;7.847936200000046;0.03637518000000008;0.031311750411987305
slippy-drone;greedy-iter-4000;constructed-self-constructing-unsafe;0;0.2;0.19242225842374658;0.19242225842374658;0.6560873965688662;33.99227564266716;31.16350634001171;11.850918775745896;24.714566230773926
test-corridor;safe-iter-4000;constructed-self-constructing-unsafe;0;0.2;0.12496400000000002;0.12496400000000002;0.8855658;80.5808722;7.847936200000046;0.03637518000000008;0.03151583671569824
test-corridor;safe-iter-4000;constructed-self-constructing-unsafe;0;0.2;0.12496400000000002;0.12496400000000002;0.8855658;80.5808722;7.847936200000046;0.03637518000000008;0.02997589111328125
test-corridor;safe-iter-4000;constructed-self-constructing-unsafe;0;0.2;0.12496500000000002;0.12496500000000002;0.8855728;80.5818512;7.847656200000042;0.03605198000000004;0.029875516891479492
test-corridor;safe-iter-4000;constructed-self-constructing-unsafe;0;0.2;0.1249661;0.1249661;0.8855874999999999;80.58391269999998;7.847062600000064;0.03536702000000002;0.0302431583404541
slippy-drone;greedy-iter-4000;constructed-self-constructing-unsafe;0;0.2;0.19248073554462536;0.19248073554462536;0.6564542565733622;34.038764176642005;31.153586709074737;11.837122692405593;24.729860305786133
test-corridor;safe-iter-4000;constructed-self-constructing-unsafe;0;0.2;0.1249661;0.1249661;0.8855874999999999;80.58391269999998;7.847062600000064;0.03536702000000002;0.03120732307434082
dpm;greedy-iter-1000;constructed-self-constructing-unsafe;0;0.2;0.0870671637575007;0.08706929303293479;0.2098534792015599;5.759232427678375;44.62473588784915;4.6615813742444345;41.88662004470825
test-corridor;safe-iter-4000;constructed-self-constructing-unsafe;0;0.2;0.1249661;0.1249661;0.8855882699999998;80.58402108999998;7.847031100000044;0.035330688000000034;0.031575679779052734
test-corridor;safe-iter-4000;constructed-self-constructing-unsafe;0;0.2;0.1249661;0.1249661;0.8855882699999998;80.58402108999998;7.847031100000046;0.035330688000000034;0.032614946365356445
test-corridor;safe-iter-4000;constructed-self-constructing-unsafe;0;0.2;0.1249661;0.1249661;0.8855882699999998;80.58402108999998;7.847031100000047;0.035330688000000034;0.032137155532836914
test-corridor;safe-iter-4000;constructed-self-constructing-unsafe;0;0.2;0.1249661;0.1249661;0.8855882699999998;80.58402108999998;7.847031100000047;0.035330688000000034;0.03221893310546875
slippy-drone;greedy-iter-4000;constructed-self-constructing-unsafe;0;0.2;0.19258001711867162;0.19258001711867162;0.6567470579775668;34.0755291219137;31.14559904420579;11.82459844166821;25.06088900566101
test-corridor;safe-iter-4000;constructed-self-constructing-unsafe;0;0.2;0.1249662;0.1249662;0.8855889699999999;80.58411728999998;7.847003800000066;0.03486754800000006;0.033392906188964844
test-corridor;safe-iter-4000;constructed-self-constructing-unsafe;0;0.2;0.1249662;0.1249662;0.8855889699999999;80.58411728999998;7.847003800000066;0.03486754800000006;0.03336453437805176
test-corridor;safe-iter-4000;constructed-self-constructing-unsafe;0;0.2;0.1249662;0.1249662;0.8855889699999999;80.58411728999998;7.847003800000066;0.03486754800000006;0.03258180618286133
dpm;greedy-iter-1000;constructed-self-constructing-unsafe;0;0.2;0.08718462116177388;0.08718677021690124;0.20984182534755424;5.765586190191959;44.62485376776938;4.655086370172705;43.93345522880554
test-corridor;safe-iter-4000;constructed-self-constructing-unsafe;0;0.2;0.1249662;0.1249662;0.8855889699999999;80.58411728999998;7.847003800000066;0.03486754800000006;0.0319674015045166
slippy-drone;greedy-iter-4000;constructed-self-constructing-unsafe;0;0.2;0.1926651156403609;0.1926651156403609;0.6573330148423241;34.149466055140536;31.130014172076972;11.803073293645035;25.83480477333069
test-corridor;safe-iter-4000;constructed-self-constructing-unsafe;0;0.2;0.1249662;0.1249662;0.8855889699999999;80.58411728999998;7.847003800000066;0.03486754800000006;0.03310823440551758
test-corridor;safe-iter-4000;constructed-self-constructing-unsafe;0;0.2;0.1249662;0.1249662;0.8856589699999999;80.59418729;7.843923800000009;0.031323548000000076;0.03431391716003418
test-corridor;safe-iter-4000;constructed-self-constructing-unsafe;0;0.2;0.1249662;0.1249662;0.8856589699999999;80.59418729;7.843923800000009;0.031323548000000076;0.0334019660949707
test-corridor;safe-iter-4000;constructed-self-constructing-unsafe;0;0.2;0.1249662;0.1249662;0.8856589699999999;80.59418729;7.843923800000009;0.031323548000000076;0.0320124626159668
test-corridor;safe-iter-4000;constructed-self-constructing-unsafe;0;0.2;0.1249662;0.1249662;0.8856589699999999;80.59418729;7.843923800000009;0.031323548000000076;0.03271055221557617
slippy-drone;greedy-iter-4000;constructed-self-constructing-unsafe;0;0.2;0.19275354410946816;0.19275354410946816;0.6578368212445367;34.21268772432252;31.11674542328973;11.784450203283509;25.379404544830322
test-corridor;safe-iter-4000;constructed-self-constructing-unsafe;0;0.2;0.1249662;0.1249662;0.8856589699999999;80.59418729;7.843923800000009;0.031323548000000076;0.03258061408996582
dpm;greedy-iter-1000;constructed-self-constructing-unsafe;0;0.2;0.08726977294256766;0.08727194404588615;0.20983346391320631;5.7704842547058375;44.624938723404505;4.650384296568529;43.85840368270874
test-corridor;safe-iter-4000;constructed-self-constructing-unsafe;0;0.2;0.1249662;0.1249662;0.8856589699999999;80.59418729;7.843923800000009;0.031323548000000076;0.03186392784118652
test-corridor;safe-iter-4000;constructed-self-constructing-unsafe;0;0.2;0.1249662;0.1249662;0.8856666699999999;80.59527118999998;7.843608800000057;0.030960227999999992;0.0323796272277832
test-corridor;safe-iter-4000;constructed-self-constructing-unsafe;0;0.2;0.1249662;0.1249662;0.8856666699999999;80.59527118999998;7.843608800000057;0.030960227999999992;0.032433271408081055
test-corridor;safe-iter-4000;constructed-self-constructing-unsafe;0;0.2;0.1249662;0.1249662;0.8856666699999999;80.59527118999998;7.843608800000057;0.030960227999999992;0.03276252746582031
slippy-drone;greedy-iter-4000;constructed-self-constructing-unsafe;0;0.2;0.19284169828065484;0.19284169828065484;0.6582138492914948;34.26017981787724;31.106806152957162;11.770124011400052;26.101428031921387
test-corridor;safe-iter-4000;constructed-self-constructing-unsafe;0;0.2;0.1249662;0.1249662;0.8856666699999999;80.59527118999998;7.843608800000057;0.030960227999999992;0.03399777412414551
test-corridor;safe-iter-4000;constructed-self-constructing-unsafe;0;0.2;0.1249662;0.1249662;0.8856666699999999;80.59527118999998;7.843608800000057;0.030960227999999992;0.034111738204956055
test-corridor;safe-iter-4000;constructed-self-constructing-unsafe;0;0.2;0.1249662;0.1249662;0.8856666699999999;80.59527118999998;7.843608800000057;0.030960227999999992;0.033172607421875
dpm;greedy-iter-1000;constructed-self-constructing-unsafe;0;0.2;0.08736486169860155;0.0873670562516334;0.2098245224036493;5.775494777910012;44.62502311978995;4.645153511859935;43.910696506500244
test-corridor;safe-iter-4000;constructed-self-constructing-unsafe;0;0.2;0.1249662;0.1249662;0.8856736699999999;80.59625718999999;7.843321800000027;0.030629228000000015;0.03451180458068848
test-corridor;safe-iter-4000;constructed-self-constructing-unsafe;0;0.2;0.1249662;0.1249662;0.8856736699999999;80.59625718999999;7.843321800000027;0.030629228000000015;0.03722500801086426
slippy-drone;greedy-iter-4000;constructed-self-constructing-unsafe;0;0.2;0.1929157197776113;0.1929157197776113;0.6586267484305122;34.31224403902736;31.095815623624556;11.754447139391864;26.318707704544067
test-corridor;safe-iter-4000;constructed-self-constructing-unsafe;0;0.2;0.1249662;0.1249662;0.8856736699999999;80.59625718999999;7.843321800000027;0.030629228000000015;0.0360255241394043
test-corridor;safe-iter-4000;constructed-self-constructing-unsafe;0;0.2;0.1249662;0.1249662;0.8856806699999998;80.59725718999998;7.843020800000024;0.03028262800000003;0.03449892997741699
test-corridor;safe-iter-4000;constructed-self-constructing-unsafe;0;0.2;0.1249662;0.1249662;0.8856806699999998;80.59725718999998;7.843020800000054;0.03028262800000003;0.03527021408081055
test-corridor;safe-iter-4000;constructed-self-constructing-unsafe;0;0.2;0.1249662;0.1249662;0.8856806699999998;80.59725718999998;7.843020800000054;0.03028262800000003;0.037052154541015625
slippy-drone;greedy-iter-4000;constructed-self-constructing-unsafe;0;0.2;0.19300791363555134;0.19300791363555134;0.6589949999190036;34.35843300517744;31.086033470982414;11.73970382459994;26.621301889419556
test-corridor;safe-iter-4000;constructed-self-constructing-unsafe;0;0.2;0.1249662;0.1249662;0.8856806699999998;80.59725718999998;7.843020800000054;0.03028262800000003;0.03549361228942871
dpm;greedy-iter-1000;constructed-self-constructing-unsafe;0;0.2;0.087463269301338;0.0874654878844428;0.209815109638552;5.780522018028776;44.62511381956695;4.639729828789427;44.89988040924072
test-corridor;safe-iter-4000;constructed-self-constructing-unsafe;0;0.2;0.1249662;0.1249662;0.8856806699999998;80.59725718999998;7.843020800000054;0.03028262800000003;0.03651738166809082
test-corridor;safe-iter-4000;constructed-self-constructing-unsafe;0;0.2;0.1249662;0.1249662;0.8856876699999999;80.59823619;7.842740800000052;0.029959428000000073;0.03541707992553711
test-corridor;safe-iter-4000;constructed-self-constructing-unsafe;0;0.2;0.1249662;0.1249662;0.8856876699999999;80.59823619;7.842740800000052;0.029959428000000073;0.03529620170593262
collect;greedy-iter-500;constructed-self-constructing-unsafe;0;0.2;0.19999997518063142;0.19999997518063142;0.7421607802439284;32.74267158838212;41.167777940110305;10.758629317468744;186.7461326122284
test-corridor;safe-iter-4000;constructed-self-constructing-unsafe;0;0.2;0.1249662;0.1249662;0.8856876699999999;80.59823619;7.842740800000052;0.029959428000000073;0.0347902774810791
slippy-drone;greedy-iter-4000;constructed-self-constructing-unsafe;0;0.2;0.19310766565560294;0.19310766565560294;0.659505817105555;34.42258511051716;31.07237450658979;11.719411403326967;27.011417150497437
test-corridor;safe-iter-4000;constructed-self-constructing-unsafe;0;0.2;0.1249662;0.1249662;0.8856876699999999;80.59823619;7.842740800000052;0.029959428000000073;0.03482651710510254
test-corridor;safe-iter-4000;constructed-self-constructing-unsafe;0;0.2;0.1249662;0.1249662;0.8856876699999999;80.59823619;7.842740800000024;0.029959428000000073;0.03552699089050293
test-corridor;safe-iter-4000;constructed-self-constructing-unsafe;0;0.2;0.1249662;0.1249662;0.8856876699999999;80.59823619;7.842740800000024;0.029959428000000073;0.03645133972167969
dpm;greedy-iter-1000;constructed-self-constructing-unsafe;0;0.2;0.0875575076209594;0.08755974827511545;0.20980593161049066;5.785522542514904;44.62520479715717;4.634526600945498;46.079347133636475
test-corridor;safe-iter-4000;constructed-self-constructing-unsafe;0;0.2;0.1249662;0.1249662;0.8856876699999999;80.59823619;7.842740800000024;0.029959428000000073;0.03763604164123535
test-corridor;safe-iter-4000;constructed-self-constructing-unsafe;0;0.2;0.1249662;0.1249662;0.8856876699999999;80.59823619;7.842740800000024;0.029959428000000073;0.03651595115661621
slippy-drone;greedy-iter-4000;constructed-self-constructing-unsafe;0;0.2;0.1931626540742295;0.1931626540742295;0.6598127869529965;34.46096714327519;31.06405081815009;11.70709257001575;26.842408180236816
test-corridor;safe-iter-4000;constructed-self-constructing-unsafe;0;0.2;0.1249662;0.1249662;0.8856876699999999;80.59823619;7.842740800000024;0.029959428000000073;0.03700661659240723
test-corridor;safe-iter-4000;constructed-self-constructing-unsafe;0;0.2;0.12496731;0.12496731;0.8856954399999999;80.59932980999999;7.842423070000027;0.029592954000000036;0.03864145278930664
test-corridor;safe-iter-4000;constructed-self-constructing-unsafe;0;0.2;0.12496731;0.12496731;0.8856954399999999;80.59932980999999;7.842423070000027;0.029592954000000036;0.036218881607055664
test-corridor;safe-iter-4000;constructed-self-constructing-unsafe;0;0.2;0.12496941;0.12496941;0.8857101399999999;80.60140670999999;7.841814070000017;0.028890833999999976;0.03621530532836914
test-corridor;safe-iter-4000;constructed-self-constructing-unsafe;0;0.2;0.12496941;0.12496941;0.8857101399999999;80.60140670999999;7.841814070000017;0.028890833999999976;0.03573274612426758
slippy-drone;greedy-iter-4000;constructed-self-constructing-unsafe;0;0.2;0.19323655255623903;0.19323655255623903;0.6602224583408569;34.512678435965796;31.053075516243272;11.691725232076003;27.18135380744934
dpm;greedy-iter-1000;constructed-self-constructing-unsafe;0;0.2;0.08764634867345733;0.08764861008802013;0.20979732202767104;5.790171050085938;44.625289308539564;4.629626568932371;46.33118963241577
test-corridor;safe-iter-4000;constructed-self-constructing-unsafe;0;0.2;0.12496941;0.12496941;0.8857101399999999;80.60140670999999;7.841814070000017;0.028890833999999976;0.036336660385131836
test-corridor;safe-iter-4000;constructed-self-constructing-unsafe;0;0.2;0.12496941;0.12496941;0.8857101399999999;80.60140670999999;7.841814070000017;0.028890833999999976;0.03617095947265625
test-corridor;safe-iter-4000;constructed-self-constructing-unsafe;0;0.2;0.12496941;0.12496941;0.8857101399999999;80.60140670999999;7.841814070000017;0.028890833999999976;0.036287784576416016
test-corridor;safe-iter-4000;constructed-self-constructing-unsafe;0;0.2;0.12496941;0.12496941;0.8857101399999999;80.60140571;7.841814070000044;0.028488634000000082;0.04018521308898926
test-corridor;safe-iter-4000;constructed-self-constructing-unsafe;0;0.2;0.12496941;0.12496941;0.8857101399999999;80.60140560999999;7.841814070000014;0.028448414;0.03730320930480957
slippy-drone;greedy-iter-4000;constructed-self-constructing-unsafe;0;0.2;0.19333754970799746;0.19333754970799746;0.6606028460972164;34.5602323767297;31.042901600766303;11.676227570682233;28.992499589920044
test-corridor;safe-iter-4000;constructed-self-constructing-unsafe;0;0.2;0.12496941;0.12496941;0.8857101399999999;80.60140560999999;7.841814070000014;0.028448414;0.03797149658203125
test-corridor;safe-iter-4000;constructed-self-constructing-unsafe;0;0.2;0.12497041;0.12497041;0.8857171399999999;80.60239160999998;7.8415270700000415;0.028117414000000084;0.03697490692138672
test-corridor;safe-iter-4000;constructed-self-constructing-unsafe;0;0.2;0.12497141;0.12497141;0.8857318399999999;80.60445521;7.8409313700000025;0.027430114000000023;0.03804588317871094
dpm;greedy-iter-1000;constructed-self-constructing-unsafe;0;0.2;0.0877402035805929;0.08774248817788682;0.20978838336463151;5.79503043592832;44.62537467614181;4.624455091519929;49.63750696182251
test-corridor;safe-iter-4000;constructed-self-constructing-unsafe;0;0.2;0.12497241;0.12497241;0.8857388399999999;80.60544121;7.840644370000024;0.027099114000000046;0.037933349609375
test-corridor;safe-iter-4000;constructed-self-constructing-unsafe;0;0.2;0.12497241;0.12497241;0.8857388399999999;80.60544121;7.840644370000027;0.027099114000000046;0.039391279220581055
slippy-drone;greedy-iter-4000;constructed-self-constructing-unsafe;0;0.2;0.1934159489275016;0.1934159489275016;0.6609513424763361;34.604315122225266;31.033495326472135;11.662563240660132;27.607129096984863
test-corridor;safe-iter-4000;constructed-self-constructing-unsafe;0;0.2;0.12497241;0.12497241;0.8857388399999999;80.60544121;7.840644370000027;0.027099114000000046;0.03864312171936035
test-corridor;safe-iter-4000;constructed-self-constructing-unsafe;0;0.2;0.12497241;0.12497241;0.8857388399999999;80.60544121;7.840644370000027;0.027099114000000046;0.04138922691345215
test-corridor;safe-iter-4000;constructed-self-constructing-unsafe;0;0.2;0.12497241;0.12497241;0.8857388399999999;80.60544121;7.840644370000027;0.027099114000000046;0.038550376892089844
test-corridor;safe-iter-4000;constructed-self-constructing-unsafe;0;0.2;0.12497241;0.12497241;0.8857388399999999;80.60544121;7.840644370000027;0.027099114000000046;0.03813648223876953
test-corridor;safe-iter-4000;constructed-self-constructing-unsafe;0;0.2;0.12497241;0.12497241;0.8857388399999999;80.60544121;7.840644370000027;0.027099114000000046;0.0387873649597168
slippy-drone;greedy-iter-4000;constructed-self-constructing-unsafe;0;0.2;0.1935019659305533;0.1935019659305533;0.6615046818812281;34.67407799225539;31.018912289460463;11.642599633296006;28.096978664398193
dpm;greedy-iter-1000;constructed-self-constructing-unsafe;0;0.2;0.0878311789604925;0.08783348273108163;0.2097796843795877;5.79985505471495;44.62545886662411;4.619439826129716;48.32062339782715
test-corridor;safe-iter-4000;constructed-self-constructing-unsafe;0;0.2;0.12497241;0.12497241;0.8857388399999999;80.60544121;7.840644370000028;0.027099114000000046;0.03926229476928711
test-corridor;safe-iter-4000;constructed-self-constructing-unsafe;0;0.2;0.12497241;0.12497241;0.8857388399999999;80.60544121;7.840644370000028;0.027099114000000046;0.03972983360290527
test-corridor;safe-iter-4000;constructed-self-constructing-unsafe;0;0.2;0.12497241;0.12497241;0.8857388399999999;80.60544121;7.840644370000028;0.027099114000000046;0.03922772407531738
test-corridor;safe-iter-4000;constructed-self-constructing-unsafe;0;0.2;0.12497241;0.12497241;0.8857388399999999;80.60544121;7.840644370000028;0.027099114000000046;0.03891706466674805
test-corridor;safe-iter-4000;constructed-self-constructing-unsafe;0;0.2;0.12497241;0.12497241;0.8857388399999999;80.60544121;7.840644370000028;0.027099114000000046;0.03870534896850586
slippy-drone;greedy-iter-4000;constructed-self-constructing-unsafe;0;0.2;0.19359387016959587;0.19359387016959587;0.6618252445370886;34.71424635873428;31.010393421444018;11.629316782630209;27.901002407073975
test-corridor;safe-iter-4000;constructed-self-constructing-unsafe;0;0.2;0.12497241;0.12497241;0.8857388399999999;80.60544121;7.840644370000028;0.027099114000000046;0.03994870185852051
test-corridor;safe-iter-4000;constructed-self-constructing-unsafe;0;0.2;0.12497241;0.12497241;0.8857388399999999;80.60544121;7.840644370000028;0.027099114000000046;0.03897547721862793
test-corridor;safe-iter-4000;constructed-self-constructing-unsafe;0;0.2;0.12497241;0.12497241;0.8857388399999999;80.60544121;7.840644370000028;0.027099114000000046;0.03990006446838379
dpm;greedy-iter-1000;constructed-self-constructing-unsafe;0;0.2;0.08793359511999371;0.0879359215534675;0.20976967383802203;5.805134521748149;44.62555967008735;4.6137819419826025;48.07127904891968
test-corridor;safe-iter-4000;constructed-self-constructing-unsafe;0;0.2;0.12497241;0.12497241;0.8857388399999999;80.60544121;7.840644370000028;0.027099114000000046;0.03978705406188965
test-corridor;safe-iter-4000;constructed-self-constructing-unsafe;0;0.2;0.12497241;0.12497241;0.8857388399999999;80.60544121;7.840644370000028;0.027099114000000046;0.03801751136779785
slippy-drone;greedy-iter-4000;constructed-self-constructing-unsafe;0;0.2;0.19366732009073265;0.19366732009073265;0.6621229954850242;34.75167366219999;31.002462760297703;11.617330349433477;28.6264169216156
test-corridor;safe-iter-4000;constructed-self-constructing-unsafe;0;0.2;0.12497241;0.12497241;0.8857388399999999;80.60544121;7.840644370000028;0.027099114000000046;0.038958072662353516
test-corridor;safe-iter-4000;constructed-self-constructing-unsafe;0;0.2;0.12497241;0.12497241;0.8857395399999999;80.60553771;7.840617770000024;0.027068354000000017;0.038039445877075195
test-corridor;safe-iter-4000;constructed-self-constructing-unsafe;0;0.2;0.12497241;0.12497241;0.8857395399999999;80.60553771;7.840617770000024;0.027068354000000017;0.03958487510681152
test-corridor;safe-iter-4000;constructed-self-constructing-unsafe;0;0.2;0.12497252;0.12497252;0.88574031;80.60564609999999;7.840586270000032;0.027032022000000072;0.038718461990356445
test-corridor;safe-iter-4000;constructed-self-constructing-unsafe;0;0.2;0.12497252;0.12497252;0.88574031;80.60564609999999;7.840586270000032;0.027032022000000072;0.04004931449890137
collect;greedy-iter-500;constructed-self-constructing-unsafe;0;0.2;0.19999997518063142;0.19999997518063142;0.7424503421788919;32.77368799623684;41.16523827262711;10.74879181323949;191.28727746009827
test-corridor;safe-iter-4000;constructed-self-constructing-unsafe;0;0.2;0.12497252;0.12497252;0.8857410099999999;80.6057454;7.840556869999999;0.026998142000000027;0.0398859977722168
slippy-drone;greedy-iter-4000;constructed-self-constructing-unsafe;0;0.2;0.19374725131235856;0.19374725131235856;0.6625068991747624;34.80000974631534;30.99198587280208;11.601841136096882;28.699902057647705
dpm;greedy-iter-1000;constructed-self-constructing-unsafe;0;0.2;0.08804082640490389;0.08804317138610697;0.20975872066679954;5.810879701317792;44.625676132664154;4.607839738067868;50.5970664024353
test-corridor;safe-iter-4000;constructed-self-constructing-unsafe;0;0.2;0.12497262;0.12497262;0.88574171;80.6058433;7.840528870000021;0.02696582200000006;0.040306806564331055
test-corridor;safe-iter-4000;constructed-self-constructing-unsafe;0;0.2;0.12497262;0.12497262;0.88574241;80.6059419;7.840500170000016;0.02693272200000003;0.04214143753051758
test-corridor;safe-iter-4000;constructed-self-constructing-unsafe;0;0.2;0.12497262;0.12497262;0.88574241;80.6059419;7.840500170000016;0.02693272200000003;0.040045738220214844
test-corridor;safe-iter-4000;constructed-self-constructing-unsafe;0;0.2;0.12497262;0.12497262;0.88574241;80.6059419;7.840500170000016;0.02693272200000003;0.03914952278137207
test-corridor;safe-iter-4000;constructed-self-constructing-unsafe;0;0.2;0.12497262;0.12497262;0.88574241;80.6059419;7.840500170000016;0.02693272200000003;0.0401914119720459
slippy-drone;greedy-iter-4000;constructed-self-constructing-unsafe;0;0.2;0.19383731993556927;0.19383731993556927;0.6629077949149029;34.85068215136367;30.98100321806331;11.58571201383016;28.82564401626587
test-corridor;safe-iter-4000;constructed-self-constructing-unsafe;0;0.2;0.12497262;0.12497262;0.88574241;80.60594090000001;7.840500170000044;0.02651092200000001;0.04174089431762695
test-corridor;safe-iter-4000;constructed-self-constructing-unsafe;0;0.2;0.12497262;0.12497262;0.88574241;80.60594090000001;7.840500170000044;0.02651092200000001;0.04149341583251953
test-corridor;safe-iter-4000;constructed-self-constructing-unsafe;0;0.2;0.12497362000000001;0.12497362000000001;0.88574941;80.6069199;7.840220170000044;0.026187722000000024;0.04075288772583008
dpm;greedy-iter-1000;constructed-self-constructing-unsafe;0;0.2;0.08816360218283087;0.08816596749593794;0.20974614079249276;5.8176263828384895;44.625808367866334;4.60103230311667;50.25334358215332
test-corridor;safe-iter-4000;constructed-self-constructing-unsafe;0;0.2;0.12497362000000001;0.12497362000000001;0.88574941;80.6069199;7.840220170000044;0.026187722000000024;0.04227805137634277
test-corridor;safe-iter-4000;constructed-self-constructing-unsafe;0;0.2;0.12497362000000001;0.12497362000000001;0.88574941;80.6069199;7.8402201700000145;0.026187722000000024;0.04389452934265137
slippy-drone;greedy-iter-4000;constructed-self-constructing-unsafe;0;0.2;0.19390892040465582;0.19390892040465582;0.6633386790540404;34.90527905109822;30.969303754206734;11.569144090051322;29.32102942466736
test-corridor;safe-iter-4000;constructed-self-constructing-unsafe;0;0.2;0.12497362000000001;0.12497362000000001;0.88574941;80.6069199;7.8402201700000145;0.026187722000000024;0.0485682487487793
test-corridor;safe-iter-4000;constructed-self-constructing-unsafe;0;0.2;0.12497362000000001;0.12497362000000001;0.88575711;80.60800309999999;7.839905870000063;0.025825182000000016;0.042397499084472656
test-corridor;safe-iter-4000;constructed-self-constructing-unsafe;0;0.2;0.12497362000000001;0.12497362000000001;0.88575711;80.60800309999999;7.839905870000063;0.025825182000000016;0.041634559631347656
test-corridor;safe-iter-4000;constructed-self-constructing-unsafe;0;0.2;0.12497362000000001;0.12497362000000001;0.88575711;80.608003;7.8399058700000355;0.025784962000000064;0.04221391677856445
test-corridor;safe-iter-4000;constructed-self-constructing-unsafe;0;0.2;0.12497362000000001;0.12497362000000001;0.88575711;80.608003;7.8399058700000355;0.025784962000000064;0.04219532012939453
test-corridor;safe-iter-4000;constructed-self-constructing-unsafe;0;0.2;0.12497362000000001;0.12497362000000001;0.88575711;80.608003;7.8399058700000355;0.025784962000000064;0.04424166679382324
slippy-drone;greedy-iter-4000;constructed-self-constructing-unsafe;0;0.2;0.19396392420508382;0.19396392420508382;0.6636343392395297;34.94243879617883;30.961484967552057;11.55794842330962;31.213743925094604
dpm;greedy-iter-1000;constructed-self-constructing-unsafe;0;0.2;0.0882836084014974;0.08828599190718618;0.2097340501426888;5.823998478870049;44.62593309216923;4.594372740098841;54.72636890411377
test-corridor;safe-iter-4000;constructed-self-constructing-unsafe;0;0.2;0.12497362000000001;0.12497362000000001;0.88575711;80.608003;7.8399058700000355;0.025784962000000064;0.04359126091003418
test-corridor;safe-iter-4000;constructed-self-constructing-unsafe;0;0.2;0.12497362000000001;0.12497362000000001;0.88575711;80.608003;7.8399058700000355;0.025784962000000064;0.04349517822265625
test-corridor;safe-iter-4000;constructed-self-constructing-unsafe;0;0.2;0.12497362000000001;0.12497362000000001;0.88575711;80.608002;7.839905870000062;0.02537296200000004;0.04418492317199707
test-corridor;safe-iter-4000;constructed-self-constructing-unsafe;0;0.2;0.12497362000000001;0.12497362000000001;0.88575711;80.608002;7.839905870000062;0.02537296200000004;0.0435638427734375
test-corridor;safe-iter-4000;constructed-self-constructing-unsafe;0;0.2;0.12497362000000001;0.12497362000000001;0.88575711;80.608002;7.839905870000062;0.02537296200000004;0.04455137252807617
slippy-drone;greedy-iter-4000;constructed-self-constructing-unsafe;0;0.2;0.19402450199601975;0.19402450199601975;0.6639641313257634;34.983894564258975;30.952729860051047;11.545349346320739;29.914167642593384
test-corridor;safe-iter-4000;constructed-self-constructing-unsafe;0;0.2;0.12497362000000001;0.12497362000000001;0.88575711;80.608002;7.839905870000062;0.02537296200000004;0.04495978355407715
test-corridor;safe-iter-4000;constructed-self-constructing-unsafe;0;0.2;0.12497362000000001;0.12497362000000001;0.88575711;80.608002;7.839905870000062;0.02537296200000004;0.044562578201293945
test-corridor;safe-iter-4000;constructed-self-constructing-unsafe;0;0.2;0.12497362000000001;0.12497362000000001;0.88575711;80.608002;7.839905870000062;0.02537296200000004;0.044304847717285156
dpm;greedy-iter-1000;constructed-self-constructing-unsafe;0;0.2;0.08838371205021076;0.0883861168116479;0.20972386515783137;5.829378671676293;44.62604054005175;4.588825055218953;51.40050411224365
test-corridor;safe-iter-4000;constructed-self-constructing-unsafe;0;0.2;0.12497362000000001;0.12497362000000001;0.88575711;80.608002;7.839905870000062;0.02537296200000004;0.04505753517150879
test-corridor;safe-iter-4000;constructed-self-constructing-unsafe;0;0.2;0.12497362000000001;0.12497362000000001;0.88575711;80.608002;7.839905870000062;0.02537296200000004;0.04384779930114746
slippy-drone;greedy-iter-4000;constructed-self-constructing-unsafe;0;0.2;0.19408458004308066;0.19408458004308066;0.6642883927921275;35.02462345425533;30.9438827678746;11.532438736637712;30.230369091033936
test-corridor;safe-iter-4000;constructed-self-constructing-unsafe;0;0.2;0.12497362000000001;0.12497362000000001;0.88575711;80.608002;7.839905870000062;0.02537296200000004;0.044289588928222656
test-corridor;safe-iter-4000;constructed-self-constructing-unsafe;0;0.2;0.12497362000000001;0.12497362000000001;0.88575711;80.608002;7.839905870000062;0.02537296200000004;0.04371380805969238
test-corridor;safe-iter-4000;constructed-self-constructing-unsafe;0;0.2;0.12497462000000001;0.12497462000000001;0.88576481;80.6090705;7.839606270000025;0.025026802000000063;0.04390907287597656
test-corridor;safe-iter-4000;constructed-self-constructing-unsafe;0;0.2;0.12497462000000001;0.12497462000000001;0.88576481;80.6090705;7.839606270000025;0.025026802000000063;0.04390668869018555
test-corridor;safe-iter-4000;constructed-self-constructing-unsafe;0;0.2;0.12497462000000001;0.12497462000000001;0.88576481;80.6090705;7.839606270000025;0.025026802000000063;0.044583797454833984
slippy-drone;greedy-iter-4000;constructed-self-constructing-unsafe;0;0.2;0.19417630078942671;0.19417630078942671;0.6647266977470376;35.079742090665675;30.932233742090922;11.51590542690021;30.260443687438965
test-corridor;safe-iter-4000;constructed-self-constructing-unsafe;0;0.2;0.12497462000000001;0.12497462000000001;0.88576481;80.6090705;7.839606270000025;0.025026802000000063;0.045810699462890625
dpm;greedy-iter-1000;constructed-self-constructing-unsafe;0;0.2;0.08847312770344913;0.0884755540721687;0.20971503932933333;5.834114676385887;44.626129741599264;4.583883548469429;52.12669348716736
test-corridor;safe-iter-4000;constructed-self-constructing-unsafe;0;0.2;0.12497462000000001;0.12497462000000001;0.88576481;80.6090705;7.839606270000025;0.025026802000000063;0.04464364051818848
test-corridor;safe-iter-4000;constructed-self-constructing-unsafe;0;0.2;0.12497462000000001;0.12497462000000001;0.88576481;80.6090705;7.839606270000025;0.025026802000000063;0.044760704040527344
test-corridor;safe-iter-4000;constructed-self-constructing-unsafe;0;0.2;0.12497462000000001;0.12497462000000001;0.88576481;80.6090705;7.839606270000025;0.025026802000000063;0.04479408264160156
test-corridor;safe-iter-4000;constructed-self-constructing-unsafe;0;0.2;0.12497562000000001;0.12497562000000001;0.8857718099999999;80.6100565;7.839319270000054;0.024695802000000048;0.04965496063232422
test-corridor;safe-iter-4000;constructed-self-constructing-unsafe;0;0.2;0.12497562000000001;0.12497562000000001;0.8857718099999999;80.6100565;7.839319270000054;0.024695802000000048;0.0455775260925293
slippy-drone;greedy-iter-4000;constructed-self-constructing-unsafe;0;0.2;0.19424926798678052;0.19424926798678052;0.6651031983639986;35.12705214765593;30.922110901548585;11.500975183962106;30.948870182037354
test-corridor;safe-iter-4000;constructed-self-constructing-unsafe;0;0.2;0.12497562000000001;0.12497562000000001;0.8857718099999999;80.6100565;7.839319270000054;0.024695802000000048;0.04613065719604492
test-corridor;safe-iter-4000;constructed-self-constructing-unsafe;0;0.2;0.12497562000000001;0.12497562000000001;0.8857725099999999;80.61015439999998;7.839291270000054;0.024663482000000028;0.04622077941894531
test-corridor;safe-iter-4000;constructed-self-constructing-unsafe;0;0.2;0.12497562000000001;0.12497562000000001;0.8857725099999999;80.61015439999998;7.839291270000054;0.024663482000000028;0.04490327835083008
dpm;greedy-iter-1000;constructed-self-constructing-unsafe;0;0.2;0.08855987090938874;0.08856231886575738;0.20970663553373065;5.838544172774116;44.62621313212577;4.579096577054128;54.375006675720215
test-corridor;safe-iter-4000;constructed-self-constructing-unsafe;0;0.2;0.12497662000000001;0.12497662000000001;0.88577958;80.61114305;7.839008610000089;0.024337206000000097;0.04602789878845215
collect;greedy-iter-500;constructed-self-constructing-unsafe;0;0.2;0.19999997518063142;0.19999997518063142;0.7424543455908035;32.7741162863933;41.16520625959915;10.748653774361623;192.2561993598938
test-corridor;safe-iter-4000;constructed-self-constructing-unsafe;0;0.2;0.12497662000000001;0.12497662000000001;0.88577958;80.61114305;7.839008610000089;0.024337206000000097;0.04609847068786621
slippy-drone;greedy-iter-4000;constructed-self-constructing-unsafe;0;0.2;0.19435194221111193;0.19435194221111193;0.665505398434675;35.17743126623708;30.911420214638675;11.48474088525951;31.21447491645813
test-corridor;safe-iter-4000;constructed-self-constructing-unsafe;0;0.2;0.12497662000000001;0.12497662000000001;0.88577958;80.61114305;7.839008610000089;0.024337206000000097;0.04635286331176758
test-corridor;safe-iter-4000;constructed-self-constructing-unsafe;0;0.2;0.12497662000000001;0.12497662000000001;0.88577958;80.61114305;7.839008610000089;0.024337206000000097;0.047170162200927734
test-corridor;safe-iter-4000;constructed-self-constructing-unsafe;0;0.2;0.12497662000000001;0.12497662000000001;0.88577958;80.61114305;7.839008610000089;0.024337206000000097;0.04641127586364746
test-corridor;safe-iter-4000;constructed-self-constructing-unsafe;0;0.2;0.12497662000000001;0.12497662000000001;0.88577958;80.61114305;7.839008610000089;0.024337206000000097;0.04531526565551758
test-corridor;safe-iter-4000;constructed-self-constructing-unsafe;0;0.2;0.12497662000000001;0.12497662000000001;0.88577958;80.61114305;7.839008610000089;0.024337206000000097;0.04759573936462402
slippy-drone;greedy-iter-4000;constructed-self-constructing-unsafe;0;0.2;0.19440801899183044;0.19440801899183044;0.665799930585785;35.21455837713815;30.903619038282;11.473625165979232;30.741724967956543
test-corridor;safe-iter-4000;constructed-self-constructing-unsafe;0;0.2;0.12497662000000001;0.12497662000000001;0.88577958;80.61114305;7.839008610000089;0.024337206000000097;0.045850276947021484
test-corridor;safe-iter-4000;constructed-self-constructing-unsafe;0;0.2;0.12497662000000001;0.12497662000000001;0.88577958;80.61114305;7.839008610000089;0.024337206000000097;0.0491480827331543
dpm;greedy-iter-1000;constructed-self-constructing-unsafe;0;0.2;0.0886610059063964;0.08866347668473448;0.2096970798467076;5.843639725741646;44.62630340187929;4.573529695306942;56.4929404258728
test-corridor;safe-iter-4000;constructed-self-constructing-unsafe;0;0.2;0.12497662000000001;0.12497662000000001;0.88577958;80.61114305;7.839008610000089;0.024337206000000097;0.04770803451538086
test-corridor;safe-iter-4000;constructed-self-constructing-unsafe;0;0.2;0.12497662000000001;0.12497662000000001;0.88577958;80.61114205;7.839008610000095;0.023915406000000076;0.047599077224731445
test-corridor;safe-iter-4000;constructed-self-constructing-unsafe;0;0.2;0.12497662000000001;0.12497662000000001;0.88577958;80.61114205;7.839008610000095;0.023915406000000076;0.048252105712890625
test-corridor;safe-iter-4000;constructed-self-constructing-unsafe;0;0.2;0.12497662000000001;0.12497662000000001;0.88577958;80.61114205;7.839008610000095;0.023915406000000076;0.04712057113647461
slippy-drone;greedy-iter-4000;constructed-self-constructing-unsafe;0;0.2;0.19446900211817042;0.19446900211817042;0.6662276970193491;35.26845641101971;30.89225387838076;11.457998217837115;31.11345863342285
test-corridor;safe-iter-4000;constructed-self-constructing-unsafe;0;0.2;0.12497662000000001;0.12497662000000001;0.88577958;80.61114205;7.839008610000095;0.023915406000000076;0.04699993133544922
test-corridor;safe-iter-4000;constructed-self-constructing-unsafe;0;0.2;0.12497662000000001;0.12497662000000001;0.88577958;80.61114205;7.839008610000095;0.023915406000000076;0.04875349998474121
test-corridor;safe-iter-4000;constructed-self-constructing-unsafe;0;0.2;0.12497662000000001;0.12497662000000001;0.88577958;80.61114205;7.839008610000095;0.023915406000000076;0.05050039291381836
test-corridor;safe-iter-4000;constructed-self-constructing-unsafe;0;0.2;0.12497672000000001;0.12497672000000001;0.88578028;80.61123855;7.838982010000082;0.02388464600000003;0.047922372817993164
dpm;greedy-iter-1000;constructed-self-constructing-unsafe;0;0.2;0.08874864044809899;0.08875113366557563;0.2096885605427219;5.848037778968933;44.62638820265399;4.568691131544482;56.92941355705261
test-corridor;safe-iter-4000;constructed-self-constructing-unsafe;0;0.2;0.12497672000000001;0.12497672000000001;0.8857872800000001;80.61223155000002;7.838688010000081;0.023545846000000044;0.0484163761138916
test-corridor;safe-iter-4000;constructed-self-constructing-unsafe;0;0.2;0.12497672000000001;0.12497672000000001;0.8857872800000001;80.61223155000002;7.838688010000081;0.023545846000000044;0.04785490036010742
slippy-drone;greedy-iter-4000;constructed-self-constructing-unsafe;0;0.2;0.1945333797857841;0.1945333797857841;0.6665400849909402;35.30785387768906;30.883865456344324;11.445800251899412;34.12248873710632
test-corridor;safe-iter-4000;constructed-self-constructing-unsafe;0;0.2;0.12497672000000001;0.12497672000000001;0.8857872800000001;80.61223155000002;7.838688010000081;0.023545846000000044;0.04990434646606445
test-corridor;safe-iter-4000;constructed-self-constructing-unsafe;0;0.2;0.12497672000000001;0.12497672000000001;0.8857872800000001;80.61223155000002;7.83868801000008;0.023545846000000044;0.04970717430114746
test-corridor;safe-iter-4000;constructed-self-constructing-unsafe;0;0.2;0.12497672000000001;0.12497672000000001;0.8857872800000001;80.61223155000002;7.83868801000008;0.023545846000000044;0.04805779457092285
test-corridor;safe-iter-4000;constructed-self-constructing-unsafe;0;0.2;0.12497672000000001;0.12497672000000001;0.8857872800000001;80.61223155000002;7.838688010000081;0.023545846000000044;0.05247354507446289
test-corridor;safe-iter-4000;constructed-self-constructing-unsafe;0;0.2;0.12497672000000001;0.12497672000000001;0.8857872800000001;80.61223155000002;7.838688010000081;0.023545846000000044;0.04897737503051758
slippy-drone;greedy-iter-4000;constructed-self-constructing-unsafe;0;0.2;0.1945987500716352;0.1945987500716352;0.666805783870258;35.34124626799128;30.876658646831547;11.434868152536131;32.06458830833435
test-corridor;safe-iter-4000;constructed-self-constructing-unsafe;0;0.2;0.12497672000000001;0.12497672000000001;0.8857872800000001;80.61223155000002;7.838688010000081;0.023545846000000044;0.048905134201049805
test-corridor;safe-iter-4000;constructed-self-constructing-unsafe;0;0.2;0.12497672000000001;0.12497672000000001;0.8857872800000001;80.61223155000002;7.838688010000081;0.023545846000000044;0.04867887496948242
dpm;greedy-iter-1000;constructed-self-constructing-unsafe;0;0.2;0.0888165721036771;0.08881908308784636;0.20968216314918592;5.851735376307129;44.626448919361245;4.564949411265545;56.12508487701416
test-corridor;safe-iter-4000;constructed-self-constructing-unsafe;0;0.2;0.12497672000000001;0.12497672000000001;0.8857872800000001;80.61223155000002;7.838688010000081;0.023545846000000044;0.05129671096801758
test-corridor;safe-iter-4000;constructed-self-constructing-unsafe;0;0.2;0.12497672000000001;0.12497672000000001;0.8857872800000001;80.61223155000002;7.838688010000081;0.023545846000000044;0.04842829704284668
test-corridor;safe-iter-4000;constructed-self-constructing-unsafe;0;0.2;0.12497772000000001;0.12497772000000001;0.88579428;80.61321055;7.83840801000008;0.02322264600000006;0.05019736289978027
test-corridor;safe-iter-4000;constructed-self-constructing-unsafe;0;0.2;0.12497772000000001;0.12497772000000001;0.88579428;80.61321055;7.83840801000008;0.02322264600000006;0.04852604866027832
slippy-drone;greedy-iter-4000;constructed-self-constructing-unsafe;0;0.2;0.1946955546094094;0.1946955546094094;0.6673948606821468;35.41542153964956;30.861109907999865;11.413390756744912;32.57379865646362
test-corridor;safe-iter-4000;constructed-self-constructing-unsafe;0;0.2;0.12497772000000001;0.12497772000000001;0.88580198;80.61430215;7.838085310000069;0.022850746000000047;0.0490269660949707
test-corridor;safe-iter-4000;constructed-self-constructing-unsafe;0;0.2;0.12497772000000001;0.12497772000000001;0.88580898;80.61529515;7.837791310000068;0.022511946000000053;0.05103349685668945
test-corridor;safe-iter-4000;constructed-self-constructing-unsafe;0;0.2;0.12497772000000001;0.12497772000000001;0.88580898;80.61529515;7.837791310000068;0.022511946000000053;0.050252437591552734
test-corridor;safe-iter-4000;constructed-self-constructing-unsafe;0;0.2;0.12497882000000002;0.12497882000000002;0.88582368;80.61737905;7.837175310000026;0.021802026000000013;0.049842119216918945
dpm;greedy-iter-1000;constructed-self-constructing-unsafe;0;0.2;0.08890884086051097;0.0889113714946021;0.20967323589334946;5.856642070015335;44.62653689187248;4.559858780903726;55.386674642562866
test-corridor;safe-iter-4000;constructed-self-constructing-unsafe;0;0.2;0.12497882000000002;0.12497882000000002;0.88582368;80.61737905;7.837175310000026;0.021802026000000013;0.05124211311340332
slippy-drone;greedy-iter-4000;constructed-self-constructing-unsafe;0;0.2;0.19475619285181978;0.19475619285181978;0.6676761200632495;35.45108691002799;30.853449137960236;11.40238591416014;32.42538809776306
test-corridor;safe-iter-4000;constructed-self-constructing-unsafe;0;0.2;0.12497882000000002;0.12497882000000002;0.88582368;80.61737905;7.837175310000026;0.021802026000000013;0.04952716827392578
test-corridor;safe-iter-4000;constructed-self-constructing-unsafe;0;0.2;0.12497882000000002;0.12497882000000002;0.88582438;80.61747595;7.837147310000077;0.021347906000000028;0.05247139930725098
test-corridor;safe-iter-4000;constructed-self-constructing-unsafe;0;0.2;0.12497882000000002;0.12497882000000002;0.88582438;80.61747595;7.837147310000077;0.021347906000000028;0.05062556266784668
test-corridor;safe-iter-4000;constructed-self-constructing-unsafe;0;0.2;0.12497882000000002;0.12497882000000002;0.88582438;80.61747595;7.837147310000077;0.021347906000000028;0.05211448669433594
test-corridor;safe-iter-4000;constructed-self-constructing-unsafe;0;0.2;0.12497882000000002;0.12497882000000002;0.88582438;80.61747595;7.837147310000077;0.021347906000000028;0.05046868324279785
test-corridor;safe-iter-4000;constructed-self-constructing-unsafe;0;0.2;0.12497882000000002;0.12497882000000002;0.88582438;80.61747595;7.837147310000077;0.021347906000000028;0.05021524429321289
slippy-drone;greedy-iter-4000;constructed-self-constructing-unsafe;0;0.2;0.19482997984520323;0.19482997984520323;0.6679961988435585;35.49136637969236;30.84504955798399;11.39019892472512;32.80510449409485
test-corridor;safe-iter-4000;constructed-self-constructing-unsafe;0;0.2;0.12497882000000002;0.12497882000000002;0.88582438;80.61747595;7.837147310000077;0.021347906000000028;0.050140380859375
test-corridor;safe-iter-4000;constructed-self-constructing-unsafe;0;0.2;0.12497882000000002;0.12497882000000002;0.88582438;80.61747584999999;7.837147310000049;0.021307686000000062;0.05033707618713379
dpm;greedy-iter-1000;constructed-self-constructing-unsafe;0;0.2;0.08898750824301702;0.08899005953912156;0.20966597417565486;5.860874123754163;44.62660394060122;4.55553455204084;56.587554693222046
collect;greedy-iter-500;constructed-self-constructing-unsafe;0;0.2;0.19999997518063142;0.19999997518063142;0.7424543455908035;32.7741162863933;41.165206259599366;10.748653774361623;191.4325692653656
test-corridor;safe-iter-4000;constructed-self-constructing-unsafe;0;0.2;0.12497882000000002;0.12497882000000002;0.88582438;80.61747584999999;7.837147310000049;0.021307686000000062;0.050916433334350586
test-corridor;safe-iter-4000;constructed-self-constructing-unsafe;0;0.2;0.12497882000000002;0.12497882000000002;0.88582438;80.61747584999999;7.837147310000049;0.021307686000000062;0.05269503593444824
test-corridor;safe-iter-4000;constructed-self-constructing-unsafe;0;0.2;0.12497882000000002;0.12497882000000002;0.88582438;80.61747584999999;7.837147310000049;0.021307686000000062;0.05341029167175293
test-corridor;safe-iter-4000;constructed-self-constructing-unsafe;0;0.2;0.12497882000000002;0.12497882000000002;0.88582438;80.61747584999999;7.837147310000049;0.021307686000000062;0.05113840103149414
slippy-drone;greedy-iter-4000;constructed-self-constructing-unsafe;0;0.2;0.19489856510170275;0.19489856510170275;0.6683102530052338;35.53077702390566;30.836655910610467;11.377852314134214;32.959975242614746
test-corridor;safe-iter-4000;constructed-self-constructing-unsafe;0;0.2;0.12497982000000002;0.12497982000000002;0.88583138;80.61844785;7.836874310000044;0.020992286000000037;0.05262327194213867
test-corridor;safe-iter-4000;constructed-self-constructing-unsafe;0;0.2;0.12497982000000002;0.12497982000000002;0.8858453799999999;80.62041984999999;7.83630031000007;0.02033028600000003;0.05123138427734375
test-corridor;safe-iter-4000;constructed-self-constructing-unsafe;0;0.2;0.12497982000000002;0.12497982000000002;0.8858453799999999;80.62041984999999;7.83630031000007;0.02033028600000003;0.05421304702758789
test-corridor;safe-iter-4000;constructed-self-constructing-unsafe;0;0.2;0.12497982000000002;0.12497982000000002;0.8858523799999999;80.62141985;7.83599931000007;0.01998368600000004;0.051702260971069336
dpm;greedy-iter-1000;constructed-self-constructing-unsafe;0;0.2;0.08907997866431497;0.08908254833712419;0.20965702779520035;5.865766629377543;44.62669175404371;4.5504327920092775;57.41527986526489
test-corridor;safe-iter-4000;constructed-self-constructing-unsafe;0;0.2;0.12497982000000002;0.12497982000000002;0.8858523799999999;80.62141985;7.83599931000007;0.01998368600000004;0.05466723442077637
slippy-drone;greedy-iter-4000;constructed-self-constructing-unsafe;0;0.2;0.19498421460134588;0.19498421460134588;0.6687201901788595;35.581950124658306;30.825837712678187;11.361621004722048;33.04376268386841
test-corridor;safe-iter-4000;constructed-self-constructing-unsafe;0;0.2;0.12497982000000002;0.12497982000000002;0.8858523799999999;80.62141985;7.83599931000007;0.01998368600000004;0.05229687690734863
test-corridor;safe-iter-4000;constructed-self-constructing-unsafe;0;0.2;0.12497982000000002;0.12497982000000002;0.8858523799999999;80.62141985;7.83599931000007;0.01998368600000004;0.05164742469787598
test-corridor;safe-iter-4000;constructed-self-constructing-unsafe;0;0.2;0.12497982000000002;0.12497982000000002;0.8858523799999999;80.62141985;7.83599931000007;0.01998368600000004;0.05132269859313965
test-corridor;safe-iter-4000;constructed-self-constructing-unsafe;0;0.2;0.12497982000000002;0.12497982000000002;0.8858523799999999;80.62141985;7.83599931000007;0.01998368600000004;0.05096721649169922
test-corridor;uniform_random;constructed-self-constructing-unsafe;0;0.2;0.1999999987166036;0.1999999987166036;0.17691727628187665;-24.70025057390754;42.175889304334184;34.16226371165266;1.1477162837982178
test-corridor;uniform_random;constructed-self-constructing-unsafe;0;0.2;0.19999999999988463;0.19999999999988463;0.1791783642566155;-24.392325503895787;42.08007828276543;33.94769628651062;2.4936935901641846
slippy-drone;greedy-iter-4000;constructed-self-constructing-unsafe;0;0.2;0.19504879243043652;0.19504879243043652;0.6689408641153479;35.60947695147381;30.820046376974965;11.35252261204087;36.074174642562866
test-corridor;uniform_random;constructed-self-constructing-unsafe;0;0.2;0.19999999999999557;0.19999999999999557;0.17872245305001572;-24.458784511358573;42.09952055741351;33.959567628092934;3.5217607021331787
dpm;greedy-iter-1000;constructed-self-constructing-unsafe;0;0.2;0.08917606458840711;0.08917865636627614;0.2096477182878279;5.870853308072182;44.62678337821911;4.545129560151576;60.50231432914734
test-corridor;uniform_random;constructed-self-constructing-unsafe;0;0.2;0.1999999999999989;0.1999999999999989;0.17953951898114887;-24.344909984378226;42.06534047211238;33.90297108372475;4.511193037033081
test-corridor;uniform_random;constructed-self-constructing-unsafe;0;0.2;0.2;0.2;0.18036278742695497;-24.232600200673264;42.031675194754364;33.84649551140649;5.5964930057525635
test-corridor;uniform_random;constructed-self-constructing-unsafe;0;0.2;0.20000000000000004;0.20000000000000004;0.18193042876194027;-24.015521375831305;41.96846192010957;33.746978572988006;6.345381498336792
slippy-drone;greedy-iter-4000;constructed-self-constructing-unsafe;0;0.2;0.19512211255988654;0.19512211255988654;0.6691702978481001;35.63835954552849;30.813970151500463;11.343219708500781;34.49839782714844
test-corridor;uniform_random;constructed-self-constructing-unsafe;0;0.2;0.2000000000000001;0.2000000000000001;0.18303143605535274;-23.862749888694317;41.92302020621148;33.674276121760634;7.337274551391602
test-corridor;uniform_random;constructed-self-constructing-unsafe;0;0.2;0.2000000000000001;0.2000000000000001;0.18613558250429155;-23.423650760687448;41.788659281110014;33.474226778768184;8.258451461791992
test-corridor;uniform_random;constructed-self-constructing-unsafe;0;0.2;0.2000000000000001;0.2000000000000001;0.1863882469470485;-23.39321773678916;41.78050653803899;33.441469494599204;9.307474136352539
dpm;greedy-iter-1000;constructed-self-constructing-unsafe;0;0.2;0.08926034155996937;0.0892629559243989;0.20963980720485625;5.875271646845405;44.62685888853907;4.540490830382957;61.76749658584595
test-corridor;uniform_random;constructed-self-constructing-unsafe;0;0.2;0.20000000000000012;0.20000000000000012;0.18642007432212854;-23.38932259196012;41.779459317055704;33.43714008889676;10.068143367767334
slippy-drone;greedy-iter-4000;constructed-self-constructing-unsafe;0;0.2;0.19517678174040828;0.19517678174040828;0.669684717043082;35.703232030614735;30.80019777390141;11.32431439967492;34.16117787361145
test-corridor;uniform_random;constructed-self-constructing-unsafe;0;0.2;0.20000000000000012;0.20000000000000012;0.1873564648611952;-23.262074736793238;41.74326054320678;33.3650267904343;10.815975189208984
test-corridor;uniform_random;constructed-self-constructing-unsafe;0;0.2;0.20000000000000012;0.20000000000000012;0.18772984181885136;-23.211105267268977;41.72859484454405;33.34107430037548;11.771023273468018
slippy-drone;greedy-iter-4000;constructed-self-constructing-unsafe;0;0.2;0.19523794936999625;0.19523794936999625;0.6700541056482917;35.74962025830589;30.79054745635858;11.310729159675878;35.170838356018066
test-corridor;uniform_random;constructed-self-constructing-unsafe;0;0.2;0.20000000000000012;0.20000000000000012;0.18814766816268308;-23.153523686394426;41.711961262574434;33.31751158279404;12.613136529922485
dpm;greedy-iter-1000;constructed-self-constructing-unsafe;0;0.2;0.08935175236109683;0.08935438749516067;0.20963114678021172;5.879903068012217;44.626941424305066;4.535456443516608;58.97318720817566
test-corridor;uniform_random;constructed-self-constructing-unsafe;0;0.2;0.20000000000000012;0.20000000000000012;0.1883759548742408;-23.123844928434423;41.70423096191907;33.29651906219111;13.644678592681885
slippy-drone;greedy-iter-4000;constructed-self-constructing-unsafe;0;0.2;0.19531239299592337;0.19531239299592337;0.670345619445183;35.78639825004889;30.782764462845055;11.299303923236469;33.866596937179565
test-corridor;uniform_random;constructed-self-constructing-unsafe;0;0.2;0.20000000000000012;0.20000000000000012;0.18832724349728377;-23.132228718768378;41.70626381468939;33.28865943292721;14.497824668884277
collect;greedy-iter-500;constructed-self-constructing-unsafe;0;0.2;0.19999997518063142;0.19999997518063142;0.7424543455908035;32.7741162863933;41.16520625959946;10.748653774361633;188.4977798461914
test-corridor;uniform_random;constructed-self-constructing-unsafe;0;0.2;0.20000000000000012;0.20000000000000012;0.18849482261300401;-23.1099751105929;41.699750088484834;33.27221752702861;15.386463403701782
dpm;greedy-iter-1000;constructed-self-constructing-unsafe;0;0.2;0.08943970493536707;0.08944236397124972;0.20962282420045292;5.884402454159031;44.62702071191711;4.530611858562216;60.42179608345032
test-corridor;uniform_random;constructed-self-constructing-unsafe;0;0.2;0.20000000000000012;0.20000000000000012;0.18857623139306331;-23.099520326464383;41.69680802333916;33.26379410990976;16.27481245994568
slippy-drone;greedy-iter-4000;constructed-self-constructing-unsafe;0;0.2;0.19538421923882623;0.19538421923882623;0.6706597706529317;35.825862773816475;30.774432323376317;11.286995153507442;34.80300974845886
test-corridor;uniform_random;constructed-self-constructing-unsafe;0;0.2;0.20000000000000012;0.20000000000000012;0.18881175702309497;-23.068103373803076;41.688166992857134;33.2455988466452;16.8885235786438
test-corridor;uniform_random;constructed-self-constructing-unsafe;0;0.2;0.20000000000000012;0.20000000000000012;0.18919866848476574;-23.01432597665122;41.671867770565925;33.219972939431834;17.688764333724976
slippy-drone;greedy-iter-4000;constructed-self-constructing-unsafe;0;0.2;0.1954511337235167;0.1954511337235167;0.6709885205250496;35.867382036414554;30.765489575065317;11.274295012355948;34.63287878036499
dpm;greedy-iter-1000;constructed-self-constructing-unsafe;0;0.2;0.08953204268517263;0.08953472300621004;0.20961387673072207;5.8892151525241605;44.6271084696551;4.52550163590856;60.854827642440796
test-corridor;uniform_random;constructed-self-constructing-unsafe;0;0.2;0.20000000000000012;0.20000000000000012;0.1895849065101193;-22.962274257092805;41.65703596173988;33.1919492850975;18.722423315048218
test-corridor;uniform_random;constructed-self-constructing-unsafe;0;0.2;0.20000000000000012;0.20000000000000012;0.18977732729908278;-22.93742150063716;41.65021086098343;33.17598152777982;20.68237018585205
slippy-drone;greedy-iter-4000;constructed-self-constructing-unsafe;0;0.2;0.19552664066616404;0.19552664066616404;0.671407554273986;35.92008860074547;30.75424426774444;11.258179301073717;36.779160261154175
test-corridor;uniform_random;constructed-self-constructing-unsafe;0;0.2;0.20000000000000012;0.20000000000000012;0.19004678218126234;-22.901201192306946;41.639694195666884;33.155357237581754;20.530508518218994
dpm;greedy-iter-1000;constructed-self-constructing-unsafe;0;0.2;0.08961849803470731;0.08962120392435596;0.20960602401731304;5.893872080318145;44.627179240061;4.520754522038114;62.4871141910553
slippy-drone;greedy-iter-4000;constructed-self-constructing-unsafe;0;0.2;0.19559892474914375;0.19559892474914375;0.6717062353106545;35.95774198472766;30.746219891577496;11.246148518611575;35.81183910369873
test-corridor;uniform_random;constructed-self-constructing-unsafe;0;0.2;0.20000000000000012;0.20000000000000012;0.19056807198773673;-22.830634632870666;41.61994496392959;33.118189838850896;21.415429830551147
test-corridor;uniform_random;constructed-self-constructing-unsafe;0;0.2;0.20000000000000012;0.20000000000000012;0.1908686038224776;-22.789577991541908;41.60799382038885;33.09752455784279;22.015960693359375
slippy-drone;greedy-iter-4000;constructed-self-constructing-unsafe;0;0.2;0.19566494881810922;0.19566494881810922;0.6719572059831784;35.989267292197695;30.739586715591567;11.235974841592759;38.69196891784668
test-corridor;uniform_random;constructed-self-constructing-unsafe;0;0.2;0.20000000000000012;0.20000000000000012;0.19097580060662545;-22.77607176641758;41.604444931249624;33.08535575544639;22.813910484313965
dpm;greedy-iter-1000;constructed-self-constructing-unsafe;0;0.2;0.08970247010652249;0.08970519689359352;0.20959819509705108;5.898152592216817;44.62725212493846;4.51613533798819;61.262075662612915
test-corridor;uniform_random;constructed-self-constructing-unsafe;0;0.2;0.20000000000000012;0.20000000000000012;0.1912715403787648;-22.73520335630898;41.59253651210405;33.067631137853766;23.75426173210144
slippy-drone;greedy-iter-4000;constructed-self-constructing-unsafe;0;0.2;0.1957378821446464;0.1957378821446464;0.6723507865102565;36.0388345028017;30.72916668105253;11.221093477548623;38.63894557952881
test-corridor;uniform_random;constructed-self-constructing-unsafe;0;0.2;0.20000000000000012;0.20000000000000012;0.19126714945799175;-22.736168993973276;41.59283414874044;33.06618217632033;25.037607192993164
dpm;greedy-iter-1000;constructed-self-constructing-unsafe;0;0.2;0.08978693929683759;0.08978968932858877;0.2095903913768245;5.902458022293667;44.62732409164853;4.511490495887863;63.475646018981934
collect;greedy-iter-500;constructed-self-constructing-unsafe;0;0.2;0.19999997518063142;0.19999997518063142;0.7425537199531569;32.78474458947296;41.164413517755264;10.744975719098921;189.50977849960327
slippy-drone;greedy-iter-4000;constructed-self-constructing-unsafe;0;0.2;0.19580238871348568;0.19580238871348568;0.6727353769729334;36.08712978964971;30.719082130573018;11.206980334824024;36.62453055381775
test-corridor;uniform_random;constructed-self-constructing-unsafe;0;0.2;0.20000000000000012;0.20000000000000012;0.1916728931312417;-22.679238652167026;41.57588283683468;33.04232485455633;25.23760747909546
test-corridor;uniform_random;constructed-self-constructing-unsafe;0;0.2;0.20000000000000012;0.20000000000000012;0.19189666116850773;-22.651253070385287;41.568940275550865;33.01851790003774;26.689796924591064
slippy-drone;greedy-iter-4000;constructed-self-constructing-unsafe;0;0.2;0.1958937518256584;0.1958937518256584;0.673171419913004;36.142007868337195;30.707621660717304;11.19066403197937;36.78670692443848
dpm;greedy-iter-1000;constructed-self-constructing-unsafe;0;0.2;0.08987060074517408;0.08987337172819593;0.20958229024704325;5.906776750683871;44.62740472471678;4.506859276857439;64.2787537574768
test-corridor;uniform_random;constructed-self-constructing-unsafe;0;0.2;0.20000000000000012;0.20000000000000012;0.1922149986093321;-22.60722182383906;41.55600448993452;32.998635969564596;27.71011209487915
slippy-drone;greedy-iter-4000;constructed-self-constructing-unsafe;0;0.2;0.195989678196335;0.195989678196335;0.673455003610799;36.17761696848421;30.699907883042727;11.178240080841089;37.77682280540466
test-corridor;uniform_random;constructed-self-constructing-unsafe;0;0.2;0.20000000000000012;0.20000000000000012;0.19233053269080583;-22.59208111464223;41.5519286434084;32.988798751068664;28.58999228477478
test-corridor;uniform_random;constructed-self-constructing-unsafe;0;0.2;0.20000000000000012;0.20000000000000012;0.1923686919623149;-22.58762120633477;41.550867161332796;32.983124265459566;29.322134971618652
dpm;greedy-iter-1000;constructed-self-constructing-unsafe;0;0.2;0.08994796726872059;0.08995076501632776;0.20957526609413055;5.910815654247914;44.627468619593515;4.502612624602115;65.88406372070312
slippy-drone;greedy-iter-4000;constructed-self-constructing-unsafe;0;0.2;0.19604183603052214;0.19604183603052214;0.6737021024643061;36.208654515325975;30.69334231521717;11.168639269324586;38.58512759208679
test-corridor;uniform_random;constructed-self-constructing-unsafe;0;0.2;0.20000000000000012;0.20000000000000012;0.1924814272604076;-22.57233694165617;41.546432142998405;32.97427032835326;30.372400760650635
slippy-drone;greedy-iter-4000;constructed-self-constructing-unsafe;0;0.2;0.19610816859836872;0.19610816859836872;0.674110528184369;36.26023104045029;30.68222592656345;11.152749553678214;37.80337929725647
test-corridor;uniform_random;constructed-self-constructing-unsafe;0;0.2;0.20000000000000012;0.20000000000000012;0.19286237879605128;-22.519027759040345;41.53069562831701;32.95283107947611;31.814528465270996
dpm;greedy-iter-1000;constructed-self-constructing-unsafe;0;0.2;0.09001898961934186;0.09002181123140254;0.2095688989027189;5.914447880581842;44.62752539066114;4.498716125558464;64.75531578063965
slippy-drone;greedy-iter-4000;constructed-self-constructing-unsafe;0;0.2;0.19618460281426262;0.19618460281426262;0.6744962747059557;36.308918899645164;30.67180838152831;11.13776896110467;38.74919652938843
test-corridor;uniform_random;constructed-self-constructing-unsafe;0;0.2;0.20000000000000012;0.20000000000000012;0.1928189498202834;-22.525610490655925;41.53255843278514;32.95285305491988;32.38870334625244
dpm;greedy-iter-1000;constructed-self-constructing-unsafe;0;0.2;0.09009523368521902;0.09009807756413657;0.20956202208301977;5.918460617131217;44.62758692213308;4.494531679982422;67.50126552581787
test-corridor;uniform_random;constructed-self-constructing-unsafe;0;0.2;0.20000000000000012;0.20000000000000012;0.19303930649321357;-22.494569080892568;41.52328594634191;32.94038754460986;33.173120737075806
slippy-drone;greedy-iter-4000;constructed-self-constructing-unsafe;0;0.2;0.19624063857613475;0.19624063857613475;0.6748223619159012;36.34993790525006;30.663104606500795;11.125230262078565;37.999155044555664
collect;greedy-iter-500;constructed-self-constructing-unsafe;0;0.2;0.19999999321372872;0.19999999321372872;0.7425537376593139;32.78474634464297;41.164413514805425;10.744973666158456;188.55349349975586
test-corridor;uniform_random;constructed-self-constructing-unsafe;0;0.2;0.20000000000000012;0.20000000000000012;0.19312363098379565;-22.4832390098764;41.52007589966171;32.934514897237825;34.30433773994446
slippy-drone;greedy-iter-4000;constructed-self-constructing-unsafe;0;0.2;0.1963006537498761;0.1963006537498761;0.6751056815079093;36.3855453864864;30.655541225173803;11.11397183922911;38.9679639339447
dpm;greedy-iter-1000;constructed-self-constructing-unsafe;0;0.2;0.0901781310718974;0.09018099773634008;0.20955418092514086;5.922748381690148;44.6276615436213;4.489965618802531;66.12041878700256
test-corridor;uniform_random;constructed-self-constructing-unsafe;0;0.2;0.20000000000000012;0.20000000000000012;0.19313795530761513;-22.48201413218258;41.51983937283971;32.93002418204147;35.36388063430786
slippy-drone;greedy-iter-4000;constructed-self-constructing-unsafe;0;0.2;0.1963511584714671;0.1963511584714671;0.6753652890893731;36.41818190422717;30.648764808477925;11.104112922342626;39.17183542251587
test-corridor;uniform_random;constructed-self-constructing-unsafe;0;0.2;0.20000000000000012;0.20000000000000012;0.19334437869048154;-22.453746214932632;41.511575650378724;32.91647973474579;36.54188585281372
dpm;greedy-iter-1000;constructed-self-constructing-unsafe;0;0.2;0.09026765718855556;0.09027054651588287;0.20954595675890836;5.927360640176296;44.62773673835926;4.485047131215453;68.68767833709717
slippy-drone;greedy-iter-4000;constructed-self-constructing-unsafe;0;0.2;0.19643897845429242;0.19643897845429242;0.6756956929048911;36.45941288390853;30.64007393180403;11.090605457091893;41.88765573501587
test-corridor;uniform_random;constructed-self-constructing-unsafe;0;0.2;0.20000000000000012;0.20000000000000012;0.19355616420385113;-22.425645928134063;41.50389091619098;32.90001817860425;37.85220646858215
slippy-drone;greedy-iter-4000;constructed-self-constructing-unsafe;0;0.2;0.19652761673857488;0.19652761673857488;0.6760871970809377;36.508718174776405;30.629727908640685;11.075497586961413;39.96962285041809
test-corridor;uniform_random;constructed-self-constructing-unsafe;0;0.2;0.20000000000000012;0.20000000000000012;0.1936816175745635;-22.409046207658196;41.49941046855756;32.890243684594864;37.726542949676514
dpm;greedy-iter-1000;constructed-self-constructing-unsafe;0;0.2;0.09036656189641806;0.09036947247297838;0.20953623336770041;5.932922098978894;44.62783459512299;4.479581210490301;67.80797171592712
test-corridor;uniform_random;constructed-self-constructing-unsafe;0;0.2;0.20000000000000012;0.20000000000000012;0.19369159120531865;-22.408068515153087;41.49884708589841;32.885595466154726;39.27525210380554
slippy-drone;greedy-iter-4000;constructed-self-constructing-unsafe;0;0.2;0.1966171185566522;0.1966171185566522;0.6764412521534148;36.5532561847039;30.620235679750838;11.061305948676306;40.08300018310547
test-corridor;uniform_random;constructed-self-constructing-unsafe;0;0.2;0.20000000000000012;0.20000000000000012;0.19373599773058583;-22.402633214497765;41.497479041856614;32.87995210756764;40.36919593811035
slippy-drone;greedy-iter-4000;constructed-self-constructing-unsafe;0;0.2;0.1966722663010805;0.1966722663010805;0.6767288807491764;36.589275963301574;30.612552293233286;11.050135104020747;40.57258152961731
dpm;greedy-iter-1000;constructed-self-constructing-unsafe;0;0.2;0.09045640984855347;0.0904593402402515;0.20952767861731456;5.937513947275415;44.6279165269319;4.474632075486191;69.3187882900238
test-corridor;uniform_random;constructed-self-constructing-unsafe;0;0.2;0.20000000000000012;0.20000000000000012;0.19383139035933208;-22.389891782273555;41.49381090643299;32.872240436675526;41.49005174636841
collect;greedy-iter-500;constructed-self-constructing-unsafe;0;0.2;0.19999999321372872;0.19999999321372872;0.7427675193152232;32.80739005251983;41.1631239832622;10.737533520594068;188.75413179397583
slippy-drone;greedy-iter-4000;constructed-self-constructing-unsafe;0;0.2;0.19672815158549944;0.19672815158549944;0.6769097316706466;36.61174965922845;30.60776559443817;11.042343081316565;40.5487961769104
dpm;greedy-iter-1000;constructed-self-constructing-unsafe;0;0.2;0.0905331765765929;0.09053612887899991;0.20952032533255668;5.941406703859403;44.62798846261575;4.470397421406756;69.5443217754364
test-corridor;uniform_random;constructed-self-constructing-unsafe;0;0.2;0.20000000000000012;0.20000000000000012;0.1938669706627376;-22.385661063147733;41.492847133241135;32.86781957439792;42.2540807723999
slippy-drone;greedy-iter-4000;constructed-self-constructing-unsafe;0;0.2;0.19680181491997928;0.19680181491997928;0.677245758528894;36.65410194409317;30.59884734131128;11.029619072795226;40.84491300582886
test-corridor;uniform_random;constructed-self-constructing-unsafe;0;0.2;0.20000000000000012;0.20000000000000012;0.19392604148711398;-22.378050993582;41.49077989775419;32.862992324261114;43.61084771156311
slippy-drone;greedy-iter-4000;constructed-self-constructing-unsafe;0;0.2;0.1968835159170956;0.1968835159170956;0.677501078954659;36.6861438822829;30.592121352101024;11.019104634610184;41.886518239974976
dpm;greedy-iter-1000;constructed-self-constructing-unsafe;0;0.2;0.09059134090159944;0.09059431331795685;0.209515219376609;5.944403559129095;44.62803295201949;4.467212870217049;71.8111960887909
test-corridor;uniform_random;constructed-self-constructing-unsafe;0;0.2;0.20000000000000012;0.20000000000000012;0.19395586200664003;-22.374377544468157;41.48985062106294;32.859437550670016;45.123565912246704
slippy-drone;greedy-iter-4000;constructed-self-constructing-unsafe;0;0.2;0.19694227369096864;0.19694227369096864;0.677796778328378;36.72349735018275;30.58422836295829;11.00775977609555;41.209643840789795
test-corridor;uniform_random;constructed-self-constructing-unsafe;0;0.2;0.20000000000000012;0.20000000000000012;0.19407141498578742;-22.35893638648236;41.485578062805324;32.8505062535475;45.570115089416504
dpm;greedy-iter-1000;constructed-self-constructing-unsafe;0;0.2;0.0906693856828527;0.09067237769521556;0.20950761397423068;5.948886602292232;44.62810906701399;4.462903447298619;70.68285965919495
slippy-drone;greedy-iter-4000;constructed-self-constructing-unsafe;0;0.2;0.1970212668184427;0.1970212668184427;0.6781480351953296;36.76766228737014;30.575046247724618;10.994248449693105;41.66460943222046
test-corridor;uniform_random;constructed-self-constructing-unsafe;0;0.2;0.20000000000000012;0.20000000000000012;0.19432504501733378;-22.324588276349317;41.47597770017245;32.833817265728115;46.419880628585815
slippy-drone;greedy-iter-4000;constructed-self-constructing-unsafe;0;0.2;0.19709909824012886;0.19709909824012886;0.6785054697754052;36.812994486536454;30.565324479640967;10.980468104069049;42.038708209991455
dpm;greedy-iter-1000;constructed-self-constructing-unsafe;0;0.2;0.09074646002904196;0.09074947285209722;0.20950021626260576;5.953264348526052;44.628182563837655;4.4586498821138;70.91380381584167
test-corridor;uniform_random;constructed-self-constructing-unsafe;0;0.2;0.20000000000000012;0.20000000000000012;0.19446060926959974;-22.305631221579844;41.470288672491705;32.82558049820469;47.08243775367737
slippy-drone;greedy-iter-4000;constructed-self-constructing-unsafe;0;0.2;0.19714909668759706;0.19714909668759706;0.6788330465006424;36.85413043066687;30.55670754779187;10.96836505212922;42.33413124084473
collect;greedy-iter-500;constructed-self-constructing-unsafe;0;0.2;0.19999999321372872;0.19999999321372872;0.7427675193152232;32.80739005251983;41.163123983262096;10.737533520594065;191.81048393249512
test-corridor;uniform_random;constructed-self-constructing-unsafe;0;0.2;0.20000000000000012;0.20000000000000012;0.19451019420913188;-22.299198044941004;41.46854562069107;32.82175512491263;48.62853121757507
dpm;greedy-iter-1000;constructed-self-constructing-unsafe;0;0.2;0.09080512440979532;0.09080815999459461;0.2094949630311257;5.9564614361017085;44.628230291748125;4.455431422324146;73.48050737380981
slippy-drone;greedy-iter-4000;constructed-self-constructing-unsafe;0;0.2;0.19721253816091458;0.19721253816091458;0.6791225620600325;36.89048576039687;30.549186628677866;10.957258530674553;42.55569767951965
test-corridor;uniform_random;constructed-self-constructing-unsafe;0;0.2;0.20000000000000012;0.20000000000000012;0.19453276835949246;-22.29620275927109;41.46768245690139;32.82008828436043;48.62274765968323
slippy-drone;greedy-iter-4000;constructed-self-constructing-unsafe;0;0.2;0.1972880347682791;0.1972880347682791;0.6794789073637639;36.93536761370908;30.539649808749147;10.943394188381506;42.98747730255127
dpm;greedy-iter-1000;constructed-self-constructing-unsafe;0;0.2;0.09087296289571836;0.09087601898490105;0.20948838518973809;5.960165369087969;44.62829613795826;4.451686018737192;75.84526348114014
test-corridor;uniform_random;constructed-self-constructing-unsafe;0;0.2;0.20000000000000012;0.20000000000000012;0.19458599264532747;-22.289389357835606;41.465783151802185;32.81413853730386;51.36710238456726
slippy-drone;greedy-iter-4000;constructed-self-constructing-unsafe;0;0.2;0.19734520139641823;0.19734520139641823;0.6798043713395889;36.97653483119831;30.530904163952478;10.931322933036403;45.71522355079651
test-corridor;uniform_random;constructed-self-constructing-unsafe;0;0.2;0.20000000000000012;0.20000000000000012;0.19462122220317177;-22.28463704257959;41.46440852999331;32.811421037157416;50.39521384239197
dpm;greedy-iter-1000;constructed-self-constructing-unsafe;0;0.2;0.09094870062970563;0.09095177983723468;0.20948130874407603;5.964142303272645;44.62836299596282;4.4475184743682785;75.1142315864563
slippy-drone;greedy-iter-4000;constructed-self-constructing-unsafe;0;0.2;0.1974409312173782;0.1974409312173782;0.6803638052066143;37.04706346952363;30.5161121323228;10.91060900621404;43.58930945396423
test-corridor;uniform_random;constructed-self-constructing-unsafe;0;0.2;0.20000000000000012;0.20000000000000012;0.19463984816501115;-22.2827595979922;41.46395833327812;32.80665726630561;51.141690731048584
slippy-drone;greedy-iter-4000;constructed-self-constructing-unsafe;0;0.2;0.19749238912304795;0.19749238912304795;0.6806750358431662;37.08635756165527;30.507843725465214;10.899235893620277;43.655534982681274
dpm;greedy-iter-1000;constructed-self-constructing-unsafe;0;0.2;0.09102096884984201;0.09102407022747636;0.2094747475979386;5.967977559428501;44.62842295531551;4.4435523078132295;74.6310362815857
test-corridor;uniform_random;constructed-self-constructing-unsafe;0;0.2;0.20000000000000012;0.20000000000000012;0.19469245428543688;-22.275855708885707;41.46206535044533;32.80331915693611;52.61361503601074
collect;greedy-iter-500;constructed-self-constructing-unsafe;0;0.2;0.19999999321372872;0.19999999321372872;0.7446584436996535;33.013405412409845;41.14428856181442;10.668784979668834;189.55936312675476
slippy-drone;greedy-iter-4000;constructed-self-constructing-unsafe;0;0.2;0.19757360023625503;0.19757360023625503;0.681082571696048;37.13767644365957;30.497140979217306;10.884108324815545;44.438339948654175
test-corridor;uniform_random;constructed-self-constructing-unsafe;0;0.2;0.20000000000000012;0.20000000000000012;0.19484413494825437;-22.255034557651232;41.456094464207766;32.79358064058642;54.4345269203186
slippy-drone;greedy-iter-4000;constructed-self-constructing-unsafe;0;0.2;0.19765445282689403;0.19765445282689403;0.6814196282609625;37.179839063790325;30.487972439233207;10.870294612847536;44.923266887664795
dpm;greedy-iter-1000;constructed-self-constructing-unsafe;0;0.2;0.09109727796811748;0.09110040142874298;0.2094676556496178;5.9720052797780365;44.628489621354184;4.439354803403151;80.33574199676514
test-corridor;uniform_random;constructed-self-constructing-unsafe;0;0.2;0.20000000000000012;0.20000000000000012;0.19491292187480333;-22.2463022153269;41.45368837707414;32.78536570070859;55.21556258201599
slippy-drone;greedy-iter-4000;constructed-self-constructing-unsafe;0;0.2;0.19769911964727716;0.19769911964727716;0.6817327480801206;37.21911141759086;30.479681307006246;10.858419405661424;45.88646388053894
dpm;greedy-iter-1000;constructed-self-constructing-unsafe;0;0.2;0.09117626835351372;0.09117941141014464;0.20946013693104537;5.976253901642797;44.62856267485313;4.4350018222993555;77.53095602989197
test-corridor;uniform_random;constructed-self-constructing-unsafe;0;0.2;0.20000000000000012;0.20000000000000012;0.19500263236139975;-22.233914433574643;41.44995878887409;32.779044562296086;56.67221450805664
slippy-drone;greedy-iter-4000;constructed-self-constructing-unsafe;0;0.2;0.1977730904582126;0.1977730904582126;0.6820152703078719;37.2545728746919;30.471967915571184;10.846576042839125;44.8163948059082
slippy-drone;greedy-iter-4000;constructed-self-constructing-unsafe;0;0.2;0.19785380609136063;0.19785380609136063;0.6824107765705365;37.30434802467934;30.461574914577376;10.831363921618895;45.094783782958984
test-corridor;uniform_random;constructed-self-constructing-unsafe;0;0.2;0.20000000000000012;0.20000000000000012;0.19504691177425992;-22.228279955002936;41.448437637719955;32.775074170808885;58.16955828666687
dpm;greedy-iter-1000;constructed-self-constructing-unsafe;0;0.2;0.09124919209683907;0.09125235640921835;0.2094533650717224;5.980265577223874;44.62862652996418;4.430991738184595;78.81847429275513
slippy-drone;greedy-iter-4000;constructed-self-constructing-unsafe;0;0.2;0.19793101502722682;0.19793101502722682;0.6828222704741714;37.35616229874217;30.450539285233695;10.815655562875595;48.18296003341675
test-corridor;uniform_random;constructed-self-constructing-unsafe;0;0.2;0.20000000000000012;0.20000000000000012;0.1952055391160318;-22.206423653327548;41.442174673156;32.76543645276437;58.77541542053223
collect;greedy-iter-500;constructed-self-constructing-unsafe;0;0.2;0.19999999321372872;0.19999999321372872;0.7446584436996535;33.013405412409845;41.14428856181446;10.668784979668843;188.80717134475708
dpm;greedy-iter-1000;constructed-self-constructing-unsafe;0;0.2;0.09132235801394406;0.09132554393360579;0.20944645214847366;5.984163392682293;44.628692961636496;4.426961782331676;79.10166931152344
slippy-drone;greedy-iter-4000;constructed-self-constructing-unsafe;0;0.2;0.19797653371117407;0.19797653371117407;0.6830932030821482;37.3902720497188;30.443287193688384;10.805194849662117;49.27650165557861
test-corridor;uniform_random;constructed-self-constructing-unsafe;0;0.2;0.20000000000000012;0.20000000000000012;0.19522943310064614;-22.20335449153548;41.441388629674464;32.76315419888631;60.25070786476135
slippy-drone;greedy-iter-4000;constructed-self-constructing-unsafe;0;0.2;0.19801377339334708;0.19801377339334708;0.6832920668363978;37.41520711897474;30.438142594718233;10.797844100484468;46.379844427108765
dpm;greedy-iter-1000;constructed-self-constructing-unsafe;0;0.2;0.09139004798852962;0.09139325562356079;0.2094400903762308;5.987840905235501;44.628753981692554;4.423235427844443;80.04894137382507
test-corridor;uniform_random;constructed-self-constructing-unsafe;0;0.2;0.20000000000000012;0.20000000000000012;0.19539590242720817;-22.180690157452187;41.43496730026876;32.75297577250051;61.73527669906616
slippy-drone;greedy-iter-4000;constructed-self-constructing-unsafe;0;0.2;0.19810486473924702;0.19810486473924702;0.6836596203874133;37.461409717613975;30.428357167106693;10.783444749377894;48.70345425605774
test-corridor;uniform_random;constructed-self-constructing-unsafe;0;0.2;0.20000000000000012;0.20000000000000012;0.1954041719175933;-22.179806916435336;41.434760015239235;32.751450087017204;61.77013301849365
dpm;greedy-iter-1000;constructed-self-constructing-unsafe;0;0.2;0.09145689939510637;0.09146013140277423;0.2094338671424896;5.991336538898963;44.628813002576294;4.419556910468378;80.09433341026306
slippy-drone;greedy-iter-4000;constructed-self-constructing-unsafe;0;0.2;0.19816629177925654;0.19816629177925654;0.6839149146180075;37.493569382894556;30.421562314395917;10.7735234537533;47.12068748474121
test-corridor;uniform_random;constructed-self-constructing-unsafe;0;0.2;0.20000000000000012;0.20000000000000012;0.19543507858150766;-22.175873262822062;41.43368110922018;32.748967565457534;63.72706198692322
slippy-drone;greedy-iter-4000;constructed-self-constructing-unsafe;0;0.2;0.1982196924165088;0.1982196924165088;0.6841984058735839;37.529373587764;30.413977540440307;10.762738119711292;48.17688202857971
dpm;greedy-iter-1000;constructed-self-constructing-unsafe;0;0.2;0.0915340176653898;0.09153727093269648;0.209426777005336;5.995372094378566;44.628877855286916;4.4153183663764946;80.04368019104004
slippy-drone;greedy-iter-4000;constructed-self-constructing-unsafe;0;0.2;0.1982767276868944;0.1982767276868944;0.6845066654445804;37.56817645992595;30.405817912177884;10.750784404281267;48.14217829704285
test-corridor;uniform_random;constructed-self-constructing-unsafe;0;0.2;0.20000000000000012;0.20000000000000012;0.1953998639911368;-22.18101754291034;41.43516172995228;32.749460763267344;63.3723509311676
collect;greedy-iter-500;constructed-self-constructing-unsafe;0;0.2;0.19999999321372872;0.19999999321372872;0.7446790576872377;33.015552513427515;41.14418126922314;10.66811581072775;193.09944701194763
dpm;greedy-iter-1000;constructed-self-constructing-unsafe;0;0.2;0.09160211113441205;0.09160538734515042;0.20942060522687733;5.998945795033365;44.62893480078598;4.411578696749027;81.53127837181091
slippy-drone;greedy-iter-4000;constructed-self-constructing-unsafe;0;0.2;0.19833435168371583;0.19833435168371583;0.6847383791338054;37.59737697696026;30.399684443481167;10.741597939656302;48.647396087646484
test-corridor;uniform_random;constructed-self-constructing-unsafe;0;0.2;0.20000000000000012;0.20000000000000012;0.1954478060350887;-22.174660966751812;41.43343353621483;32.74568860170672;65.07571339607239
slippy-drone;greedy-iter-4000;constructed-self-constructing-unsafe;0;0.2;0.19839805442224234;0.19839805442224234;0.6850041340763842;37.63093425240433;30.392574941327947;10.731307015901109;49.33229899406433
test-corridor;uniform_random;constructed-self-constructing-unsafe;0;0.2;0.20000000000000012;0.20000000000000012;0.1956120419143076;-22.15187368103926;41.42678497497262;32.736648907931176;66.95862936973572
dpm;greedy-iter-1000;constructed-self-constructing-unsafe;0;0.2;0.0916782414847847;0.09168154120257116;0.20941338903868628;6.002864376792154;44.6290042777398;4.4073833917556655;85.07176566123962
slippy-drone;greedy-iter-4000;constructed-self-constructing-unsafe;0;0.2;0.19844427441998838;0.19844427441998838;0.6852500746272445;37.66178023426262;30.386209171885476;10.72222367215966;48.93006730079651
test-corridor;uniform_random;constructed-self-constructing-unsafe;0;0.2;0.20000000000000012;0.20000000000000012;0.19571962337340054;-22.137124196563185;41.42255914363681;32.729980202589026;66.06953358650208
slippy-drone;greedy-iter-4000;constructed-self-constructing-unsafe;0;0.2;0.19847798524247548;0.19847798524247548;0.6855030868099099;37.693728212769145;30.379340213605165;10.712703296158136;48.68767595291138
dpm;greedy-iter-1000;constructed-self-constructing-unsafe;0;0.2;0.09173613536133085;0.09173945668178599;0.20940813801201186;6.005941059846858;44.62905212524978;4.404205048194143;83.42115354537964
test-corridor;uniform_random;constructed-self-constructing-unsafe;0;0.2;0.20000000000000012;0.20000000000000012;0.19568437548273457;-22.142458550136233;41.42409746636572;32.72967983392695;67.60628199577332
slippy-drone;greedy-iter-4000;constructed-self-constructing-unsafe;0;0.2;0.19852712113516396;0.19852712113516396;0.6857398963790892;37.72346096100006;30.373126550474574;10.703566877087043;49.31068706512451
collect;greedy-iter-500;constructed-self-constructing-unsafe;0;0.2;0.19999999321372872;0.19999999321372872;0.7448876570844001;33.03769410736948;41.142491797614625;10.661317075852164;189.05398225784302
dpm;greedy-iter-1000;constructed-self-constructing-unsafe;0;0.2;0.09180109933148137;0.09180444068377075;0.20940209993394399;6.009439338757668;44.629108989309884;4.400632643572476;85.05794334411621
slippy-drone;greedy-iter-4000;constructed-self-constructing-unsafe;0;0.2;0.19858210240495083;0.19858210240495083;0.6860301116676162;37.75991656124808;30.36551740520593;10.692597350685608;49.90395927429199
test-corridor;uniform_random;constructed-self-constructing-unsafe;0;0.2;0.20000000000000012;0.20000000000000012;0.19569859158549502;-22.14068325420678;41.42362481457012;32.72833886921908;69.34108591079712
slippy-drone;greedy-iter-4000;constructed-self-constructing-unsafe;0;0.2;0.19862362590477672;0.19862362590477672;0.6862555221612513;37.788131944496236;30.359679691826884;10.683893832138583;49.449254274368286
dpm;greedy-iter-1000;constructed-self-constructing-unsafe;0;0.2;0.0918751049738443;0.09187846705470992;0.20939515988890495;6.0133395074182765;44.62917524197091;4.396559780460985;86.52652263641357
test-corridor;uniform_random;constructed-self-constructing-unsafe;0;0.2;0.20000000000000012;0.20000000000000012;0.19575735976557682;-22.132568644968302;41.421295507141906;32.72494966125905;70.83557152748108
slippy-drone;greedy-iter-4000;constructed-self-constructing-unsafe;0;0.2;0.19866614703352772;0.19866614703352772;0.6864527203608728;37.81291407911051;30.35443035810703;10.676167616308007;52.365013122558594
test-corridor;uniform_random;constructed-self-constructing-unsafe;0;0.2;0.20000000000000012;0.20000000000000012;0.19576482676093515;-22.13194525786697;41.42113439685448;32.72273386022713;70.5845034122467
dpm;greedy-iter-1000;constructed-self-constructing-unsafe;0;0.2;0.09194681869590442;0.09195020423861233;0.2093885543062865;6.0170383954399345;44.62923594369025;4.392621029531002;86.38341784477234
slippy-drone;greedy-iter-4000;constructed-self-constructing-unsafe;0;0.2;0.1987344982243005;0.1987344982243005;0.6867432327092501;37.849379883289714;30.346858963822122;10.665142360743921;50.641568183898926
test-corridor;uniform_random;constructed-self-constructing-unsafe;0;0.2;0.20000000000000012;0.20000000000000012;0.19577459822776958;-22.13082371093332;41.42086359899414;32.72129186357229;71.52606868743896
slippy-drone;greedy-iter-4000;constructed-self-constructing-unsafe;0;0.2;0.19881104751925033;0.19881104751925033;0.6870778916451908;37.89164050950726;30.33786038207837;10.652161214690071;50.723291873931885
dpm;greedy-iter-1000;constructed-self-constructing-unsafe;0;0.2;0.09202673539107067;0.09203014281509278;0.20938121538992016;6.02119144102322;44.62930330458164;4.388230264775729;86.50962996482849
collect;greedy-iter-500;constructed-self-constructing-unsafe;0;0.2;0.19999999321372872;0.19999999321372872;0.7448876570844001;33.03769410736948;41.14249179761472;10.661317075852168;190.11785745620728
slippy-drone;greedy-iter-4000;constructed-self-constructing-unsafe;0;0.2;0.19886055042531806;0.19886055042531806;0.6872851171823804;37.91768500860037;30.332365640584534;10.643981547621218;51.36774682998657
test-corridor;uniform_random;constructed-self-constructing-unsafe;0;0.2;0.20000000000000012;0.20000000000000012;0.19574448173277317;-22.135227580833075;41.42212198955568;32.72177183422125;72.95495915412903
dpm;greedy-iter-1000;constructed-self-constructing-unsafe;0;0.2;0.09208644125997029;0.09208987127148505;0.20937596743688314;6.02424945516421;44.62934902336072;4.384959701812548;88.26391935348511
slippy-drone;greedy-iter-4000;constructed-self-constructing-unsafe;0;0.2;0.1988900680521507;0.1988900680521507;0.6875167729599984;37.94682848635606;30.326271378661147;10.635434277422465;50.872873306274414
test-corridor;uniform_random;constructed-self-constructing-unsafe;0;0.2;0.20000000000000012;0.20000000000000012;0.19578436166786142;-22.129844219225614;41.420561728075924;32.71937330439012;75.95438170433044
slippy-drone;greedy-iter-4000;constructed-self-constructing-unsafe;0;0.2;0.19898854654055015;0.19898854654055015;0.6879332885955971;37.99892722361581;30.315149829113565;10.61847846503016;54.42059898376465
dpm;greedy-iter-1000;constructed-self-constructing-unsafe;0;0.2;0.09214257522969019;0.09214602912529188;0.20937090773803138;6.027164037210035;44.62939539655346;4.3818801346736365;93.29254388809204
test-corridor;uniform_random;constructed-self-constructing-unsafe;0;0.2;0.20000000000000012;0.20000000000000012;0.1958380042226508;-22.12279619144561;41.41858317603878;32.714686727807056;76.7985770702362
slippy-drone;greedy-iter-4000;constructed-self-constructing-unsafe;0;0.2;0.1990477426935881;0.1990477426935881;0.6881422423223961;38.02503003705976;30.309812424027722;10.610275071916911;52.15518307685852
test-corridor;uniform_random;constructed-self-constructing-unsafe;0;0.2;0.20000000000000012;0.20000000000000012;0.19584863357752566;-22.121391463414774;41.41820724978783;32.71399131920621;76.50315976142883
slippy-drone;greedy-iter-4000;constructed-self-constructing-unsafe;0;0.2;0.19912628214426556;0.19912628214426556;0.6885313711798815;38.07385052154885;30.299607591840918;10.595489969749268;52.08442974090576
dpm;greedy-iter-1000;constructed-self-constructing-unsafe;0;0.2;0.09221766071830431;0.09222113408391944;0.20936366879919338;6.031344720413289;44.629468164212454;4.377736173075374;90.68465781211853
collect;greedy-iter-500;constructed-self-constructing-unsafe;0;0.2;0.19999999321372872;0.19999999321372872;0.7448876570844001;33.03769410736948;41.14249179761463;10.661317075852166;190.3229570388794
slippy-drone;greedy-iter-4000;constructed-self-constructing-unsafe;0;0.2;0.1991799467919527;0.1991799467919527;0.688838628323564;38.112599990188066;30.291492061894093;10.584168675555818;53.105764865875244
test-corridor;uniform_random;constructed-self-constructing-unsafe;0;0.2;0.20000000000000012;0.20000000000000012;0.19586991923773642;-22.118592987561353;41.41742484225098;32.71275999541215;77.35752081871033
dpm;greedy-iter-1000;constructed-self-constructing-unsafe;0;0.2;0.09228743556772596;0.09229093116744647;0.20935728711730506;6.034876090853339;44.629526424704515;4.373903634603248;92.23389530181885
slippy-drone;greedy-iter-4000;constructed-self-constructing-unsafe;0;0.2;0.1992242318574746;0.1992242318574746;0.6890323411831302;38.13696797223027;30.286414209384297;10.57673564601123;53.277607917785645
test-corridor;uniform_random;constructed-self-constructing-unsafe;0;0.2;0.20000000000000012;0.20000000000000012;0.1960655250034522;-22.09105948223134;41.409169922196654;32.70129450650154;78.71366620063782
slippy-drone;greedy-iter-4000;constructed-self-constructing-unsafe;0;0.2;0.19928558322627615;0.19928558322627615;0.689352245377783;38.17742631589175;30.277778880456037;10.564422392159688;55.03390455245972
dpm;greedy-iter-1000;constructed-self-constructing-unsafe;0;0.2;0.09235780821443693;0.09236132614296332;0.20935074413539412;6.038482149405247;44.629587795598404;4.370034217519938;94.63330435752869
test-corridor;uniform_random;constructed-self-constructing-unsafe;0;0.2;0.20000000000000012;0.20000000000000012;0.19622009712854038;-22.069631714202423;41.402987678779745;32.69310187738999;79.3006796836853
slippy-drone;greedy-iter-4000;constructed-self-constructing-unsafe;0;0.2;0.1993331050741078;0.1993331050741078;0.6896116750428278;38.20996491658112;30.271015181954887;10.55467866063766;54.00198817253113
dpm;greedy-iter-1000;constructed-self-constructing-unsafe;0;0.2;0.09243117835859863;0.0924347174272824;0.20934374909711784;6.042330524255991;44.629656354383;4.3659882313457645;94.80706834793091
slippy-drone;greedy-iter-4000;constructed-self-constructing-unsafe;0;0.2;0.19939681098513368;0.19939681098513368;0.6899556085563916;38.2532246048508;30.261924109614018;10.541624930691906;53.750608921051025
test-corridor;uniform_random;constructed-self-constructing-unsafe;0;0.2;0.20000000000000012;0.20000000000000012;0.19631809005928863;-22.056370628988542;41.399276548023444;32.687303148720275;80.66146969795227
collect;greedy-iter-500;constructed-self-constructing-unsafe;0;0.2;0.19999999321372872;0.19999999321372872;0.7449818550117286;33.04777152281564;41.14173854990145;10.658069102255471;195.46577644348145
slippy-drone;greedy-iter-4000;constructed-self-constructing-unsafe;0;0.2;0.19947995884280992;0.19947995884280992;0.6902719432410338;38.293000550435394;30.253591997078807;10.529161938899623;55.620726108551025
test-corridor;uniform_random;constructed-self-constructing-unsafe;0;0.2;0.20000000000000012;0.20000000000000012;0.19638444956459147;-22.047500550794076;41.396803560245814;32.68236757457686;81.46379160881042
dpm;greedy-iter-1000;constructed-self-constructing-unsafe;0;0.2;0.092493669948309;0.09249723017724965;0.20933806851454426;6.045533824202389;44.62970811791582;4.362554859109382;102.20753908157349
slippy-drone;greedy-iter-4000;constructed-self-constructing-unsafe;0;0.2;0.19955842020996709;0.19955842020996709;0.6906507835777667;38.34071479018651;30.243236920480037;10.514214931197765;54.90129327774048
test-corridor;uniform_random;constructed-self-constructing-unsafe;0;0.2;0.20000000000000012;0.20000000000000012;0.1964180923572664;-22.04293411155664;41.39546481804416;32.67984286585822;83.76446032524109
slippy-drone;greedy-iter-4000;constructed-self-constructing-unsafe;0;0.2;0.19961917014186792;0.19961917014186792;0.69083496884616;38.363749265808664;30.238431854147308;10.506690151688009;58.03635287284851
dpm;greedy-iter-1000;constructed-self-constructing-unsafe;0;0.2;0.09255414137157952;0.09255772029423551;0.20933241602334363;6.048726985352872;44.629762275231556;4.359225894443921;97.81036043167114
slippy-drone;greedy-iter-4000;constructed-self-constructing-unsafe;0;0.2;0.19967845345466617;0.19967845345466617;0.691191961931464;38.408765907881275;30.228999237456463;10.493731907663475;55.14487051963806
test-corridor;uniform_random;constructed-self-constructing-unsafe;0;0.2;0.20000000000000012;0.20000000000000012;0.1964087236127909;-22.04435184013767;41.395879896412424;32.67976656891703;84.08811283111572
dpm;greedy-iter-1000;constructed-self-constructing-unsafe;0;0.2;0.0926198272943336;0.09262342821107221;0.20932619745844383;6.052116759309186;44.62982252097027;4.3556073296924955;95.7199776172638
slippy-drone;greedy-iter-4000;constructed-self-constructing-unsafe;0;0.2;0.19971485958078974;0.19971485958078974;0.6913581008703769;38.42957000432202;30.224750420355054;10.487641071947477;56.30595326423645
test-corridor;uniform_random;constructed-self-constructing-unsafe;0;0.2;0.20000000000000012;0.20000000000000012;0.19640278792158672;-22.04536119807604;41.396174222146186;32.67943810857018;84.88436889648438
collect;greedy-iter-500;constructed-self-constructing-unsafe;0;0.2;0.19999999321372872;0.19999999321372872;0.7449818550117286;33.04777152281564;41.14173854990143;10.658069102255466;197.52634954452515
slippy-drone;greedy-iter-4000;constructed-self-constructing-unsafe;0;0.2;0.19978680674279584;0.19978680674279584;0.6916644077175521;38.46811244050329;30.21670548267513;10.475620277475567;56.65552735328674
dpm;greedy-iter-1000;constructed-self-constructing-unsafe;0;0.2;0.092684158707145;0.09268778113982232;0.20932005173170457;6.055679292871691;44.629882955919875;4.352059533500666;103.60217523574829
test-corridor;uniform_random;constructed-self-constructing-unsafe;0;0.2;0.20000000000000012;0.20000000000000012;0.19643804986363722;-22.04057910203031;41.39483337871783;32.677131824839485;85.94785475730896
slippy-drone;greedy-iter-4000;constructed-self-constructing-unsafe;0;0.2;0.19982963721899638;0.19982963721899638;0.6919038384451268;38.4983414331129;30.210338987136787;10.466515749162413;57.02945160865784
slippy-drone;greedy-iter-4000;constructed-self-constructing-unsafe;0;0.2;0.1998606769062674;0.1998606769062674;0.6921766932592481;38.53288325665358;30.202999111411295;10.456504736076393;57.92922592163086
dpm;greedy-iter-1000;constructed-self-constructing-unsafe;0;0.2;0.09275318738964382;0.09275683205273372;0.209313594175093;6.059350509724162;44.6299443191487;4.348259123844406;101.23742628097534
test-corridor;uniform_random;constructed-self-constructing-unsafe;0;0.2;0.20000000000000012;0.20000000000000012;0.1964906536054707;-22.03356599584714;41.39282736688123;32.67350464073279;88.11058378219604
slippy-drone;greedy-iter-4000;constructed-self-constructing-unsafe;0;0.2;0.19994184385533192;0.19994184385533192;0.6925537885507246;38.580573474786625;30.192861161924952;10.442161576452182;57.2821524143219
test-corridor;uniform_random;constructed-self-constructing-unsafe;0;0.2;0.20000000000000012;0.20000000000000012;0.1966433896976402;-22.012068852144058;41.38643213254722;32.66505999110817;88.34079909324646
dpm;greedy-iter-1000;constructed-self-constructing-unsafe;0;0.2;0.09281338125503746;0.09281705050746059;0.20930820448048787;6.062492255973154;44.62999277974851;4.344955910589499;98.30495643615723
slippy-drone;greedy-iter-4000;constructed-self-constructing-unsafe;0;0.2;0.1999891237420308;0.1999891237420308;0.6928504752643605;38.61809905162237;30.184833916093794;10.430665217292486;57.92762732505798
collect;greedy-iter-500;constructed-self-constructing-unsafe;0;0.2;0.19999999321372872;0.19999999321372872;0.7449818550117285;33.04777152281562;41.14173854990152;10.658069102255451;189.6707842350006
test-corridor;uniform_random;constructed-self-constructing-unsafe;0;0.2;0.20000000000000012;0.20000000000000012;0.19671065606435545;-22.002812060006608;41.383777101193665;32.6612365623651;90.4368462562561
slippy-drone;greedy-iter-4000;constructed-self-constructing-unsafe;0;0.2;0.1999999990365431;0.1999999990365431;0.6928970503284435;38.623928689735415;30.183634485306644;10.428754369946148;58.65893316268921
dpm;greedy-iter-1000;constructed-self-constructing-unsafe;0;0.2;0.09286886052814314;0.09287255070080037;0.2093032611904158;6.065502993891155;44.63003715338;4.341913460611882;100.98722910881042
slippy-drone;greedy-iter-4000;constructed-self-constructing-unsafe;0;0.2;0.19999999963714712;0.19999999963714712;0.6929507568760102;38.63069050240155;30.182231329753513;10.426868952113614;60.6363582611084
test-corridor;uniform_random;constructed-self-constructing-unsafe;0;0.2;0.20000000000000012;0.20000000000000012;0.1967252019545773;-22.00092613276167;41.383255842597734;32.660148093615;91.48103404045105
dpm;greedy-iter-1000;constructed-self-constructing-unsafe;0;0.2;0.09293420589530374;0.09293791714345756;0.2092973094819799;6.06882783447582;44.63009140684777;4.338326171611252;103.94344234466553
slippy-drone;greedy-iter-4000;constructed-self-constructing-unsafe;0;0.2;0.1999999999454734;0.1999999999454734;0.6930207829642653;38.63953944065713;30.180372311461532;10.424442332371527;61.3672821521759
test-corridor;uniform_random;constructed-self-constructing-unsafe;0;0.2;0.20000000000000012;0.20000000000000012;0.19674441790576958;-21.998334874689185;41.38251929211596;32.658997869543114;91.9993302822113
slippy-drone;greedy-iter-4000;constructed-self-constructing-unsafe;0;0.2;0.1999999999488857;0.1999999999488857;0.6930912652951816;38.64835114745542;30.178592730792694;10.42203005972559;62.55135536193848
dpm;greedy-iter-1000;constructed-self-constructing-unsafe;0;0.2;0.0929979189474135;0.09300165240363423;0.20929137748792298;6.072156845812664;44.63014744971057;4.334805947138222;100.78733396530151
collect;greedy-iter-500;constructed-self-constructing-unsafe;0;0.2;0.19999999321372872;0.19999999321372872;0.7450574366797567;33.05572857305617;41.14123689648313;10.655973637957093;196.48752880096436
test-corridor;uniform_random;constructed-self-constructing-unsafe;0;0.2;0.20000000000000012;0.20000000000000012;0.19677230167627624;-21.994674641084902;41.381514346573624;32.65680828161365;93.50109267234802
slippy-drone;greedy-iter-4000;constructed-self-constructing-unsafe;0;0.2;0.1999999999747493;0.1999999999747493;0.6931840128922874;38.660050103369024;30.176149382591657;10.418751308521895;64.7005877494812
dpm;greedy-iter-1000;constructed-self-constructing-unsafe;0;0.2;0.09307266866974748;0.09307642372989437;0.20928440697500944;6.07602995295009;44.63021354944619;4.330691610540576;106.33027076721191
slippy-drone;greedy-iter-4000;constructed-self-constructing-unsafe;0;0.2;0.1999999999747493;0.1999999999747493;0.6932063437846082;38.662834987899785;30.175594616866817;10.418035869489204;65.70222163200378
test-corridor;uniform_random;constructed-self-constructing-unsafe;0;0.2;0.20000000000000012;0.20000000000000012;0.19679766571285615;-21.991329474067594;41.38062549603236;32.65491833130022;95.21396803855896
slippy-drone;greedy-iter-4000;constructed-self-constructing-unsafe;0;0.2;0.1999999999747493;0.1999999999747493;0.69326925105218;38.67075965911401;30.173952801391735;10.415949558450922;67.96901082992554
dpm;greedy-iter-1000;constructed-self-constructing-unsafe;0;0.2;0.09313323487723152;0.09313701163818312;0.20927890571070767;6.079192921354036;44.63026381778389;4.3273667041965025;106.74630069732666
test-corridor;uniform_random;constructed-self-constructing-unsafe;0;0.2;0.20000000000000012;0.20000000000000012;0.19680199505002766;-21.990851989973134;41.38050520002161;32.654359419716926;97.10936975479126
slippy-drone;greedy-iter-4000;constructed-self-constructing-unsafe;0;0.2;0.1999999999747493;0.1999999999747493;0.6933191563840096;38.67702407197757;30.172663439661903;10.414098096895056;68.60624980926514
dpm;greedy-iter-1000;constructed-self-constructing-unsafe;0;0.2;0.09319240986689367;0.09319620708753779;0.209273477830696;6.082209487481691;44.6303135654396;4.324114715449121;105.41280674934387
test-corridor;uniform_random;constructed-self-constructing-unsafe;0;0.2;0.20000000000000015;0.20000000000000015;0.19683412186467936;-21.986637732439366;41.379382276943666;32.65174184647249;96.55266165733337
collect;greedy-iter-500;constructed-self-constructing-unsafe;0;0.2;0.19999999321372872;0.19999999321372872;0.7450574366797567;33.05572857305617;41.14123689648317;10.655973637957098;190.30477738380432
slippy-drone;greedy-iter-4000;constructed-self-constructing-unsafe;0;0.2;0.19999999997518328;0.19999999997518328;0.6933654806557963;38.68290709768245;30.171406293560693;10.412503489100015;70.46617126464844
slippy-drone;greedy-iter-4000;constructed-self-constructing-unsafe;0;0.2;0.19999999997518328;0.19999999997518328;0.6934375267988298;38.69202121155958;30.169484481911663;10.41000696997519;71.11763143539429
test-corridor;uniform_random;constructed-self-constructing-unsafe;0;0.2;0.20000000000000015;0.20000000000000015;0.1968665209355322;-21.98245405699962;41.37825215393809;32.64924509180918;96.45563530921936
dpm;greedy-iter-1000;constructed-self-constructing-unsafe;0;0.2;0.09325910385554331;0.0932629236319173;0.20926752756811018;6.085552186723831;44.63036613589801;4.320456626211376;107.25890755653381
slippy-drone;greedy-iter-4000;constructed-self-constructing-unsafe;0;0.2;0.1999999999763043;0.1999999999763043;0.6934849117489837;38.69794930762177;30.1682856162409;10.408409085501068;78.58053541183472
test-corridor;uniform_random;constructed-self-constructing-unsafe;0;0.2;0.20000000000000015;0.20000000000000015;0.1968761875458523;-21.98143830891867;41.3780346616042;32.6474771066095;101.00079321861267
dpm;greedy-iter-1000;constructed-self-constructing-unsafe;0;0.2;0.09332544895062449;0.09332928982609776;0.20926102731025398;6.089094442769834;44.63043241877217;4.316790677939315;110.81185531616211
slippy-drone;greedy-iter-4000;constructed-self-constructing-unsafe;0;0.2;0.1999999999763043;0.1999999999763043;0.6935348703205361;38.70419497451513;30.167027693427265;10.406767643834222;74.79357600212097
test-corridor;uniform_random;constructed-self-constructing-unsafe;0;0.2;0.20000000000000015;0.20000000000000015;0.19691538026609764;-21.976393714326903;41.37673098640309;32.64441569656837;100.14409041404724
collect;greedy-iter-500;constructed-self-constructing-unsafe;0;0.2;0.19999999910668995;0.19999999910668995;0.7450579827573082;33.05578606274415;41.1412332720375;10.655958498227555;200.02190613746643
dpm;greedy-iter-1000;constructed-self-constructing-unsafe;0;0.2;0.09338815631664538;0.09339201901853338;0.20925535825070501;6.092331126988476;44.6304841389575;4.313345055837056;112.41467308998108
slippy-drone;greedy-iter-4000;constructed-self-constructing-unsafe;0;0.2;0.1999999999763043;0.1999999999763043;0.6935654486079837;38.70808488662799;30.16619217957913;10.405744185736522;78.06869959831238
test-corridor;uniform_random;constructed-self-constructing-unsafe;0;0.2;0.20000000000000015;0.20000000000000015;0.19697854904459666;-21.967766189554112;41.374298439070884;32.64037831250664;101.90168595314026
slippy-drone;greedy-iter-4000;constructed-self-constructing-unsafe;0;0.2;0.1999999999763043;0.1999999999763043;0.6936322145255052;38.71640526423246;30.16453505309054;10.403522003186088;81.2178635597229
dpm;greedy-iter-1000;constructed-self-constructing-unsafe;0;0.2;0.09346202134506636;0.09346590543754031;0.2092483861711208;6.0961310292570765;44.630550372661155;4.309278183496595;113.17537713050842
test-corridor;uniform_random;constructed-self-constructing-unsafe;0;0.2;0.20000000000000015;0.20000000000000015;0.1970115005296494;-21.963572427975897;41.37319962008933;32.637387370352855;105.5353934764862
slippy-drone;greedy-iter-4000;constructed-self-constructing-unsafe;0;0.2;0.1999999999763043;0.1999999999763043;0.6937217612300753;38.72783641565123;30.16203930715266;10.40023615301568;82.35005235671997
dpm;greedy-iter-1000;constructed-self-constructing-unsafe;0;0.2;0.09351825778377447;0.09352216294008164;0.20924337844680957;6.099147175420986;44.630594965689816;4.306193136351281;115.29665875434875
test-corridor;uniform_random;constructed-self-constructing-unsafe;0;0.2;0.20000000000000015;0.20000000000000015;0.19703821839009558;-21.960054163508055;41.37226928604187;32.63536200165593;105.02800631523132
slippy-drone;greedy-iter-4000;constructed-self-constructing-unsafe;0;0.2;0.1999999999763043;0.1999999999763043;0.6937727475551233;38.73421312399881;30.160751076204157;10.398515187123898;83.45835542678833
collect;greedy-iter-500;constructed-self-constructing-unsafe;0;0.2;0.19999999910668995;0.19999999910668995;0.7451573571196615;33.0664143658238;41.14044053019319;10.65228044296482;199.91978764533997
dpm;greedy-iter-1000;constructed-self-constructing-unsafe;0;0.2;0.09357804272586823;0.0935819670214616;0.20923784573093357;6.102330129514245;44.6306473143594;4.302903842579115;114.24880719184875
slippy-drone;greedy-iter-4000;constructed-self-constructing-unsafe;0;0.2;0.1999999999917206;0.1999999999917206;0.6938119887343441;38.73912526185936;30.15975504778219;10.397180110381752;83.56214737892151
test-corridor;uniform_random;constructed-self-constructing-unsafe;0;0.2;0.20000000000000015;0.20000000000000015;0.19706458607427524;-21.956629893053634;41.37134596691781;32.63323710559614;109.72871732711792
slippy-drone;greedy-iter-4000;constructed-self-constructing-unsafe;0;0.2;0.1999999999917206;0.1999999999917206;0.6938374606064623;38.7423119612601;30.159109035491568;10.39629228433689;87.67081904411316
dpm;greedy-iter-1000;constructed-self-constructing-unsafe;0;0.2;0.09362943241645039;0.09363337692195171;0.20923326513295476;6.105073724542764;44.63068875243076;4.300084430754632;119.48852586746216
test-corridor;uniform_random;constructed-self-constructing-unsafe;0;0.2;0.20000000000000015;0.20000000000000015;0.19714607526231254;-21.94541570555011;41.36813745341607;32.62828897424265;109.14138436317444
slippy-drone;greedy-iter-4000;constructed-self-constructing-unsafe;0;0.2;0.1999999999917206;0.1999999999917206;0.6938742327385415;38.74689544980214;30.158194179365047;10.395040788511771;88.54411125183105
dpm;greedy-iter-1000;constructed-self-constructing-unsafe;0;0.2;0.09367804122660445;0.09368200659308387;0.20922898826691225;6.107548245187381;44.630726468711586;4.297421939902739;120.545494556427
test-corridor;uniform_random;constructed-self-constructing-unsafe;0;0.2;0.20000000000000015;0.20000000000000015;0.19717879485014722;-21.941245033676847;41.367072131980166;32.625141300631185;109.32891893386841
collect;greedy-iter-500;constructed-self-constructing-unsafe;0;0.2;0.19999999910668995;0.19999999910668995;0.7451573571196615;33.0664143658238;41.14044053019322;10.652280442964814;201.83830428123474
slippy-drone;greedy-iter-4000;constructed-self-constructing-unsafe;0;0.2;0.199999999999411;0.199999999999411;0.6939387865314891;38.75506924015518;30.156458797906986;10.392663099691584;86.6411337852478
test-corridor;uniform_random;constructed-self-constructing-unsafe;0;0.2;0.20000000000000015;0.20000000000000015;0.1971690821312439;-21.94276433451204;41.36747643755657;32.62460168156103;109.64546513557434
dpm;greedy-iter-1000;constructed-self-constructing-unsafe;0;0.2;0.0937378732419911;0.09374186102862014;0.20922357946539724;6.110669372265363;44.63077542228944;4.294135613462574;119.65511703491211
slippy-drone;greedy-iter-4000;constructed-self-constructing-unsafe;0;0.2;0.199999999999411;0.199999999999411;0.694102659089801;38.77587077981872;30.15200332805479;10.386630379500119;91.69855642318726
test-corridor;uniform_random;constructed-self-constructing-unsafe;0;0.2;0.20000000000000015;0.20000000000000015;0.19720367967665453;-21.93830057015421;41.366310211704764;32.62154863116094;113.9567437171936
dpm;greedy-iter-1000;constructed-self-constructing-unsafe;0;0.2;0.09380347735021372;0.09380748992323909;0.2092176942937013;6.113963596270317;44.63082841578667;4.290537015144553;122.17661118507385
slippy-drone;greedy-iter-4000;constructed-self-constructing-unsafe;0;0.2;0.199999999999411;0.199999999999411;0.6941306310768145;38.779391250760405;30.15127449196008;10.385668325157715;92.33050227165222
test-corridor;uniform_random;constructed-self-constructing-unsafe;0;0.2;0.20000000000000015;0.20000000000000015;0.19722177478471223;-21.936003569926825;41.36571240581128;32.619849773091815;111.9677038192749
slippy-drone;greedy-iter-4000;constructed-self-constructing-unsafe;0;0.2;0.199999999999411;0.199999999999411;0.6941694450641405;38.7842523258361;30.150281214425377;10.384269655892377;90.57953786849976
collect;greedy-iter-500;constructed-self-constructing-unsafe;0;0.2;0.199999999149005;0.199999999149005;0.7452609909912633;33.07728557087996;41.139788207304086;10.649173642704982;200.94488167762756
dpm;greedy-iter-1000;constructed-self-constructing-unsafe;0;0.2;0.09386700506632352;0.09387103941429925;0.20921169768787867;6.117423104579213;44.63088599226751;4.287035662423979;121.33597660064697
slippy-drone;greedy-iter-4000;constructed-self-constructing-unsafe;0;0.2;0.199999999999411;0.199999999999411;0.6941814998077845;38.785749784444484;30.149986374787293;10.383863203531368;92.23603105545044
test-corridor;uniform_random;constructed-self-constructing-unsafe;0;0.2;0.20000000000000015;0.20000000000000015;0.1972211424739332;-21.93624254281445;41.36576506926077;32.61934913610844;111.45914030075073
dpm;greedy-iter-1000;constructed-self-constructing-unsafe;0;0.2;0.09393618200194492;0.09394023651416153;0.20920519440570812;6.121181685094005;44.63094855499229;4.283225978676002;123.94895458221436
slippy-drone;greedy-iter-4000;constructed-self-constructing-unsafe;0;0.2;0.19999999999979554;0.19999999999979554;0.6942405261889755;38.79323097808902;30.148400546329746;10.381864917995193;95.81239819526672
test-corridor;uniform_random;constructed-self-constructing-unsafe;0;0.2;0.20000000000000015;0.20000000000000015;0.1972159373613381;-21.937071241768344;41.36601635939809;32.619206445097895;115.67304587364197
dpm;greedy-iter-1000;constructed-self-constructing-unsafe;0;0.2;0.09400178284796451;0.09400585908358872;0.20919934110031613;6.124461727394983;44.6310003371328;4.279629044634554;125.59196019172668
slippy-drone;greedy-iter-4000;constructed-self-constructing-unsafe;0;0.2;0.19999999999979554;0.19999999999979554;0.6943315522083795;38.804824504874134;30.145892139747634;10.37859179127161;96.56847167015076
collect;greedy-iter-500;constructed-self-constructing-unsafe;0;0.2;0.199999999149005;0.199999999149005;0.7452609909912633;33.07728557087996;41.13978820730424;10.649173642705;203.21756839752197
test-corridor;uniform_random;constructed-self-constructing-unsafe;0;0.2;0.20000000000000015;0.20000000000000015;0.19727098148895933;-21.929559555512498;41.363904336362715;32.615711757296324;115.00007176399231
dpm;greedy-iter-1000;constructed-self-constructing-unsafe;0;0.2;0.09406178582315548;0.09406588280878064;0.20919390151982226;6.127584710001799;44.6310500736319;4.2763353824484245;119.52383732795715
slippy-drone;greedy-iter-4000;constructed-self-constructing-unsafe;0;0.2;0.19999999999979723;0.19999999999979723;0.6943937022863187;38.81272892478576;30.144193857088368;10.376432441300727;95.08807611465454
test-corridor;uniform_random;constructed-self-constructing-unsafe;0;0.2;0.20000000000000015;0.20000000000000015;0.19726679838084005;-21.930215228333424;41.36409299842655;32.615643250734266;117.9240357875824
slippy-drone;greedy-iter-4000;constructed-self-constructing-unsafe;0;0.2;0.19999999999979723;0.19999999999979723;0.694466132243986;38.82188516855953;30.142268545634177;10.373940233813988;99.28623056411743
dpm;greedy-iter-1000;constructed-self-constructing-unsafe;0;0.2;0.09412181765613721;0.09412593439377284;0.20918819317861387;6.130804405346503;44.63110577106929;4.273027625263878;121.76238751411438
test-corridor;uniform_random;constructed-self-constructing-unsafe;0;0.2;0.20000000000000015;0.20000000000000015;0.19734985368363492;-21.91874556556841;41.360777421415584;32.61057770211307;117.07439160346985
slippy-drone;greedy-iter-4000;constructed-self-constructing-unsafe;0;0.2;0.19999999999979723;0.19999999999979723;0.6945239119162434;38.82925406135064;30.140669351772058;10.371915039094178;102.28829097747803
dpm;greedy-iter-1000;constructed-self-constructing-unsafe;0;0.2;0.09418070801120568;0.09418484626985989;0.2091828158046282;6.1338455896563255;44.631155313066664;4.2697931238861555;123.19222950935364
collect;greedy-iter-500;constructed-self-constructing-unsafe;0;0.2;0.199999999149005;0.199999999149005;0.7453413552776016;33.08604122367529;41.13898770189271;10.64625182971567;205.72364735603333
test-corridor;uniform_random;constructed-self-constructing-unsafe;0;0.2;0.20000000000000015;0.20000000000000015;0.19736413313078593;-21.916831380385254;41.360185593768385;32.60938816797505;119.86885476112366
slippy-drone;greedy-iter-4000;constructed-self-constructing-unsafe;0;0.2;0.19999999999979723;0.19999999999979723;0.6945886503824927;38.837429435120356;30.138954669359602;10.36964462229731;98.28437304496765
dpm;greedy-iter-1000;constructed-self-constructing-unsafe;0;0.2;0.09422361052057235;0.09422777115831812;0.2091791587733754;6.136058766744554;44.6311862236252;4.267447325174124;122.31734108924866
test-corridor;uniform_random;constructed-self-constructing-unsafe;0;0.2;0.20000000000000015;0.20000000000000015;0.19739446165139002;-21.9127542098052;41.358995157466865;32.60702217378556;119.74213576316833
slippy-drone;greedy-iter-4000;constructed-self-constructing-unsafe;0;0.2;0.19999999999979723;0.19999999999979723;0.6946719469142696;38.848033133832345;30.13666559367708;10.366693473056245;100.43388843536377
dpm;greedy-iter-1000;constructed-self-constructing-unsafe;0;0.2;0.09427339180918642;0.09427757260319775;0.2091746984100873;6.138637219288285;44.631226410424105;4.264717990659842;122.21483588218689
test-corridor;uniform_random;constructed-self-constructing-unsafe;0;0.2;0.20000000000000015;0.20000000000000015;0.19748311032363353;-21.900676858698574;41.355570934089386;32.60111432867787;119.37911939620972
slippy-drone;greedy-iter-4000;constructed-self-constructing-unsafe;0;0.2;0.19999999999979723;0.19999999999979723;0.6947488489701589;38.85777260793872;30.13459842262002;10.363925416939633;100.77504920959473
collect;greedy-iter-500;constructed-self-constructing-unsafe;0;0.2;0.199999999149005;0.199999999149005;0.7453413552776016;33.08604122367529;41.13898770189272;10.64625182971567;197.76312637329102
dpm;greedy-iter-1000;constructed-self-constructing-unsafe;0;0.2;0.09432165526458344;0.09432585726089837;0.20917037016041523;6.141229044591549;44.63126572068946;4.262068046377862;123.62463045120239
slippy-drone;greedy-iter-4000;constructed-self-constructing-unsafe;0;0.2;0.19999999999979723;0.19999999999979723;0.694845023260554;38.86988579231717;30.132081001467025;10.360549572283292;101.78125762939453
test-corridor;uniform_random;constructed-self-constructing-unsafe;0;0.2;0.20000000000000015;0.20000000000000015;0.1975175893343132;-21.89628617951585;41.354437764507004;32.597931759291484;120.32789540290833
slippy-drone;safe-iter-1000;constructed-self-constructing-unsafe;0;0.2;0.00447309900179376;0.00447309900179376;0.7281373647650525;42.52442523071918;30.189735896099446;10.263886809382065;2.5581114292144775
slippy-drone;safe-iter-1000;constructed-self-constructing-unsafe;0;0.2;0.004918495794275278;0.004918495794275278;0.7391851374166549;43.91591303433848;29.894256961189203;9.817833543089517;3.0292205810546875
slippy-drone;safe-iter-1000;constructed-self-constructing-unsafe;0;0.2;0.005373549979903945;0.005373549979903945;0.7504394361285457;45.333551753338234;29.590489813630786;9.357554648544758;3.1243462562561035
slippy-drone;safe-iter-1000;constructed-self-constructing-unsafe;0;0.2;0.0057978567169051564;0.0057978567169051564;0.76101893895986;46.67010766847272;29.29976971173676;8.919637124054605;3.2377336025238037
slippy-drone;safe-iter-1000;constructed-self-constructing-unsafe;0;0.2;0.005942282462531266;0.005942282462531266;0.768284978687118;47.58301546336014;29.10391845025409;8.635193142221889;3.234245777130127
slippy-drone;safe-iter-1000;constructed-self-constructing-unsafe;0;0.2;0.00639786988194378;0.00639786988194378;0.7775121183543758;48.74205302703154;28.860703923488458;8.267776468695759;3.3384554386138916
slippy-drone;safe-iter-1000;constructed-self-constructing-unsafe;0;0.2;0.00653913491367576;0.00653913491367576;0.7825402516176504;49.37261974356187;28.725379825303886;8.066952860791039;3.5443966388702393
slippy-drone;safe-iter-1000;constructed-self-constructing-unsafe;0;0.2;0.006800898020073819;0.006800898020073819;0.7890493772671158;50.19013893251428;28.553518764430702;7.807439209572253;3.752163887023926
slippy-drone;safe-iter-1000;constructed-self-constructing-unsafe;0;0.2;0.006967086898483768;0.006967086898483768;0.7930586374859404;50.69667187581879;28.44585875407421;7.6452886673093685;3.8998184204101562
dpm;greedy-iter-1000;constructed-self-constructing-unsafe;0;0.2;0.09436106324341884;0.09436528794703275;0.20916700454761222;6.143215769675477;44.63129460813976;4.2599125842169645;128.82269740104675
slippy-drone;safe-iter-1000;constructed-self-constructing-unsafe;0;0.2;0.007202752017985397;0.007202752017985397;0.7979436962457526;51.31088648525699;28.316751999414247;7.448272870096522;4.017789840698242
test-corridor;uniform_random;constructed-self-constructing-unsafe;0;0.2;0.20000000000000015;0.20000000000000015;0.1975178474868166;-21.896464776460025;41.35451734029566;32.597183897197624;122.62614154815674
slippy-drone;safe-iter-1000;constructed-self-constructing-unsafe;0;0.2;0.007318243212204638;0.007318243212204638;0.7998560094913358;51.549903449335474;28.267242976348093;7.3727925297753965;4.226893663406372
slippy-drone;safe-iter-1000;constructed-self-constructing-unsafe;0;0.2;0.007471847197356778;0.007471847197356778;0.8033214458232621;51.98292524955229;28.17835026770304;7.238051041278481;4.407355070114136
slippy-drone;safe-iter-1000;constructed-self-constructing-unsafe;0;0.2;0.007625163955972975;0.007625163955972975;0.8069905366853616;52.44398860335441;28.081199965103547;7.091537096381757;4.556906461715698
slippy-drone;safe-iter-1000;constructed-self-constructing-unsafe;0;0.2;0.007777867684224385;0.007777867684224385;0.8105587677227608;52.892655681378315;27.986675816976348;6.949865107826658;4.744773864746094
slippy-drone;safe-iter-1000;constructed-self-constructing-unsafe;0;0.2;0.007876439127170402;0.007876439127170402;0.814543083572479;53.394918309760016;27.877867012520863;6.788881071783498;4.8961780071258545
slippy-drone;safe-iter-1000;constructed-self-constructing-unsafe;0;0.2;0.007891738468707759;0.007891738468707759;0.8155250172379015;53.51831740563643;27.852250438114897;6.7505497770711775;5.071337461471558
slippy-drone;safe-iter-1000;constructed-self-constructing-unsafe;0;0.2;0.007921999807629598;0.007921999807629598;0.8169841974474783;53.7005379690585;27.813901324703682;6.693632610671601;5.260407447814941
slippy-drone;safe-iter-1000;constructed-self-constructing-unsafe;0;0.2;0.008014549820277926;0.008014549820277926;0.819301111906533;53.99012614554971;27.75364320773915;6.600473926285005;5.3464696407318115
collect;greedy-iter-500;constructed-self-constructing-unsafe;0;0.2;0.199999999149005;0.199999999149005;0.7453413552776016;33.08604122367529;41.13898770189271;10.646251829715666;195.93198680877686
slippy-drone;safe-iter-1000;constructed-self-constructing-unsafe;0;0.2;0.008086282636502335;0.008086282636502335;0.8217182325386646;54.29278474589915;27.689836884059883;6.5050307196920505;5.477848052978516
dpm;greedy-iter-1000;constructed-self-constructing-unsafe;0;0.2;0.09442217713858486;0.0944264250387713;0.20916157981592765;6.146358303466399;44.63134281162026;4.256559324807095;129.1224057674408
test-corridor;uniform_random;constructed-self-constructing-unsafe;0;0.2;0.20000000000000015;0.20000000000000015;0.19756915965297442;-21.889503436498774;41.35256137795384;32.59404573099012;122.91269326210022
slippy-drone;safe-iter-1000;constructed-self-constructing-unsafe;0;0.2;0.008169716534546807;0.008169716534546807;0.8245690726270007;54.6511386160898;27.613340493419525;6.39102923296189;5.7391955852508545
slippy-drone;safe-iter-1000;constructed-self-constructing-unsafe;0;0.2;0.008228501560862243;0.008228501560862243;0.8260660906923455;54.837900692479856;27.574644590579524;6.330590310556997;5.850776195526123
slippy-drone;safe-iter-1000;constructed-self-constructing-unsafe;0;0.2;0.008272347680402966;0.008272347680402966;0.8268444016732512;54.93499814322639;27.554903370655513;6.299652185663898;6.013548374176025
slippy-drone;safe-iter-1000;constructed-self-constructing-unsafe;0;0.2;0.00828227946409266;0.00828227946409266;0.8271478080813414;54.97263036906513;27.547354706618847;6.288109301141856;6.192126750946045
slippy-drone;safe-iter-1000;constructed-self-constructing-unsafe;0;0.2;0.008318868820205919;0.008318868820205919;0.8283238906013607;55.11869062088015;27.517653559011695;6.242839821993569;6.271395206451416
slippy-drone;safe-iter-1000;constructed-self-constructing-unsafe;0;0.2;0.008335964151190995;0.008335964151190995;0.8286209444728322;55.15554546736314;27.510327791002382;6.231382414510573;6.521807432174683
slippy-drone;safe-iter-1000;constructed-self-constructing-unsafe;0;0.2;0.008386914777031846;0.008386914777031846;0.8304172764455986;55.3788836797657;27.464783348332503;6.162965892001417;7.093664884567261
slippy-drone;safe-iter-1000;constructed-self-constructing-unsafe;0;0.2;0.008431743744495884;0.008431743744495884;0.8312253751354604;55.479660168783866;27.444513250580805;6.13173481037805;6.974408864974976
dpm;greedy-iter-1000;constructed-self-constructing-unsafe;0;0.2;0.09446740635063754;0.09447167078193919;0.20915745099864724;6.1488238303242975;44.63138132504124;4.254075863352966;128.07085752487183
test-corridor;uniform_random;constructed-self-constructing-unsafe;0;0.2;0.20000000000000015;0.20000000000000015;0.19758494333922758;-21.887436418865516;41.35200060597095;32.59305660155002;128.38972783088684
slippy-drone;safe-iter-1000;constructed-self-constructing-unsafe;0;0.2;0.008442281047591663;0.008442281047591663;0.8318079623593605;55.55193244046277;27.429747065373093;6.1101662755993935;7.231989145278931
slippy-drone;safe-iter-1000;constructed-self-constructing-unsafe;0;0.2;0.008456321158000317;0.008456321158000317;0.8322474054706097;55.606586250875594;27.41851907863604;6.093238754143447;7.325104713439941
slippy-drone;safe-iter-1000;constructed-self-constructing-unsafe;0;0.2;0.008517687610999573;0.008517687610999573;0.8333330412154365;55.745107095956214;27.38836575021342;6.048964730740726;7.4836742877960205
slippy-drone;safe-iter-1000;constructed-self-constructing-unsafe;0;0.2;0.008549041299323839;0.008549041299323839;0.8346222044355933;55.90811043526875;27.352612734551176;5.997265312898563;7.876413345336914
slippy-drone;safe-iter-1000;constructed-self-constructing-unsafe;0;0.2;0.008561655860472278;0.008561655860472278;0.834943361012414;55.948079524714814;27.344495641402318;5.984889291716054;8.177428483963013
slippy-drone;safe-iter-1000;constructed-self-constructing-unsafe;0;0.2;0.00859416444488978;0.00859416444488978;0.8356617007545274;56.037571086816;27.32639213722177;5.9577294245720624;8.143765449523926
slippy-drone;safe-iter-1000;constructed-self-constructing-unsafe;0;0.2;0.008610823177116209;0.008610823177116209;0.8361147158809368;56.09386032860436;27.314559464592566;5.939852018646675;8.604762315750122
slippy-drone;safe-iter-1000;constructed-self-constructing-unsafe;0;0.2;0.008685010241361275;0.008685010241361275;0.8378119834655422;56.30635793977735;27.270833104982078;5.875011356982975;8.696711778640747
test-corridor;uniform_random;constructed-self-constructing-unsafe;0;0.2;0.20000000000000015;0.20000000000000015;0.19760822458054478;-21.88432664430914;41.351157168630145;32.59145971294661;126.8816430568695
dpm;greedy-iter-1000;constructed-self-constructing-unsafe;0;0.2;0.09452913466041983;0.09453342062393733;0.20915182546837596;6.1519913546162766;44.63143290757543;4.25068577187358;126.7769844532013
slippy-drone;safe-iter-1000;constructed-self-constructing-unsafe;0;0.2;0.008698547693064315;0.008698547693064315;0.8382056183068566;56.35531821751439;27.260744651609443;5.859646999814742;9.26913857460022
slippy-drone;safe-iter-1000;constructed-self-constructing-unsafe;0;0.2;0.008779915356860863;0.008779915356860863;0.8394506885362041;56.51029845248657;27.229856239211458;5.809534870650464;8.935693264007568
slippy-drone;safe-iter-1000;constructed-self-constructing-unsafe;0;0.2;0.008804569517939521;0.008804569517939521;0.8403430583395356;56.62196487979881;27.20616219714703;5.773199029491155;9.063054323196411
collect;greedy-iter-500;constructed-self-constructing-unsafe;0;0.2;0.199999999149005;0.199999999149005;0.7453456209402819;33.08648079998098;41.13896864656225;10.64612885464977;198.45816373825073
slippy-drone;safe-iter-1000;constructed-self-constructing-unsafe;0;0.2;0.008842919958645664;0.008842919958645664;0.8411699620813448;56.724994967864944;27.185257468187434;5.741439143009112;9.521414995193481
slippy-drone;safe-iter-1000;constructed-self-constructing-unsafe;0;0.2;0.0088852875394161;0.0088852875394161;0.8418235621366389;56.80632186279591;27.169060208750366;5.715429582286717;9.585843563079834
slippy-drone;safe-iter-1000;constructed-self-constructing-unsafe;0;0.2;0.008904212133276277;0.008904212133276277;0.8423693148313175;56.874575284139524;27.154753794070754;5.693854170045145;9.89714002609253
slippy-drone;safe-iter-1000;constructed-self-constructing-unsafe;0;0.2;0.008946193742266238;0.008946193742266238;0.8431555088146843;56.97265217569776;27.13499165463289;5.6639457096841115;9.731266736984253
test-corridor;uniform_random;constructed-self-constructing-unsafe;0;0.2;0.20000000000000015;0.20000000000000015;0.19769991749827465;-21.871722156996793;41.34756761354333;32.58604039470143;128.41340351104736
dpm;greedy-iter-1000;constructed-self-constructing-unsafe;0;0.2;0.09458996784938331;0.09459427402280876;0.2091464781214066;6.1550737436450245;44.63147930215831;4.247353747471067;129.1684868335724
slippy-drone;safe-iter-1000;constructed-self-constructing-unsafe;0;0.2;0.008951216998295725;0.008951216998295725;0.8432879084700053;56.9890711560125;27.131670627667628;5.6587146467528395;10.10257339477539
slippy-drone;safe-iter-1000;constructed-self-constructing-unsafe;0;0.2;0.008961768936673727;0.008961768936673727;0.8436405751244926;57.033318305783325;27.12243714064363;5.644922295436719;10.266616582870483
slippy-drone;safe-iter-1000;constructed-self-constructing-unsafe;0;0.2;0.008981095183488408;0.008981095183488408;0.8442256490060162;57.10623291116853;27.107379880617355;5.6220401123426;10.501282215118408
slippy-drone;safe-iter-1000;constructed-self-constructing-unsafe;0;0.2;0.009003495579195511;0.009003495579195511;0.8446850391344854;57.1632572652248;27.096060167243877;5.604316886394371;10.500352382659912
slippy-drone;safe-iter-1000;constructed-self-constructing-unsafe;0;0.2;0.00901302170699547;0.00901302170699547;0.8448588945283324;57.18487691864081;27.091669450412407;5.597520725012341;10.73681354522705
slippy-drone;safe-iter-1000;constructed-self-constructing-unsafe;0;0.2;0.009022853835636245;0.009022853835636245;0.8452336177952663;57.23160067206978;27.08196767581405;5.583019178116824;10.952902555465698
test-corridor;uniform_random;constructed-self-constructing-unsafe;0;0.2;0.20000000000000015;0.20000000000000015;0.19774695032173614;-21.865246972354814;41.345712361824624;32.583276535848675;129.8372983932495
slippy-drone;safe-iter-1000;constructed-self-constructing-unsafe;0;0.2;0.009032371509518607;0.009032371509518607;0.8455743083561343;57.27402213535318;27.07317318200348;5.56988021822311;11.24555516242981
dpm;greedy-iter-1000;constructed-self-constructing-unsafe;0;0.2;0.09463556790027644;0.0946398944583273;0.2091424364466241;6.157482076286772;44.63151594665097;4.244854526491817;133.3603081703186
slippy-drone;safe-iter-1000;constructed-self-constructing-unsafe;0;0.2;0.009040282225192701;0.009040282225192701;0.8458233094935081;57.30513508559239;27.066552066274163;5.559841393774817;11.634011507034302
slippy-drone;safe-iter-1000;constructed-self-constructing-unsafe;0;0.2;0.009048152725854422;0.009048152725854422;0.8459447264365351;57.320199112488886;27.063607810113794;5.555168649798012;11.500022411346436
slippy-drone;safe-iter-1000;constructed-self-constructing-unsafe;0;0.2;0.009063319742717083;0.009063319742717083;0.846165714465915;57.34765622307734;27.05796098971884;5.5462187938828595;11.919919967651367
slippy-drone;safe-iter-1000;constructed-self-constructing-unsafe;0;0.2;0.009073318036567479;0.009073318036567479;0.8464486879832773;57.382971634843386;27.050491080756625;5.534676404062109;12.067714929580688
collect;greedy-iter-500;constructed-self-constructing-unsafe;0;0.2;0.199999999149005;0.199999999149005;0.7454398188676105;33.09655821542713;41.13821539884899;10.64288088105306;201.76428127288818
slippy-drone;safe-iter-1000;constructed-self-constructing-unsafe;0;0.2;0.00909571085248571;0.00909571085248571;0.846923114302136;57.44192015569985;27.03862044909692;5.516404233174834;12.21951699256897
test-corridor;uniform_random;constructed-self-constructing-unsafe;0;0.2;0.20000000000000015;0.20000000000000015;0.19785397339078678;-21.850619431604017;41.34155131181965;32.576790598945806;130.10939764976501
slippy-drone;safe-iter-1000;constructed-self-constructing-unsafe;0;0.2;0.009119714392711316;0.009119714392711316;0.8474731407444176;57.510254139208996;27.024627712884524;5.494637505252509;12.21776294708252
dpm;greedy-iter-1000;constructed-self-constructing-unsafe;0;0.2;0.09468977735655418;0.09469412607238628;0.20913747124329468;6.160499048463909;44.63156267761793;4.241876700230113;133.00729537010193
slippy-drone;safe-iter-1000;constructed-self-constructing-unsafe;0;0.2;0.009139135395658339;0.009139135395658339;0.8484401386362586;57.631373514901576;26.998949461601015;5.457207315698098;12.454639673233032
slippy-drone;safe-iter-1000;constructed-self-constructing-unsafe;0;0.2;0.009157871487272184;0.009157871487272184;0.8489118775353666;57.690189671645726;26.986643550869896;5.438308791081165;13.03319239616394
slippy-drone;safe-iter-1000;constructed-self-constructing-unsafe;0;0.2;0.00916484901778341;0.00916484901778341;0.8490997139419905;57.71351091525429;26.981911300230255;5.430966293165496;13.114458799362183
slippy-drone;safe-iter-1000;constructed-self-constructing-unsafe;0;0.2;0.009183048268328277;0.009183048268328277;0.8494978284038839;57.76297337227112;26.971930655679117;5.415236563358478;13.693737030029297
slippy-drone;safe-iter-1000;constructed-self-constructing-unsafe;0;0.2;0.009194168927125814;0.009194168927125814;0.849828784910022;57.804291421086376;26.963460070081915;5.402659565464408;13.457687377929688
test-corridor;uniform_random;constructed-self-constructing-unsafe;0;0.2;0.20000000000000015;0.20000000000000015;0.19787648693815854;-21.84756381551898;41.340697636820664;32.57543261331107;131.9419493675232
slippy-drone;safe-iter-1000;constructed-self-constructing-unsafe;0;0.2;0.00920365059412279;0.00920365059412279;0.8500977515476333;57.837679255639415;26.956465385284602;5.391877397321742;14.257453203201294
dpm;greedy-iter-1000;constructed-self-constructing-unsafe;0;0.2;0.09474312073324087;0.09474749151307468;0.20913254166933198;6.163227648665444;44.631609279523;4.238943233018411;135.42007303237915
slippy-drone;safe-iter-1000;constructed-self-constructing-unsafe;0;0.2;0.00922114958953515;0.00922114958953515;0.8504907963585207;57.886546805510164;26.946537922959678;5.376823782740426;14.086241006851196
slippy-drone;safe-iter-1000;constructed-self-constructing-unsafe;0;0.2;0.009233194127928676;0.009233194127928676;0.8507958170013609;57.92472639334983;26.938445107167684;5.364456230372259;14.473488569259644
slippy-drone;safe-iter-1000;constructed-self-constructing-unsafe;0;0.2;0.00923978859277058;0.00923978859277058;0.8510727482073337;57.95904041793297;26.93145139668873;5.35373851378148;14.410659551620483
slippy-drone;safe-iter-1000;constructed-self-constructing-unsafe;0;0.2;0.009260646767901686;0.009260646767901686;0.851902227734967;58.06226313274128;26.910255309172012;5.3229366452274105;14.674699306488037
slippy-drone;safe-iter-1000;constructed-self-constructing-unsafe;0;0.2;0.009271824504431562;0.009271824504431562;0.8521942675680954;58.098546216739564;26.902851802388597;5.311687196859008;14.662789106369019
test-corridor;uniform_random;constructed-self-constructing-unsafe;0;0.2;0.20000000000000015;0.20000000000000015;0.19789409901091454;-21.845192098930518;41.34001026298537;32.574175903626916;131.3235170841217
slippy-drone;safe-iter-1000;constructed-self-constructing-unsafe;0;0.2;0.009279072023427622;0.009279072023427622;0.8524390901383946;58.128994062265484;26.896456953406805;5.3018657674325045;14.810508251190186
dpm;greedy-iter-1000;constructed-self-constructing-unsafe;0;0.2;0.09479557739998104;0.09479996791798395;0.20912776647516473;6.16592489198351;44.63165353585413;4.236061661396482;131.18325662612915
collect;greedy-iter-500;constructed-self-constructing-unsafe;0;0.2;0.19999999960939258;0.19999999960939258;0.7454398190786121;33.096558238042604;41.138215396412974;10.642880876665254;207.0591685771942
slippy-drone;safe-iter-1000;constructed-self-constructing-unsafe;0;0.2;0.009290574688604485;0.009290574688604485;0.8527850352739272;58.172061645606256;26.88755121357984;5.288407207907899;15.523787021636963
slippy-drone;safe-iter-1000;constructed-self-constructing-unsafe;0;0.2;0.009307405425217508;0.009307405425217508;0.8532021090516766;58.22381529168295;26.87691725533869;5.2717812183145165;15.66220736503601
slippy-drone;safe-iter-1000;constructed-self-constructing-unsafe;0;0.2;0.00931547295853492;0.00931547295853492;0.8535648513077903;58.26857963088739;26.868043771026375;5.2581952322031835;15.918644189834595
slippy-drone;safe-iter-1000;constructed-self-constructing-unsafe;0;0.2;0.009336338906795225;0.009336338906795225;0.8539144617781582;58.31221045955231;26.859187412742777;5.244532671419259;16.11456799507141
test-corridor;uniform_random;constructed-self-constructing-unsafe;0;0.2;0.20000000000000015;0.20000000000000015;0.19790256237226972;-21.844096688397702;41.33969134007697;32.5734826390865;134.58660578727722
slippy-drone;safe-iter-1000;constructed-self-constructing-unsafe;0;0.2;0.009343893761699988;0.009343893761699988;0.8541866777323022;58.34594339803525;26.85241188626837;5.2343155315418874;16.578850746154785
slippy-drone;safe-iter-1000;constructed-self-constructing-unsafe;0;0.2;0.009361793502501856;0.009361793502501856;0.8547021989922293;58.41026357742247;26.83900892290668;5.214017351480882;16.780429124832153
dpm;greedy-iter-1000;constructed-self-constructing-unsafe;0;0.2;0.09485173325396039;0.09485614708130428;0.20912267079325636;6.1689664216370215;44.63170088205072;4.232977894840452;134.193541765213
slippy-drone;safe-iter-1000;constructed-self-constructing-unsafe;0;0.2;0.009375118956419288;0.009375118956419288;0.8550252216823693;58.45036838545694;26.83091757662777;5.201743890173359;16.861476182937622
slippy-drone;safe-iter-1000;constructed-self-constructing-unsafe;0;0.2;0.009389513350712985;0.009389513350712985;0.8554435930742162;58.502209013511475;26.820415007165195;5.185586881426387;17.390149354934692
slippy-drone;safe-iter-1000;constructed-self-constructing-unsafe;0;0.2;0.009404020776462595;0.009404020776462595;0.8559021610704804;58.55948716921254;26.808404517270617;5.167475065980217;17.39081645011902
test-corridor;uniform_random;constructed-self-constructing-unsafe;0;0.2;0.20000000000000015;0.20000000000000015;0.19790750978448463;-21.84350890615885;41.339529376480634;32.572711740207964;137.38367104530334
slippy-drone;safe-iter-1000;constructed-self-constructing-unsafe;0;0.2;0.00941878071433589;0.00941878071433589;0.8562109835702116;58.59813007910577;26.800470178178255;5.155477553815945;17.894651651382446
slippy-drone;safe-iter-1000;constructed-self-constructing-unsafe;0;0.2;0.00942451285664032;0.00942451285664032;0.8564591512303547;58.62907434704185;26.793880253915322;5.1455918422921565;18.4854097366333
dpm;greedy-iter-1000;constructed-self-constructing-unsafe;0;0.2;0.09490714286038886;0.09491157698898448;0.20911755009202107;6.171821014038715;44.63174908027276;4.229929105416284;135.94640469551086
slippy-drone;safe-iter-1000;constructed-self-constructing-unsafe;0;0.2;0.009440065596494374;0.009440065596494374;0.85691896493978;58.68616406916391;26.782209304250426;5.127723510063422;18.73142147064209
collect;greedy-iter-500;constructed-self-constructing-unsafe;0;0.2;0.19999999960939258;0.19999999960939258;0.7455418647004759;33.10746271495563;41.13740995305053;10.63913270474405;199.99731278419495
slippy-drone;safe-iter-1000;constructed-self-constructing-unsafe;0;0.2;0.00945272297636426;0.00945272297636426;0.857217762743699;58.72340318357628;26.774568565744097;5.1157682493060745;18.757178783416748
slippy-drone;safe-iter-1000;constructed-self-constructing-unsafe;0;0.2;0.009461741722273091;0.009461741722273091;0.8574713316745747;58.754980080952215;26.768100315277792;5.105918034776173;19.112244844436646
test-corridor;uniform_random;constructed-self-constructing-unsafe;0;0.2;0.20000000000000015;0.20000000000000015;0.19794489973915316;-21.838651244789236;41.33827538045997;32.56952046691266;136.72041583061218
slippy-drone;safe-iter-1000;constructed-self-constructing-unsafe;0;0.2;0.009477323283776566;0.009477323283776566;0.857938731337501;58.813130390205124;26.756093129151072;5.087682232515621;19.139334201812744
slippy-drone;safe-iter-1000;constructed-self-constructing-unsafe;0;0.2;0.009491540429827056;0.009491540429827056;0.8583667150996144;58.86631491021516;26.74528050981642;5.071359075555147;19.508681297302246
dpm;greedy-iter-1000;constructed-self-constructing-unsafe;0;0.2;0.09495548787004959;0.09495994200497476;0.2091132465001983;6.174287909321375;44.63178827287854;4.2272769013900255;136.12629389762878
slippy-drone;safe-iter-1000;constructed-self-constructing-unsafe;0;0.2;0.009506708362058686;0.009506708362058686;0.8587156063383089;58.90959049806356;26.736505379520366;5.057613883005099;20.14892268180847
slippy-drone;safe-iter-1000;constructed-self-constructing-unsafe;0;0.2;0.009525908045601026;0.009525908045601026;0.859078233342756;58.954681401505255;26.72734773047553;5.0434843859605785;19.96919012069702
slippy-drone;safe-iter-1000;constructed-self-constructing-unsafe;0;0.2;0.009534032068633562;0.009534032068633562;0.8593833579572043;58.99257475346138;26.71960438152821;5.031811082064815;20.329667568206787
test-corridor;uniform_random;constructed-self-constructing-unsafe;0;0.2;0.20000000000000015;0.20000000000000015;0.19797818062123562;-21.83430874864697;41.337057828375656;32.566116736691924;138.70449924468994
slippy-drone;safe-iter-1000;constructed-self-constructing-unsafe;0;0.2;0.0095446580605368;0.0095446580605368;0.8597288393337079;59.035774123009816;26.710595106217284;5.018091521180665;20.6596200466156
slippy-drone;safe-iter-1000;constructed-self-constructing-unsafe;0;0.2;0.009549526868890046;0.009549526868890046;0.8598454765319093;59.0504112422583;26.707532784572514;5.013463776139187;20.959603309631348
dpm;greedy-iter-1000;constructed-self-constructing-unsafe;0;0.2;0.09501542970262727;0.09501990539916301;0.20910777944758763;6.1773344980301985;44.6318388952942;4.22398442077538;137.51046895980835
slippy-drone;safe-iter-1000;constructed-self-constructing-unsafe;0;0.2;0.00955901276562926;0.00955901276562926;0.8601635119274332;59.09010715255063;26.699338315610554;5.001070851945056;21.09812879562378
slippy-drone;safe-iter-1000;constructed-self-constructing-unsafe;0;0.2;0.00956401902413082;0.00956401902413082;0.860278561460468;59.10421591863531;26.696512794605635;4.9965024743540285;21.34732437133789
collect;greedy-iter-500;constructed-self-constructing-unsafe;0;0.2;0.19999999960939258;0.19999999960939258;0.7456364109196973;33.11776348295011;41.13646818197819;10.635695277697772;199.3205442428589
slippy-drone;safe-iter-1000;constructed-self-constructing-unsafe;0;0.2;0.00957926094346388;0.00957926094346388;0.86075594155592;59.16373331260628;26.684118664783185;4.977523845061302;21.606441259384155
test-corridor;uniform_random;constructed-self-constructing-unsafe;0;0.2;0.20000000000000015;0.20000000000000015;0.1980117723847166;-21.82990907753485;41.335897066011704;32.563448384405014;139.13379049301147
slippy-drone;safe-iter-1000;constructed-self-constructing-unsafe;0;0.2;0.009594567111027182;0.009594567111027182;0.8612139299123643;59.22082842719638;26.67217942973214;4.959206671120367;21.981028079986572
dpm;greedy-iter-1000;constructed-self-constructing-unsafe;0;0.2;0.09507281777889132;0.09507731425361272;0.2091024893199368;6.180320857481011;44.63188921275817;4.220829538148963;136.2731466293335
slippy-drone;safe-iter-1000;constructed-self-constructing-unsafe;0;0.2;0.009608229617282697;0.009608229617282697;0.8615657475450565;59.26467038469542;26.66321354205481;4.945589253181602;22.214454174041748
slippy-drone;safe-iter-1000;constructed-self-constructing-unsafe;0;0.2;0.009631523877094334;0.009631523877094334;0.8620262010392378;59.322155817089666;26.651308968050753;4.927202579515578;22.717370986938477
slippy-drone;safe-iter-1000;constructed-self-constructing-unsafe;0;0.2;0.009643872265660878;0.009643872265660878;0.8622776780854041;59.35318524437838;26.645261635353634;4.917638422152374;23.33899426460266
test-corridor;uniform_random;constructed-self-constructing-unsafe;0;0.2;0.20000000000000015;0.20000000000000015;0.19804109076608328;-21.825904992397675;41.33475155438647;32.56165201981048;142.68914890289307
slippy-drone;safe-iter-1000;constructed-self-constructing-unsafe;0;0.2;0.009651435789678978;0.009651435789678978;0.8624709051064763;59.37712690602852;26.640489957174044;4.910320865190217;23.54816198348999
slippy-drone;safe-iter-1000;constructed-self-constructing-unsafe;0;0.2;0.00966856848194334;0.00966856848194334;0.8628947332428937;59.43000859115042;26.62963022276152;4.893781162096029;22.855600118637085
dpm;greedy-iter-1000;constructed-self-constructing-unsafe;0;0.2;0.09512061906851166;0.09512513634516398;0.20909811914769977;6.182730143974595;44.63192999402355;4.218202014827081;141.74896335601807
slippy-drone;safe-iter-1000;constructed-self-constructing-unsafe;0;0.2;0.009673270526753569;0.009673270526753569;0.8631560370891767;59.462618594776075;26.622790662585235;4.883754667316662;24.804662942886353
slippy-drone;safe-iter-1000;constructed-self-constructing-unsafe;0;0.2;0.009685699624732282;0.009685699624732282;0.863477576397168;59.50275937383431;26.61435587286488;4.870774083220511;23.27039933204651
test-corridor;uniform_random;constructed-self-constructing-unsafe;0;0.2;0.20000000000000015;0.20000000000000015;0.19807878749599553;-21.820792375405922;41.333308581960594;32.55927767026445;140.50973176956177
slippy-drone;safe-iter-1000;constructed-self-constructing-unsafe;0;0.2;0.00969728323216367;0.00969728323216367;0.8637619692830677;59.538313891041796;26.607041627519592;4.859871120024026;24.091044902801514
collect;greedy-iter-500;constructed-self-constructing-unsafe;0;0.2;0.19999999982096775;0.19999999982096775;0.7456364110943163;33.11776350153592;41.136468180642886;10.63569527442547;205.8470938205719
slippy-drone;safe-iter-1000;constructed-self-constructing-unsafe;0;0.2;0.009712056110351582;0.009712056110351582;0.8641395912411368;59.585314640628724;26.597448426571905;4.845023247000806;24.075754165649414
dpm;greedy-iter-1000;constructed-self-constructing-unsafe;0;0.2;0.09517167921998007;0.09517622013193514;0.20909372814700702;6.185289437516421;44.63196730582767;4.2154089918860835;144.2011935710907
slippy-drone;safe-iter-1000;constructed-self-constructing-unsafe;0;0.2;0.009717099736470228;0.009717099736470228;0.8643008650790824;59.60538623510398;26.593408523938145;4.838926844275856;24.831437826156616
slippy-drone;safe-iter-1000;constructed-self-constructing-unsafe;0;0.2;0.00973137596961523;0.00973137596961523;0.8646384881226664;59.6473279571577;26.584853272339547;4.825638844976517;24.66897702217102
slippy-drone;safe-iter-1000;constructed-self-constructing-unsafe;0;0.2;0.009740225497121904;0.009740225497121904;0.8648148124848842;59.669347348652266;26.580249951882593;4.81870800971135;24.955665826797485
test-corridor;uniform_random;constructed-self-constructing-unsafe;0;0.2;0.20000000000000015;0.20000000000000015;0.19812163483798073;-21.815123582608322;41.3317076951498;32.55596198684519;142.69652485847473
slippy-drone;safe-iter-1000;constructed-self-constructing-unsafe;0;0.2;0.009746831916658948;0.009746831916658948;0.865003210601007;59.69274114190438;26.575520286343053;4.811579785005077;25.91908288002014
dpm;greedy-iter-1000;constructed-self-constructing-unsafe;0;0.2;0.09521791943958025;0.09522248091297739;0.20908976829953563;6.187729292764411;44.63200087672321;4.21288151460256;143.15018892288208
slippy-drone;safe-iter-1000;constructed-self-constructing-unsafe;0;0.2;0.009759127926221377;0.009759127926221377;0.86528384515247;59.72770054422977;26.56842613741385;4.800798735922253;25.431491136550903
slippy-drone;safe-iter-1000;constructed-self-constructing-unsafe;0;0.2;0.009767487095306364;0.009767487095306364;0.8654765385330938;59.75193224545927;26.563330711240553;4.7931794071035885;25.978697538375854
slippy-drone;safe-iter-1000;constructed-self-constructing-unsafe;0;0.2;0.009774913524501933;0.009774913524501933;0.8657225746695797;59.782455779208036;26.557151657846692;4.78384453832063;26.217527866363525
test-corridor;uniform_random;constructed-self-constructing-unsafe;0;0.2;0.20000000000000015;0.20000000000000015;0.1981299123515738;-21.814168929034377;41.331472492145316;32.55480729615312;143.57220101356506
slippy-drone;safe-iter-1000;constructed-self-constructing-unsafe;0;0.2;0.00978965941192956;0.00978965941192956;0.8660390849639619;59.82165569331545;26.549421501087267;4.7717413888130675;26.217753171920776
slippy-drone;safe-iter-1000;constructed-self-constructing-unsafe;0;0.2;0.009798190559009712;0.009798190559009712;0.8663486641958208;59.860097423869625;26.54155051938467;4.75963957313595;26.82314658164978
collect;greedy-iter-500;constructed-self-constructing-unsafe;0;0.2;0.19999999982096775;0.19999999982096775;0.7456364110943163;33.11776350153592;41.136468180642986;10.635695274425471;197.69559860229492
dpm;greedy-iter-1000;constructed-self-constructing-unsafe;0;0.2;0.09526441868323413;0.09526900332769905;0.20908574736014066;6.190078508516274;44.63203594889436;4.21033708871832;144.02427291870117
slippy-drone;safe-iter-1000;constructed-self-constructing-unsafe;0;0.2;0.00980702998034393;0.00980702998034393;0.8665558434768432;59.88595030484153;26.5362496759853;4.7515241496534015;27.20537567138672
test-corridor;uniform_random;constructed-self-constructing-unsafe;0;0.2;0.20000000000000015;0.20000000000000015;0.19814042093977183;-21.813118924631343;41.33127479981202;32.55253905244251;145.40923810005188
slippy-drone;safe-iter-1000;constructed-self-constructing-unsafe;0;0.2;0.009814573615008641;0.009814573615008641;0.866760803166399;59.91135335181941;26.531048497541573;4.7433455777363935;30.732650995254517
slippy-drone;safe-iter-1000;constructed-self-constructing-unsafe;0;0.2;0.009822000032940452;0.009822000032940452;0.8670259585873139;59.94464825294382;26.524048695939193;4.732877449634802;27.167561769485474
slippy-drone;safe-iter-1000;constructed-self-constructing-unsafe;0;0.2;0.009844788035142344;0.009844788035142344;0.867430842103748;59.99538175919865;26.513575827353215;4.716857152442723;27.678040027618408
dpm;greedy-iter-1000;constructed-self-constructing-unsafe;0;0.2;0.0953032653269848;0.09530786925336565;0.20908243768145998;6.1920473908098845;44.6320641550025;4.208214206162621;142.44524693489075
slippy-drone;safe-iter-1000;constructed-self-constructing-unsafe;0;0.2;0.009849407522230399;0.009849407522230399;0.8675717951799906;60.01294195997234;26.509974021773434;4.7114313391048475;28.01126503944397
test-corridor;uniform_random;constructed-self-constructing-unsafe;0;0.2;0.20000000000000015;0.20000000000000015;0.1981573083422064;-21.811004486257634;41.33066952059046;32.55099206730874;146.72861218452454
slippy-drone;safe-iter-1000;constructed-self-constructing-unsafe;0;0.2;0.009855086471814729;0.009855086471814729;0.8676970054396501;60.02843215379663;26.50695069301541;4.7066287953119135;28.13708209991455
slippy-drone;safe-iter-1000;constructed-self-constructing-unsafe;0;0.2;0.009874181468529555;0.009874181468529555;0.8680861606410532;60.07666966110215;26.49719534626178;4.691424203900005;28.62709617614746
dpm;greedy-iter-1000;constructed-self-constructing-unsafe;0;0.2;0.09536969827834046;0.09537432502669074;0.2090765653563093;6.195452001834756;44.63211547919935;4.204575260863536;143.10043692588806
slippy-drone;safe-iter-1000;constructed-self-constructing-unsafe;0;0.2;0.00988003312376347;0.00988003312376347;0.8682955660905235;60.10251602262392;26.491937780393666;4.683272828257222;28.785220861434937
collect;greedy-iter-500;constructed-self-constructing-unsafe;0;0.2;0.19999999996395487;0.19999999996395487;0.7456364110943163;33.117763501392936;41.136468180643014;10.635695272965426;206.7616412639618
slippy-drone;safe-iter-1000;constructed-self-constructing-unsafe;0;0.2;0.009890597252043328;0.009890597252043328;0.8685671491818266;60.136324182133556;26.48506307557223;4.672827448335378;29.506922960281372
test-corridor;uniform_random;constructed-self-constructing-unsafe;0;0.2;0.20000000000000015;0.20000000000000015;0.19820585605694938;-21.804399667479764;41.32880067343342;32.547605956876644;151.9241602420807
slippy-drone;safe-iter-1000;constructed-self-constructing-unsafe;0;0.2;0.009913824130759738;0.009913824130759738;0.8688212053747453;60.16775791623964;26.478852114911998;4.6627487151680596;30.499603509902954
slippy-drone;safe-iter-1000;constructed-self-constructing-unsafe;0;0.2;0.009919579410666051;0.009919579410666051;0.8690921267828664;60.20140521348532;26.47194311521354;4.652454554063629;29.973713874816895
dpm;greedy-iter-1000;constructed-self-constructing-unsafe;0;0.2;0.09541407954908435;0.09541872932298251;0.2090726434661448;6.197709409917588;44.63215067966362;4.202143014285974;153.96776938438416
slippy-drone;safe-iter-1000;constructed-self-constructing-unsafe;0;0.2;0.009927556252980661;0.009927556252980661;0.8693534883531285;60.233751922753505;26.465415780157084;4.6422914963284985;30.824714183807373
slippy-drone;safe-iter-1000;constructed-self-constructing-unsafe;0;0.2;0.00993695530272328;0.00993695530272328;0.8695622862626287;60.259744029060904;26.460098965982198;4.634254285414631;30.38192081451416
test-corridor;uniform_random;constructed-self-constructing-unsafe;0;0.2;0.20000000000000015;0.20000000000000015;0.198186447576676;-21.807262251046247;41.32963913448017;32.54774044566921;151.23790860176086
slippy-drone;safe-iter-1000;constructed-self-constructing-unsafe;0;0.2;0.009940593542198126;0.009940593542198126;0.8697155016246068;60.278764570121965;26.456198184446777;4.6283486898954855;30.804447650909424
slippy-drone;safe-iter-1000;constructed-self-constructing-unsafe;0;0.2;0.009946354544766407;0.009946354544766407;0.8698960427893441;60.30109119495027;26.451750227642272;4.621677453995336;30.84565281867981
dpm;greedy-iter-1000;constructed-self-constructing-unsafe;0;0.2;0.09546738934156318;0.09547206243982193;0.20906789663131853;6.200461958676476;44.632193391208006;4.199218047598177;145.4884238243103
slippy-drone;safe-iter-1000;constructed-self-constructing-unsafe;0;0.2;0.009950938165962323;0.009950938165962323;0.8700671113063675;60.322415720216426;26.44737817759432;4.615005137840281;31.421210289001465
collect;greedy-iter-500;constructed-self-constructing-unsafe;0;0.2;0.19999999996395487;0.19999999996395487;0.7456364110943163;33.117763501392936;41.13646818064298;10.635695272965428;199.595294713974
slippy-drone;safe-iter-1000;constructed-self-constructing-unsafe;0;0.2;0.009956913603600608;0.009956913603600608;0.8702326191008976;60.34288634889184;26.443216190277266;4.608611912192657;31.98554515838623
test-corridor;uniform_random;constructed-self-constructing-unsafe;0;0.2;0.20000000000000015;0.20000000000000015;0.19824811503844456;-21.79871908595314;41.327139586957855;32.544262711569935;148.5561454296112
slippy-drone;safe-iter-1000;constructed-self-constructing-unsafe;0;0.2;0.009962369951548528;0.009962369951548528;0.8704968299278225;60.37587738007534;26.43643510425345;4.598528381450505;31.858227968215942
slippy-drone;safe-iter-1000;constructed-self-constructing-unsafe;0;0.2;0.0099711854488028;0.0099711854488028;0.8707149674493956;60.40309631088555;26.43086978565589;4.5901824959674045;32.29675579071045
dpm;greedy-iter-1000;constructed-self-constructing-unsafe;0;0.2;0.09551423968257153;0.09551893254371263;0.2090635994303793;6.20304730622521;44.632233869584255;4.19664058467135;145.49176383018494
slippy-drone;safe-iter-1000;constructed-self-constructing-unsafe;0;0.2;0.00998613837859041;0.00998613837859041;0.871111648456594;60.45263539861812;26.42065449097481;4.57481433903417;33.29412508010864
slippy-drone;safe-iter-1000;constructed-self-constructing-unsafe;0;0.2;0.009994700759335066;0.009994700759335066;0.8713784560297126;60.48582346364497;26.41392370725631;4.56458910066537;32.71294569969177
test-corridor;uniform_random;constructed-self-constructing-unsafe;0;0.2;0.20000000000000015;0.20000000000000015;0.19828485843093407;-21.793625691779457;41.32562562060083;32.54194934342527;152.24210047721863
slippy-drone;safe-iter-1000;constructed-self-constructing-unsafe;0;0.2;0.009995813150426226;0.009995813150426226;0.871457612104803;60.49557357872008;26.411961705827213;4.561658929117063;33.07822918891907
slippy-drone;safe-iter-1000;constructed-self-constructing-unsafe;0;0.2;0.01000524402811216;0.01000524402811216;0.8717019028296736;60.52614905945891;26.405610175515566;4.552085191934919;33.56959080696106
dpm;greedy-iter-1000;constructed-self-constructing-unsafe;0;0.2;0.0955581055250686;0.09556281832913549;0.20905985755517065;6.205340258413035;44.632265439644236;4.19424293508047;148.83635902404785
slippy-drone;safe-iter-1000;constructed-self-constructing-unsafe;0;0.2;0.010009562091040036;0.010009562091040036;0.8718543838356956;60.54517144270402;26.401668785797053;4.546260493520534;33.78305506706238
collect;greedy-iter-500;constructed-self-constructing-unsafe;0;0.2;0.19999999996403178;0.19999999996403178;0.7456364110998164;33.117763501942086;41.136468180634644;10.635695272811565;200.63693761825562
test-corridor;uniform_random;constructed-self-constructing-unsafe;0;0.2;0.20000000000000015;0.20000000000000015;0.1982928773184033;-21.792615755787303;41.325375507161965;32.54128723744376;151.94149732589722
slippy-drone;safe-iter-1000;constructed-self-constructing-unsafe;0;0.2;0.010019449367335115;0.010019449367335115;0.8720833285785905;60.5737756712485;26.3957952351317;4.537317535295276;35.397905588150024
slippy-drone;safe-iter-1000;constructed-self-constructing-unsafe;0;0.2;0.01002905238831973;0.01002905238831973;0.8723152319965904;60.602685227722866;26.38986016282212;4.528450152404831;34.33226990699768
dpm;greedy-iter-1000;constructed-self-constructing-unsafe;0;0.2;0.09559672826352393;0.0956014650104677;0.2090567565295861;6.207328039524177;44.632289879933516;4.192140218230999;154.78568363189697
slippy-drone;safe-iter-1000;constructed-self-constructing-unsafe;0;0.2;0.010032206482515061;0.010032206482515061;0.8725128020874762;60.6273006346232;26.384777955648293;4.5209933719381095;35.14249563217163
slippy-drone;safe-iter-1000;constructed-self-constructing-unsafe;0;0.2;0.010053285206347382;0.010053285206347382;0.8729188795890719;60.677797388092316;26.374578377278084;4.505133306825545;35.163187980651855
test-corridor;uniform_random;constructed-self-constructing-unsafe;0;0.2;0.20000000000000015;0.20000000000000015;0.19831274744194452;-21.790061630473403;41.32468354365113;32.539416907024375;155.59102988243103
slippy-drone;safe-iter-1000;constructed-self-constructing-unsafe;0;0.2;0.010058727132888254;0.010058727132888254;0.8731793951614739;60.710086411283484;26.367975293038143;4.495184459712535;35.18773365020752
slippy-drone;safe-iter-1000;constructed-self-constructing-unsafe;0;0.2;0.01006715537796269;0.01006715537796269;0.8733948669239278;60.73698442856682;26.36250830377949;4.486839265508865;35.956085443496704
dpm;greedy-iter-1000;constructed-self-constructing-unsafe;0;0.2;0.09563394176255481;0.09563870300795416;0.2090537042512901;6.209219731757298;44.63231464070622;4.190111397992958;150.36117577552795
slippy-drone;safe-iter-1000;constructed-self-constructing-unsafe;0;0.2;0.010078201034707922;0.010078201034707922;0.8738450303626067;60.79301227814169;26.350874730442982;4.469175011287038;36.305503368377686
test-corridor;uniform_random;constructed-self-constructing-unsafe;0;0.2;0.20000000000000015;0.20000000000000015;0.19833387593615717;-21.787345582053987;41.32397203787187;32.53766000814902;158.03252744674683
collect;greedy-iter-500;constructed-self-constructing-unsafe;0;0.2;0.19999999996403178;0.19999999996403178;0.7456410326342984;33.11825155674658;41.136431594462984;10.635560592068126;202.98479914665222
slippy-drone;safe-iter-1000;constructed-self-constructing-unsafe;0;0.2;0.010079255186357772;0.010079255186357772;0.8738960371621193;60.7994356152627;26.349488333811944;4.467187815026524;36.94962239265442
slippy-drone;safe-iter-1000;constructed-self-constructing-unsafe;0;0.2;0.010090467624437176;0.010090467624437176;0.8741679490044247;60.833539460936535;26.342289917883278;4.456383085328976;37.134252071380615
dpm;greedy-iter-1000;constructed-self-constructing-unsafe;0;0.2;0.09568066233997236;0.09568544637089679;0.20904952178477204;6.211738586200247;44.632353114498976;4.187546448985252;156.84222269058228
slippy-drone;safe-iter-1000;constructed-self-constructing-unsafe;0;0.2;0.010094485329691658;0.010094485329691658;0.8742961749763918;60.84933147901533;26.339205766818054;4.451587138457185;39.61070728302002
test-corridor;uniform_random;constructed-self-constructing-unsafe;0;0.2;0.20000000000000015;0.20000000000000015;0.1983455234455728;-21.785786594921966;41.32352507006712;32.536787435191016;158.76180291175842
slippy-drone;safe-iter-1000;constructed-self-constructing-unsafe;0;0.2;0.01010163630834532;0.01010163630834532;0.8746125039789951;60.888831589236055;26.33100820308622;4.439175702717417;37.77876877784729
slippy-drone;safe-iter-1000;constructed-self-constructing-unsafe;0;0.2;0.010103476542610993;0.010103476542610993;0.8747408823722969;60.904874590554385;26.327614662287193;4.434238939060744;38.08050847053528
slippy-drone;safe-iter-1000;constructed-self-constructing-unsafe;0;0.2;0.010109908555494002;0.010109908555494002;0.8748258158966362;60.915415809164415;26.32555039557368;4.4308207735297565;39.446630001068115
dpm;greedy-iter-1000;constructed-self-constructing-unsafe;0;0.2;0.0957217770832556;0.09572658346658866;0.20904588114762548;6.2138656189153;44.63238573573958;4.185292154430378;154.0384681224823
slippy-drone;safe-iter-1000;constructed-self-constructing-unsafe;0;0.2;0.010115867910357668;0.010115867910357668;0.8750372416630103;60.941643769643505;26.320212641172063;4.4226650075841984;38.60559630393982
test-corridor;uniform_random;constructed-self-constructing-unsafe;0;0.2;0.20000000000000015;0.20000000000000015;0.19841838900955247;-21.775663686269162;41.32058351219766;32.53270743822942;167.036785364151
collect;greedy-iter-500;constructed-self-constructing-unsafe;0;0.2;0.19999999996403178;0.19999999996403178;0.7456410326342984;33.11825155674658;41.13643159446301;10.635560592068128;208.25143456459045
slippy-drone;safe-iter-1000;constructed-self-constructing-unsafe;0;0.2;0.010125166899491148;0.010125166899491148;0.8752388980262871;60.966812353540405;26.315034590553044;4.414830102613514;39.57673907279968
slippy-drone;safe-iter-1000;constructed-self-constructing-unsafe;0;0.2;0.010132062081623778;0.010132062081623778;0.8754155651617673;60.988658960723626;26.310692064449736;4.408039823704548;39.26351237297058
dpm;greedy-iter-1000;constructed-self-constructing-unsafe;0;0.2;0.09576946589625722;0.09577429540498619;0.2090417972249778;6.216288862682527;44.63242065712798;4.182683752274073;153.38029074668884
slippy-drone;safe-iter-1000;constructed-self-constructing-unsafe;0;0.2;0.010138748744730898;0.010138748744730898;0.8756575774365407;61.018666384674546;26.30460909419891;4.398852671305676;41.1394157409668
test-corridor;uniform_random;constructed-self-constructing-unsafe;0;0.2;0.20000000000000015;0.20000000000000015;0.1984548786107588;-21.770713057710523;41.319189980900944;32.53049956361432;161.0671398639679
slippy-drone;safe-iter-1000;constructed-self-constructing-unsafe;0;0.2;0.010143798026609491;0.010143798026609491;0.8758825257477322;61.046591810642006;26.298760972072728;4.389873624211791;40.2509081363678
slippy-drone;safe-iter-1000;constructed-self-constructing-unsafe;0;0.2;0.010156918818074958;0.010156918818074958;0.8760907728235569;61.07260554457364;26.293482416575987;4.381407536092314;40.50784206390381
dpm;greedy-iter-1000;constructed-self-constructing-unsafe;0;0.2;0.09581876100865139;0.09582361338963546;0.20903742187416366;6.218777944254051;44.632459660210436;4.17998240539726;154.96845769882202
slippy-drone;safe-iter-1000;constructed-self-constructing-unsafe;0;0.2;0.010159065990804022;0.010159065990804022;0.876239009743292;61.09111758324288;26.2895291697944;4.37547430362971;40.67482233047485
test-corridor;uniform_random;constructed-self-constructing-unsafe;0;0.2;0.20000000000000015;0.20000000000000015;0.19848160082127386;-21.7671283901361;41.318201421345236;32.52878484038819;161.51895809173584
slippy-drone;safe-iter-1000;constructed-self-constructing-unsafe;0;0.2;0.010165530449375073;0.010165530449375073;0.8764609050856664;61.11863575310693;26.28385523488318;4.366884145941889;43.418248653411865
collect;greedy-iter-500;constructed-self-constructing-unsafe;0;0.2;0.19999999996403178;0.19999999996403178;0.7456410326342984;33.11825155674658;41.13643159446299;10.635560592068128;199.38562440872192
slippy-drone;safe-iter-1000;constructed-self-constructing-unsafe;0;0.2;0.010172599954544864;0.010172599954544864;0.8766443412224908;61.14129301575049;26.279281000115372;4.359787442514534;41.0566508769989
dpm;greedy-iter-1000;constructed-self-constructing-unsafe;0;0.2;0.09586088283380695;0.09586575564989983;0.20903380403624772;6.2209462249847;44.63249080520299;4.177679034366725;157.58592557907104
slippy-drone;safe-iter-1000;constructed-self-constructing-unsafe;0;0.2;0.01017908537695923;0.01017908537695923;0.8768192701041195;61.16313872457144;26.274771883013596;4.353014686686706;41.825156688690186
slippy-drone;safe-iter-1000;constructed-self-constructing-unsafe;0;0.2;0.010186265072280423;0.010186265072280423;0.8769822975250643;61.183578652025005;26.270508463343788;4.34657249789034;42.763585329055786
test-corridor;uniform_random;constructed-self-constructing-unsafe;0;0.2;0.20000000000000015;0.20000000000000015;0.1984900375493621;-21.76621495468169;41.31799198549728;32.52721316558652;164.97891640663147
slippy-drone;safe-iter-1000;constructed-self-constructing-unsafe;0;0.2;0.010195084670440755;0.010195084670440755;0.8772295107930318;61.21432572341359;26.26399434993672;4.336502253006518;42.35352420806885
dpm;greedy-iter-1000;constructed-self-constructing-unsafe;0;0.2;0.09591103973196753;0.09591593433006032;0.20902943079572223;6.223556002078836;44.63252907419147;4.174932408855089;159.24184036254883
slippy-drone;safe-iter-1000;constructed-self-constructing-unsafe;0;0.2;0.01020271347822961;0.01020271347822961;0.8774164884395964;61.237694255835095;26.2590427709069;4.32897854274371;42.64581799507141
slippy-drone;safe-iter-1000;constructed-self-constructing-unsafe;0;0.2;0.01021154016175207;0.01021154016175207;0.8776031863638982;61.26094543548563;26.25434192211156;4.321750153900413;43.03175497055054
test-corridor;uniform_random;constructed-self-constructing-unsafe;0;0.2;0.20000000000000015;0.20000000000000015;0.19848499048106838;-21.767112627216;41.31829200597825;32.52665794761262;162.62844252586365
collect;greedy-iter-500;constructed-self-constructing-unsafe;0;0.2;0.1999999999965152;0.1999999999965152;0.7456456875466317;33.11873732336932;41.136404946894416;10.635434453819867;213.4084756374359
slippy-drone;safe-iter-1000;constructed-self-constructing-unsafe;0;0.2;0.010213451623276398;0.010213451623276398;0.8777065152205314;61.27372000493105;26.251804886490227;4.3179036435118325;43.815314531326294
slippy-drone;safe-iter-1000;constructed-self-constructing-unsafe;0;0.2;0.010216564662091612;0.010216564662091612;0.8777918871035587;61.284328196481326;26.24965128553575;4.314639134420814;43.69540524482727
dpm;greedy-iter-1000;constructed-self-constructing-unsafe;0;0.2;0.0959645265525252;0.09596944424418338;0.20902477958083915;6.226273164994714;44.63256924164202;4.17200517073966;159.33740305900574
slippy-drone;safe-iter-1000;constructed-self-constructing-unsafe;0;0.2;0.010222054663617782;0.010222054663617782;0.8779422589411371;61.30279929566804;26.246009143465784;4.308967252084803;45.33786106109619
test-corridor;uniform_random;constructed-self-constructing-unsafe;0;0.2;0.20000000000000015;0.20000000000000015;0.19849670875549125;-21.7655761821845;41.31785492062189;32.52578129168935;164.40213251113892
slippy-drone;safe-iter-1000;constructed-self-constructing-unsafe;0;0.2;0.010223121885876662;0.010223121885876662;0.8780039897760339;61.310377750047216;26.244500084406653;4.3065827546396385;45.121166467666626
slippy-drone;safe-iter-1000;constructed-self-constructing-unsafe;0;0.2;0.0102274327192035;0.0102274327192035;0.8781437310120148;61.327635455055486;26.241068565427927;4.30135129851773;44.675354957580566
dpm;greedy-iter-1000;constructed-self-constructing-unsafe;0;0.2;0.09601497742022956;0.09601991412391964;0.20902021277204053;6.2288855675842765;44.63261081207835;4.1692350923524595;160.74493265151978
slippy-drone;safe-iter-1000;constructed-self-constructing-unsafe;0;0.2;0.01023282761892011;0.01023282761892011;0.8783309673188106;61.35070470255508;26.23648342689744;4.294189369205287;45.30687952041626
test-corridor;uniform_random;constructed-self-constructing-unsafe;0;0.2;0.20000000000000015;0.20000000000000015;0.1985395516633568;-21.75983873831678;41.316262939729704;32.522962648254506;167.3584339618683
collect;greedy-iter-500;constructed-self-constructing-unsafe;0;0.2;0.1999999999976196;0.1999999999976196;0.7456456875475356;33.11873732345649;41.136404946893336;10.635434453803434;198.4585964679718
slippy-drone;safe-iter-1000;constructed-self-constructing-unsafe;0;0.2;0.010242799795322102;0.010242799795322102;0.8785582045823896;61.378977175538424;26.23077143327484;4.285452708486964;45.24403667449951
slippy-drone;safe-iter-1000;constructed-self-constructing-unsafe;0;0.2;0.010249996534457805;0.010249996534457805;0.8787259764993472;61.3998095927699;26.226670722144448;4.279173032930989;45.55965256690979
dpm;greedy-iter-1000;constructed-self-constructing-unsafe;0;0.2;0.09606150845274322;0.09606646769857899;0.20901606613237067;6.231374670271146;44.63264845259581;4.166683598504009;159.68529295921326
slippy-drone;safe-iter-1000;constructed-self-constructing-unsafe;0;0.2;0.010256865765218101;0.010256865765218101;0.8789591409389917;61.428667526124585;26.220926072092524;4.270406896437648;47.991771936416626
test-corridor;uniform_random;constructed-self-constructing-unsafe;0;0.2;0.20000000000000015;0.20000000000000015;0.19855294441927845;-21.758025340693393;41.31569801655858;32.52175310022701;172.54392504692078
slippy-drone;safe-iter-1000;constructed-self-constructing-unsafe;0;0.2;0.010264195672406672;0.010264195672406672;0.8792048583824582;61.459132613603444;26.214804588754557;4.2611466015121096;46.48830056190491
slippy-drone;safe-iter-1000;constructed-self-constructing-unsafe;0;0.2;0.010272159217727474;0.010272159217727474;0.8793247710508236;61.47387189214553;26.21201356578582;4.256522667751459;46.57331562042236
dpm;greedy-iter-1000;constructed-self-constructing-unsafe;0;0.2;0.09609798708148135;0.0961029674368222;0.20901283655662883;6.233360903188283;44.63267801305246;4.164668330854874;163.4203441143036
slippy-drone;safe-iter-1000;constructed-self-constructing-unsafe;0;0.2;0.010281812299064205;0.010281812299064205;0.8795670583526202;61.50403705405927;26.205683725818716;4.246836698930666;47.312129497528076
collect;greedy-iter-500;constructed-self-constructing-unsafe;0;0.2;0.1999999999976196;0.1999999999976196;0.7456456875475356;33.11873732345649;41.13640494689332;10.635434453803448;201.30740976333618
test-corridor;uniform_random;constructed-self-constructing-unsafe;0;0.2;0.20000000000000015;0.20000000000000015;0.19863723334658767;-21.7463275451026;41.312295756526574;32.516823351308034;168.3820424079895
slippy-drone;safe-iter-1000;constructed-self-constructing-unsafe;0;0.2;0.010286942734690267;0.010286942734690267;0.8797504848150985;61.52688783907005;26.201031600123848;4.2399678394933895;48.814645528793335
slippy-drone;safe-iter-1000;constructed-self-constructing-unsafe;0;0.2;0.010292662655182255;0.010292662655182255;0.879853774435508;61.5396838088001;26.198535311079066;4.235955314997781;47.6459641456604
dpm;greedy-iter-1000;constructed-self-constructing-unsafe;0;0.2;0.0961614535387646;0.09616645380368344;0.20900696692951076;6.23682748855652;44.63273341824539;4.1611781236577805;165.84045791625977
slippy-drone;safe-iter-1000;constructed-self-constructing-unsafe;0;0.2;0.01029924681573384;0.01029924681573384;0.8800098188517775;61.55907173652291;26.19468736177107;4.229966377787577;48.17043709754944
test-corridor;uniform_random;constructed-self-constructing-unsafe;0;0.2;0.20000000000000015;0.20000000000000015;0.1986311975053606;-21.747262871565137;41.31256781359058;32.51666413567562;171.24447989463806
slippy-drone;safe-iter-1000;constructed-self-constructing-unsafe;0;0.2;0.010305814684442909;0.010305814684442909;0.880143567744316;61.575724985138535;26.19134169223791;4.224816951180555;48.606786489486694
slippy-drone;safe-iter-1000;constructed-self-constructing-unsafe;0;0.2;0.010309783623023578;0.010309783623023578;0.8803958597164788;61.60707103063482;26.18485348267839;4.215158515143744;49.42615628242493
dpm;greedy-iter-1000;constructed-self-constructing-unsafe;0;0.2;0.09620277233941812;0.0962077951321075;0.20900341921919413;6.23900526286169;44.63276440300208;4.158918542008278;164.90539693832397
collect;greedy-iter-500;constructed-self-constructing-unsafe;0;0.2;0.1999999999976196;0.1999999999976196;0.7456456875475356;33.11873732345649;41.13640494689345;10.635434453803459;199.23598289489746
slippy-drone;safe-iter-1000;constructed-self-constructing-unsafe;0;0.2;0.01031592141641753;0.01031592141641753;0.8805013675145115;61.62015891320566;26.18227494695768;4.211071898733831;49.35828351974487
test-corridor;uniform_random;constructed-self-constructing-unsafe;0;0.2;0.20000000000000015;0.20000000000000015;0.19863105008581927;-21.747349336045573;41.31257580559006;32.516445569115405;171.9885184764862
slippy-drone;safe-iter-1000;constructed-self-constructing-unsafe;0;0.2;0.010320556054227721;0.010320556054227721;0.8806032415319741;61.63288593398275;26.179643343971815;4.206920434554616;49.54773783683777
slippy-drone;safe-iter-1000;constructed-self-constructing-unsafe;0;0.2;0.010326630901384278;0.010326630901384278;0.8807502929652145;61.65110331840076;26.176044306741638;4.201355472598272;50.105968952178955
dpm;greedy-iter-1000;constructed-self-constructing-unsafe;0;0.2;0.09624769585189945;0.09625273962478859;0.20899929841527873;6.241416363132131;44.632804099984604;4.156449586827588;165.98161101341248
slippy-drone;safe-iter-1000;constructed-self-constructing-unsafe;0;0.2;0.010334581472978562;0.010334581472978562;0.8809749142254198;61.678828034074705;26.17055672031506;4.1928466222421745;50.078970432281494
test-corridor;uniform_random;constructed-self-constructing-unsafe;0;0.2;0.20000000000000015;0.20000000000000015;0.19867859884600092;-21.74119710467783;41.31098701681874;32.512603456287074;173.43711519241333
slippy-drone;safe-iter-1000;constructed-self-constructing-unsafe;0;0.2;0.01033759969112378;0.01033759969112378;0.8811700144151605;61.70313767444217;26.165456181147107;4.185253456626095;50.82244110107422
slippy-drone;safe-iter-1000;constructed-self-constructing-unsafe;0;0.2;0.010347771972465412;0.010347771972465412;0.8813902594427515;61.73057668153993;26.159912609649812;4.176642203498899;51.06053566932678
dpm;greedy-iter-1000;constructed-self-constructing-unsafe;0;0.2;0.0962948543632854;0.09629991710661456;0.20899490246119945;6.243991341581202;44.63284679567504;4.153855319482237;168.75329422950745
collect;greedy-iter-500;constructed-self-constructing-unsafe;0;0.2;0.1999999999976196;0.1999999999976196;0.7456498328309009;33.11917216467813;41.13637885400835;10.63531018485891;201.00765681266785
slippy-drone;safe-iter-1000;constructed-self-constructing-unsafe;0;0.2;0.010352192362006338;0.010352192362006338;0.8814883625082177;61.74261749291572;26.157598540116354;4.172934931926418;52.0869562625885
test-corridor;uniform_random;constructed-self-constructing-unsafe;0;0.2;0.20000000000000015;0.20000000000000015;0.1987133376129746;-21.736499171434897;41.30966578994109;32.51054244793895;175.50074100494385
slippy-drone;safe-iter-1000;constructed-self-constructing-unsafe;0;0.2;0.01036471196713682;0.01036471196713682;0.8817274611549094;61.77233078865024;26.151532590917274;4.163461917305866;52.3265061378479
dpm;greedy-iter-1000;constructed-self-constructing-unsafe;0;0.2;0.09634823443494805;0.09635332069970093;0.2089901861662225;6.246753189040415;44.632888634240274;4.150929622977154;169.46544480323792
slippy-drone;safe-iter-1000;constructed-self-constructing-unsafe;0;0.2;0.010372220017210512;0.010372220017210512;0.8819521089865973;61.80019604031034;26.14579905671246;4.154671874729448;53.137407302856445
slippy-drone;safe-iter-1000;constructed-self-constructing-unsafe;0;0.2;0.01037705487780304;0.01037705487780304;0.8820879839872416;61.81700889112971;26.14244666722868;4.149529643120068;52.70456385612488
test-corridor;uniform_random;constructed-self-constructing-unsafe;0;0.2;0.20000000000000015;0.20000000000000015;0.19871855864143298;-21.735977781060917;41.30950370302067;32.50980798646827;176.16022419929504
slippy-drone;safe-iter-1000;constructed-self-constructing-unsafe;0;0.2;0.010388808460172962;0.010388808460172962;0.8823202654851079;61.84587193937705;26.136677654610953;4.140571756436565;52.75176405906677
dpm;greedy-iter-1000;constructed-self-constructing-unsafe;0;0.2;0.09639229959609968;0.09639740793969599;0.20898643595759425;6.249107098048752;44.63292019853903;4.148521944533122;169.5309636592865
collect;greedy-iter-500;constructed-self-constructing-unsafe;0;0.2;0.1999999999976196;0.1999999999976196;0.7456498328309009;33.11917216467813;41.136378854008356;10.635310184858914;208.64343690872192
slippy-drone;safe-iter-1000;constructed-self-constructing-unsafe;0;0.2;0.010396561480790831;0.010396561480790831;0.8824987165876879;61.86807514544723;26.132170020754064;4.133595925739072;53.13027000427246
slippy-drone;safe-iter-1000;constructed-self-constructing-unsafe;0;0.2;0.010398785867752834;0.010398785867752834;0.8825563123137377;61.87523947614034;26.130724814285873;4.131445195051684;53.45556879043579
test-corridor;uniform_random;constructed-self-constructing-unsafe;0;0.2;0.20000000000000015;0.20000000000000015;0.19870314968842806;-21.73820039951339;41.31011132161481;32.509936149493385;176.98935914039612
slippy-drone;safe-iter-1000;constructed-self-constructing-unsafe;0;0.2;0.010406818234029438;0.010406818234029438;0.8827245320342985;61.896162343890246;26.126495826196727;4.1248271255673625;55.476704120635986
dpm;greedy-iter-1000;constructed-self-constructing-unsafe;0;0.2;0.09644018721532294;0.09644531964632738;0.2089823180029484;6.2515397145498826;44.632955566982865;4.1459042887631865;172.35185408592224
slippy-drone;safe-iter-1000;constructed-self-constructing-unsafe;0;0.2;0.010416055550846832;0.010416055550846832;0.8830001602192787;61.930462090524486;26.119490645267128;4.1142500504249275;54.273305892944336
test-corridor;uniform_random;constructed-self-constructing-unsafe;0;0.2;0.20000000000000015;0.20000000000000015;0.19876748805574584;-21.729249443332606;41.30752185719651;32.50646279975056;178.45451068878174
slippy-drone;safe-iter-1000;constructed-self-constructing-unsafe;0;0.2;0.010425166375292276;0.010425166375292276;0.8832326170570101;61.959293804321085;26.113688705720925;4.105283270485469;54.677024841308594
collect;greedy-iter-500;constructed-self-constructing-unsafe;0;0.2;0.1999999999976196;0.1999999999976196;0.7457336981992427;33.12813108873433;41.135689060536;10.632654252435929;200.9448058605194
slippy-drone;safe-iter-1000;constructed-self-constructing-unsafe;0;0.2;0.010431486895806487;0.010431486895806487;0.883365342911735;61.97580441308933;26.110351140116457;4.100042016071901;55.51710748672485
dpm;greedy-iter-1000;constructed-self-constructing-unsafe;0;0.2;0.09648765215594036;0.0964928042417402;0.20897809331128564;6.254131745885998;44.63299362367201;4.143302863923294;172.18811058998108
slippy-drone;safe-iter-1000;constructed-self-constructing-unsafe;0;0.2;0.010442699948854127;0.010442699948854127;0.8836544211665823;62.011765360824626;26.103075834218288;4.089048741516408;55.32524394989014
test-corridor;uniform_random;constructed-self-constructing-unsafe;0;0.2;0.20000000000000015;0.20000000000000015;0.1987788816324649;-21.727738302751526;41.30710756517528;32.505784557912754;180.92486953735352
slippy-drone;safe-iter-1000;constructed-self-constructing-unsafe;0;0.2;0.01045205630295833;0.01045205630295833;0.8838795045143768;62.03981528163837;26.097352468801034;4.0802897182130495;57.575798988342285
dpm;greedy-iter-1000;constructed-self-constructing-unsafe;0;0.2;0.09652634733332867;0.096531518985482;0.20897482868899178;6.2560718449916255;44.63302096093214;4.14119005680217;173.71492266654968
slippy-drone;safe-iter-1000;constructed-self-constructing-unsafe;0;0.2;0.01045450293577395;0.01045450293577395;0.8839822392091564;62.05253569989501;26.094788345446705;4.076468218438725;55.857401847839355
slippy-drone;safe-iter-1000;constructed-self-constructing-unsafe;0;0.2;0.010462012210976097;0.010462012210976097;0.884156999192806;62.0742275176934;26.09040873799811;4.0696046284647736;56.23302483558655
test-corridor;uniform_random;constructed-self-constructing-unsafe;0;0.2;0.20000000000000015;0.20000000000000015;0.19879647844952297;-21.725557797139533;41.30656575378142;32.50379718448322;183.29456758499146
collect;greedy-iter-500;constructed-self-constructing-unsafe;0;0.2;0.1999999999976196;0.1999999999976196;0.7457336981992427;33.12813108873433;41.13568906053614;10.63265425243593;201.62490963935852
slippy-drone;safe-iter-1000;constructed-self-constructing-unsafe;0;0.2;0.010464655753699969;0.010464655753699969;0.8842085311973449;62.08053157120952;26.08921898879006;4.067654845170513;56.908364057540894
dpm;greedy-iter-1000;constructed-self-constructing-unsafe;0;0.2;0.09656661843052067;0.09657181197710582;0.20897147893379087;6.258174373404547;44.6330483543686;4.138990717632545;174.7278962135315
slippy-drone;safe-iter-1000;constructed-self-constructing-unsafe;0;0.2;0.010469504919133257;0.010469504919133257;0.8843319994188947;62.095778288646585;26.08622069468174;4.063063998868847;57.29092359542847
slippy-drone;safe-iter-1000;constructed-self-constructing-unsafe;0;0.2;0.010472163746856588;0.010472163746856588;0.8845360018198055;62.1212168742009;26.081010481081098;4.055305143545294;58.91604518890381
test-corridor;uniform_random;constructed-self-constructing-unsafe;0;0.2;0.20000000000000015;0.20000000000000015;0.19878885297227483;-21.726707642800392;41.30689702208212;32.50366518412452;186.65842390060425
slippy-drone;safe-iter-1000;constructed-self-constructing-unsafe;0;0.2;0.010476543122301982;0.010476543122301982;0.8846486780977053;62.13523708408478;26.078171270940683;4.051012635909282;58.03719353675842
dpm;greedy-iter-1000;constructed-self-constructing-unsafe;0;0.2;0.09659777441514208;0.09660299093698943;0.20896895110282182;6.259763488632401;44.633068747644785;4.137294624775209;175.73711705207825
slippy-drone;safe-iter-1000;constructed-self-constructing-unsafe;0;0.2;0.010483764410398777;0.010483764410398777;0.8848191417785342;62.156480224753444;26.073823549611014;4.044307457190815;58.350173234939575
collect;greedy-iter-500;constructed-self-constructing-unsafe;0;0.2;0.1999999999976196;0.1999999999976196;0.7457336981992427;33.12813108873433;41.135689060536116;10.63265425243593;201.42545557022095
test-corridor;uniform_random;constructed-self-constructing-unsafe;0;0.2;0.20000000000000015;0.20000000000000015;0.19879279833966698;-21.726209328049364;41.30676328583247;32.50336000791744;184.3388922214508
slippy-drone;safe-iter-1000;constructed-self-constructing-unsafe;0;0.2;0.010491751669253133;0.010491751669253133;0.884991600537828;62.177861987632625;26.06957395492407;4.037734423534339;58.591185569763184
dpm;greedy-iter-1000;constructed-self-constructing-unsafe;0;0.2;0.09664941695770393;0.0966546523260933;0.20896429412319012;6.262394080131471;44.63311125228639;4.1344620927866735;176.36262607574463
slippy-drone;safe-iter-1000;constructed-self-constructing-unsafe;0;0.2;0.010498674580756385;0.010498674580756385;0.8851471429658728;62.197333075676916;26.06556600787169;4.0317513653898525;58.66464114189148
slippy-drone;safe-iter-1000;constructed-self-constructing-unsafe;0;0.2;0.010504544210450547;0.010504544210450547;0.8853717732337663;62.22539543347722;26.059711107266764;4.023172956859698;61.54658317565918
test-corridor;uniform_random;constructed-self-constructing-unsafe;0;0.2;0.20000000000000015;0.20000000000000015;0.1988157807591858;-21.723122776112216;41.305882719488835;32.5016914719846;188.44619250297546
slippy-drone;safe-iter-1000;constructed-self-constructing-unsafe;0;0.2;0.010509547922893055;0.010509547922893055;0.8855712363999261;62.2502656495416;26.054608491855735;4.01553278563685;60.35760974884033
dpm;greedy-iter-1000;constructed-self-constructing-unsafe;0;0.2;0.09668263484714149;0.09668789033409504;0.20896143370258685;6.264133028927202;44.6331363733904;4.132644140705839;186.54152750968933
slippy-drone;safe-iter-1000;constructed-self-constructing-unsafe;0;0.2;0.010518725666566113;0.010518725666566113;0.8858940042251674;62.290779658577016;26.04593855820867;4.002696061481707;60.84431028366089
collect;greedy-iter-500;constructed-self-constructing-unsafe;0;0.2;0.1999999999976196;0.1999999999976196;0.7457336981992427;33.12813108873433;41.135689060536166;10.63265425243594;201.34439492225647
slippy-drone;safe-iter-1000;constructed-self-constructing-unsafe;0;0.2;0.010519789910533251;0.010519789910533251;0.8859670072557934;62.29972423951389;26.044171059575064;3.9999712895551776;64.34286069869995
test-corridor;uniform_random;constructed-self-constructing-unsafe;0;0.2;0.20000000000000015;0.20000000000000015;0.1988216940988721;-21.72235534565189;41.30567034108401;32.501349434004986;190.3656394481659
slippy-drone;safe-iter-1000;constructed-self-constructing-unsafe;0;0.2;0.010526883262411744;0.010526883262411744;0.8861653555744086;62.32428022357582;26.039259103673842;3.9924183287132315;63.45399785041809
dpm;greedy-iter-1000;constructed-self-constructing-unsafe;0;0.2;0.096723438775772;0.09672871490384809;0.2089579701499476;6.266175146113026;44.63316569759257;4.130415745117824;179.12785840034485
slippy-drone;safe-iter-1000;constructed-self-constructing-unsafe;0;0.2;0.010536870182840276;0.010536870182840276;0.8864182686926262;62.35572560374728;26.032855559091477;3.982786773313149;61.58612513542175
test-corridor;uniform_random;constructed-self-constructing-unsafe;0;0.2;0.20000000000000015;0.20000000000000015;0.19883305132142992;-21.721028759301035;41.30533943118565;32.49957589652041;192.41873598098755
slippy-drone;safe-iter-1000;constructed-self-constructing-unsafe;0;0.2;0.010538284616052357;0.010538284616052357;0.8865276607594327;62.36920716566435;26.03016198629237;3.9788470623456673;61.85683250427246
dpm;greedy-iter-1000;constructed-self-constructing-unsafe;0;0.2;0.09677404812519595;0.09677934420688011;0.20895345337395665;6.26893228539719;44.63320700101017;4.127638704430766;177.36558389663696
collect;greedy-iter-500;constructed-self-constructing-unsafe;0;0.2;0.1999999999976196;0.1999999999976196;0.7457336981992427;33.12813108873433;41.135689060536194;10.632654252435932;205.96509838104248
slippy-drone;safe-iter-1000;constructed-self-constructing-unsafe;0;0.2;0.010541511907957447;0.010541511907957447;0.886801378577631;62.40336596003018;26.023000254765563;3.9682220544013465;63.43974256515503
slippy-drone;safe-iter-1000;constructed-self-constructing-unsafe;0;0.2;0.010549576285051324;0.010549576285051324;0.886974596725548;62.424874517671014;26.01872620632223;3.961735211372255;62.839081048965454
test-corridor;uniform_random;constructed-self-constructing-unsafe;0;0.2;0.20000000000000015;0.20000000000000015;0.19889039133995445;-21.71311747132716;41.30304352319938;32.49630258009418;191.4361789226532
slippy-drone;safe-iter-1000;constructed-self-constructing-unsafe;0;0.2;0.010555390645107196;0.010555390645107196;0.8870791788605272;62.43791332061168;26.01610488067611;3.957669345162945;65.6299250125885
dpm;greedy-iter-1000;constructed-self-constructing-unsafe;0;0.2;0.09680882523445819;0.09681414180251738;0.208950545936733;6.270671140860304;44.63323101753538;4.125740107581097;183.95484566688538
slippy-drone;safe-iter-1000;constructed-self-constructing-unsafe;0;0.2;0.010557944078469972;0.010557944078469972;0.8871417542501032;62.44571884497181;26.01451349571022;3.955300482629009;63.25607895851135
slippy-drone;safe-iter-1000;constructed-self-constructing-unsafe;0;0.2;0.010565715554034854;0.010565715554034854;0.8873647394209563;62.47331780988492;26.00899096681905;3.9467665313691795;64.0658757686615
test-corridor;uniform_random;constructed-self-constructing-unsafe;0;0.2;0.20000000000000015;0.20000000000000015;0.19887582705887166;-21.7152970879127;41.30363114019089;32.49610887197493;191.67943382263184
collect;greedy-iter-500;constructed-self-constructing-unsafe;0;0.2;0.19999999999850318;0.19999999999850318;0.745827896127166;33.138208504239785;41.13493581282146;10.629406278832281;202.29272723197937
dpm;greedy-iter-1000;constructed-self-constructing-unsafe;0;0.2;0.09685451894567085;0.0968598602609698;0.20894659478399952;6.273008689365252;44.63326601594349;4.123237809555381;182.72007775306702
slippy-drone;safe-iter-1000;constructed-self-constructing-unsafe;0;0.2;0.010573861035278546;0.010573861035278546;0.887558027542332;62.49723654143668;26.004126559239502;3.9392065195578265;64.91377019882202
slippy-drone;safe-iter-1000;constructed-self-constructing-unsafe;0;0.2;0.010579660046333882;0.010579660046333882;0.8877406641095362;62.52000323184569;25.999450895541315;3.932308915743696;66.26216745376587
test-corridor;uniform_random;constructed-self-constructing-unsafe;0;0.2;0.20000000000000015;0.20000000000000015;0.1988817488234259;-21.714553473343294;41.30343827081122;32.49553632843582;196.38586854934692
slippy-drone;safe-iter-1000;constructed-self-constructing-unsafe;0;0.2;0.010586165565315088;0.010586165565315088;0.8879253001887492;62.54287049668088;25.994908216984133;3.925238614662547;64.81090521812439
dpm;greedy-iter-1000;constructed-self-constructing-unsafe;0;0.2;0.09689250754866818;0.0968978701221512;0.2089431127555418;6.275070515292811;44.633300024578055;4.121152771290772;186.03396916389465
slippy-drone;safe-iter-1000;constructed-self-constructing-unsafe;0;0.2;0.010591022022468227;0.010591022022468227;0.8880352609049806;62.556604830898124;25.991999942951825;3.9208011148209208;65.34704828262329
collect;greedy-iter-500;constructed-self-constructing-unsafe;0;0.2;0.19999999999850318;0.19999999999850318;0.745827896127166;33.138208504239785;41.134935812821475;10.629406278832287;206.14499139785767
slippy-drone;safe-iter-1000;constructed-self-constructing-unsafe;0;0.2;0.010591898031885668;0.010591898031885668;0.8880982405841582;62.56440974049277;25.990397587304326;3.9184144255515156;65.7148609161377
test-corridor;uniform_random;constructed-self-constructing-unsafe;0;0.2;0.20000000000000015;0.20000000000000015;0.198875284729545;-21.71556931155706;41.303733883384346;32.495343380837895;193.6572127342224
dpm;greedy-iter-1000;constructed-self-constructing-unsafe;0;0.2;0.09693890208388997;0.09694428754190453;0.20893908378445364;6.277390242053901;44.633334793552585;4.11861456091744;183.69899606704712
slippy-drone;safe-iter-1000;constructed-self-constructing-unsafe;0;0.2;0.010596240392791684;0.010596240392791684;0.8882626826533944;62.584770629973534;25.986322048171576;3.912121622362741;66.49624419212341
slippy-drone;safe-iter-1000;constructed-self-constructing-unsafe;0;0.2;0.010600720258198276;0.010600720258198276;0.8883949334196897;62.60103383610661;25.98315170403073;3.9072192152851297;68.60954737663269
slippy-drone;safe-iter-1000;constructed-self-constructing-unsafe;0;0.2;0.010608623519794885;0.010608623519794885;0.8885708591083368;62.62315947798495;25.97847530072727;3.9000642114353834;66.97280502319336
test-corridor;uniform_random;constructed-self-constructing-unsafe;0;0.2;0.20000000000000015;0.20000000000000015;0.19886862367441238;-21.716584111343877;41.30402560231911;32.49514454779075;195.23947525024414
dpm;greedy-iter-1000;constructed-self-constructing-unsafe;0;0.2;0.0969954464969401;0.09700084993037375;0.20893391522235427;6.280325735094312;44.633382486480365;4.1155069201563705;190.81983304023743
slippy-drone;safe-iter-1000;constructed-self-constructing-unsafe;0;0.2;0.010609762683039098;0.010609762683039098;0.8886883594203293;62.63779165667645;25.97544467468916;3.8955893447282186;71.098876953125
collect;greedy-iter-500;constructed-self-constructing-unsafe;0;0.2;0.19999999999850318;0.19999999999850318;0.7459421111140516;33.1504273704682;41.13402249996924;10.625468110846304;207.0761477947235
slippy-drone;safe-iter-1000;constructed-self-constructing-unsafe;0;0.2;0.010616079771295178;0.010616079771295178;0.8888354074253235;62.656038862773286;25.9716898633418;3.889743002339795;67.82075190544128
test-corridor;uniform_random;constructed-self-constructing-unsafe;0;0.2;0.20000000000000015;0.20000000000000015;0.1988841297233677;-21.7145200596964;41.303440077539314;32.493942362931755;199.1749119758606
dpm;greedy-iter-1000;constructed-self-constructing-unsafe;0;0.2;0.09703974411513064;0.09704516900716778;0.20893000684215382;6.282869072898315;44.633417193794415;4.113078825325541;186.4234480857849
slippy-drone;safe-iter-1000;constructed-self-constructing-unsafe;0;0.2;0.010619854667559018;0.010619854667559018;0.8889322454315595;62.667972775918734;25.96936448298525;3.886176568104953;75.32531309127808
slippy-drone;safe-iter-1000;constructed-self-constructing-unsafe;0;0.2;0.010622914237968772;0.010622914237968772;0.8890672402563596;62.684671353214945;25.965989564017057;3.8811055664027445;69.4861490726471
slippy-drone;safe-iter-1000;constructed-self-constructing-unsafe;0;0.2;0.010626085032524815;0.010626085032524815;0.8892063789448365;62.701939075672115;25.96250514868876;3.8757979637310265;69.70521235466003
test-corridor;uniform_random;constructed-self-constructing-unsafe;0;0.2;0.20000000000000015;0.20000000000000015;0.19889465273334306;-21.7131757930965;41.30309538168902;32.49306399922729;200.3490490913391
collect;greedy-iter-500;constructed-self-constructing-unsafe;0;0.2;0.19999999999850318;0.19999999999850318;0.7459421111140516;33.1504273704682;41.13402249996918;10.625468110846297;202.62358856201172
dpm;greedy-iter-1000;constructed-self-constructing-unsafe;0;0.2;0.0970820712944749;0.09708751593970072;0.2089263879794358;6.284998809361757;44.633447900043755;4.110765719640913;202.5660331249237
slippy-drone;safe-iter-1000;constructed-self-constructing-unsafe;0;0.2;0.010630647130147323;0.010630647130147323;0.889304310450937;62.714071110781376;25.960056871371307;3.8720693412021796;71.63866829872131
slippy-drone;safe-iter-1000;constructed-self-constructing-unsafe;0;0.2;0.010633456587443357;0.010633456587443357;0.8895032576897309;62.73873419767595;25.955110496856122;3.864600820256313;72.7544617652893
test-corridor;uniform_random;constructed-self-constructing-unsafe;0;0.2;0.20000000000000015;0.20000000000000015;0.19891687889600634;-21.71013131097575;41.30221121890458;32.491639673323974;201.77973413467407
dpm;greedy-iter-1000;constructed-self-constructing-unsafe;0;0.2;0.09712876562990871;0.0971342284495183;0.20892209566384573;6.287508182349857;44.633488148775314;4.108197688106372;199.0366930961609
slippy-drone;safe-iter-1000;constructed-self-constructing-unsafe;0;0.2;0.010636363243081915;0.010636363243081915;0.8896856761047243;62.76116018919222;25.95070730522483;3.857915821463787;70.63918042182922
slippy-drone;safe-iter-1000;constructed-self-constructing-unsafe;0;0.2;0.010643449954683257;0.010643449954683257;0.8899028604124299;62.78804359876367;25.945326317016004;3.849672235522455;73.82458877563477
collect;greedy-iter-500;constructed-self-constructing-unsafe;0;0.2;0.19999999999850318;0.19999999999850318;0.7459421111140516;33.1504273704682;41.13402249996923;10.625468110846295;211.6805169582367
test-corridor;uniform_random;constructed-self-constructing-unsafe;0;0.2;0.20000000000000015;0.20000000000000015;0.19894054210195716;-21.706992173163517;41.30132481226179;32.48998307507139;203.21648645401
slippy-drone;safe-iter-1000;constructed-self-constructing-unsafe;0;0.2;0.010649160542230095;0.010649160542230095;0.8900071093880404;62.80101827673275;25.942722241544818;3.8455953734372166;71.66919040679932
dpm;greedy-iter-1000;constructed-self-constructing-unsafe;0;0.2;0.09717747976691032;0.09718296436482703;0.2089176770522047;6.2899984014178;44.63352891423444;4.105520530382241;189.35664439201355
dpm;safe-iter-100;constructed-self-constructing-unsafe;0;0.2;2.7833073048906506e-08;2.795768686197429e-08;0.22217863878227825;2.783307304890651e-06;44.43572810574427;0.8307882440752234;0.4282240867614746
dpm;safe-iter-100;constructed-self-constructing-unsafe;0;0.2;4.046121306397646e-08;4.078919022478064e-08;0.22217863818340317;4.046121306397647e-06;44.43572809292513;0.8307845660390508;0.5346100330352783
dpm;safe-iter-100;constructed-self-constructing-unsafe;0;0.2;6.982972988814768e-08;7.034753410890066e-08;0.22217863661626946;6.982972988814768e-06;44.43572808192009;0.830776087351515;0.6586987972259521
dpm;safe-iter-100;constructed-self-constructing-unsafe;0;0.2;7.765074513468161e-08;7.837156150774596e-08;0.2221786363026445;7.76507451346816e-06;44.435728070404735;0.8307737877122047;1.096761703491211
dpm;safe-iter-100;constructed-self-constructing-unsafe;0;0.2;1.4075096416580547e-07;1.416191178619906e-07;0.22217863217234024;1.4075096416580549e-05;44.43572805713739;0.8307556351861658;1.1226677894592285
dpm;safe-iter-100;constructed-self-constructing-unsafe;0;0.2;1.8747101051652043e-07;1.8855646036848184e-07;0.22217862908889938;1.8747101051652044e-05;44.43572804246819;0.8307421703299173;1.0143353939056396
slippy-drone;safe-iter-1000;constructed-self-constructing-unsafe;0;0.2;0.010655426435904329;0.010655426435904329;0.8902259444848291;62.828199698914446;25.93720395924437;3.8371873797274914;75.1786253452301
dpm;safe-iter-100;constructed-self-constructing-unsafe;0;0.2;2.2956311944695407e-07;2.3080241490748608e-07;0.22217862624599374;2.295631194469541e-05;44.43572802746203;0.8307300381865366;1.1445600986480713
dpm;safe-iter-100;constructed-self-constructing-unsafe;0;0.2;2.613152439367661e-07;2.627605165052656e-07;0.22217862456098983;2.613152439367661e-05;44.43572801978396;0.8307208649311278;1.289973497390747
dpm;safe-iter-100;constructed-self-constructing-unsafe;0;0.2;2.959620900465785e-07;2.976451413498572e-07;0.2221786224390545;2.9596209004657852e-05;44.43572801809197;0.8307108741690662;1.440108060836792
dpm;safe-iter-100;constructed-self-constructing-unsafe;0;0.2;3.3585442634526767e-07;3.3763613698435844e-07;0.2221786199921027;3.358544263452676e-05;44.43572800730345;0.8306994155353912;1.6119041442871094
dpm;safe-iter-100;constructed-self-constructing-unsafe;0;0.2;3.9632405544474136e-07;3.982957339326857e-07;0.22217861554287904;3.963240554447413e-05;44.43572802692433;0.8306819909906114;1.7618544101715088
dpm;safe-iter-100;constructed-self-constructing-unsafe;0;0.2;4.343426395562417e-07;4.3651882900316354e-07;0.22217861305877384;4.3434263955624174e-05;44.43572801433317;0.8306710207005086;1.9132847785949707
dpm;safe-iter-100;constructed-self-constructing-unsafe;0;0.2;4.650516052172454e-07;4.6747726348390084e-07;0.22217861132027536;4.650516052172454e-05;44.4357280015952;0.8306621333944965;2.09956431388855
dpm;safe-iter-100;constructed-self-constructing-unsafe;0;0.2;4.866290880490156e-07;4.892052548605966e-07;0.22217861000335892;4.866290880490156e-05;44.43572797400421;0.8306559053930193;2.281965732574463
dpm;safe-iter-100;constructed-self-constructing-unsafe;0;0.2;5.140326670197937e-07;5.168506804362769e-07;0.22217860811100815;5.140326670197937e-05;44.43572796028936;0.8306479625927072;2.456249713897705
slippy-drone;safe-iter-1000;constructed-self-constructing-unsafe;0;0.2;0.01065910932688945;0.01065910932688945;0.8903666501433976;62.84566372637301;25.9336651861405;3.831996675074416;77.14788293838501
dpm;safe-iter-100;constructed-self-constructing-unsafe;0;0.2;5.38190074481003e-07;5.411904082112794e-07;0.22217860673731682;5.381900744810029e-05;44.43572795565976;0.8306409772379929;2.6971757411956787
dpm;safe-iter-100;constructed-self-constructing-unsafe;0;0.2;5.675155872590274e-07;5.707187182202514e-07;0.22217860481353807;5.675155872590273e-05;44.43572792361182;0.8306325078236009;2.800628662109375
dpm;safe-iter-100;constructed-self-constructing-unsafe;0;0.2;5.888223008033974e-07;5.921858937625183e-07;0.22217860356623254;5.888223008033974e-05;44.43572789268784;0.8306263564211347;3.0800833702087402
dpm;safe-iter-100;constructed-self-constructing-unsafe;0;0.2;6.436512951589145e-07;6.472713467154393e-07;0.22217859998197798;6.436512951589144e-05;44.43572789940601;0.8306105304362048;3.2279694080352783
test-corridor;uniform_random;constructed-self-constructing-unsafe;0;0.2;0.20000000000000015;0.20000000000000015;0.19893244737572854;-21.70822455106777;41.301666297541296;32.48966488542073;212.531414270401
dpm;safe-iter-100;constructed-self-constructing-unsafe;0;0.2;6.583583286889571e-07;6.622016398476171e-07;0.222178599173727;6.58358328688957e-05;44.435727884727484;0.830606244725277;3.4867212772369385
dpm;safe-iter-100;constructed-self-constructing-unsafe;0;0.2;7.069327477655172e-07;7.108576531707949e-07;0.2221785959966974;7.069327477655173e-05;44.43572787713937;0.8305922871246976;4.07932710647583
dpm;safe-iter-100;constructed-self-constructing-unsafe;0;0.2;7.525035140198049e-07;7.565472892544177e-07;0.22217859309155402;7.52503514019805e-05;44.43572786474596;0.830579175225387;4.402070760726929
slippy-drone;safe-iter-1000;constructed-self-constructing-unsafe;0;0.2;0.010662239589149112;0.010662239589149112;0.8905267079592794;62.865549810978536;25.929565430865615;3.8258676948346326;73.96041655540466
dpm;safe-iter-100;constructed-self-constructing-unsafe;0;0.2;7.745759012717416e-07;7.788941775654975e-07;0.2221785918530257;7.745759012717418e-05;44.43572786174028;0.83057275853022;4.480095863342285
dpm;safe-iter-100;constructed-self-constructing-unsafe;0;0.2;7.902352455622869e-07;7.947991434042836e-07;0.22217859107264015;7.902352455622867e-05;44.43572784283516;0.830568193886123;4.761654615402222
collect;greedy-iter-500;constructed-self-constructing-unsafe;0;0.2;0.19999999999850318;0.19999999999850318;0.7461405140822254;33.17145884587976;41.132627844812525;10.61854037803166;209.65770053863525
dpm;safe-iter-100;constructed-self-constructing-unsafe;0;0.2;8.471995828713628e-07;8.518701661279708e-07;0.22217858740911361;8.471995828713628e-05;44.43572783726339;0.8305518229260779;4.937782287597656
dpm;safe-iter-100;constructed-self-constructing-unsafe;0;0.2;8.938327865261554e-07;8.988183271875836e-07;0.22217858461231216;8.938327865261556e-05;44.43572783683034;0.8305383637033581;4.875343322753906
dpm;safe-iter-100;constructed-self-constructing-unsafe;0;0.2;9.240522956508019e-07;9.291362513134169e-07;0.22217858273271723;9.24052295650802e-05;44.43572782754185;0.8305296675255168;5.122213363647461
dpm;safe-iter-100;constructed-self-constructing-unsafe;0;0.2;9.628935040337425e-07;9.681139334330123e-07;0.22217858034700158;9.628935040337426e-05;44.435727830764584;0.830518481486515;5.387353181838989
dpm;safe-iter-100;constructed-self-constructing-unsafe;0;0.2;9.916207558395255e-07;9.969122270465232e-07;0.2221785786646545;9.916207558395256e-05;44.43572782597752;0.8305102331536405;5.709911584854126
slippy-drone;safe-iter-1000;constructed-self-constructing-unsafe;0;0.2;0.010665772904592018;0.010665772904592018;0.890704398534313;62.88750738398922;25.925136831233786;3.8192169689625506;74.65033149719238
dpm;safe-iter-100;constructed-self-constructing-unsafe;0;0.2;1.0216450446107508e-06;1.0270378951318182e-06;0.22217857655373255;0.00010216450446107504;44.43572782207503;0.8305015970364221;6.0023627281188965
dpm;safe-iter-100;constructed-self-constructing-unsafe;0;0.2;1.079926131468391e-06;1.0854989752088686e-06;0.22217857189575763;0.00010799261314683913;44.435727829158;0.8304848131417704;6.223329067230225
dpm;safe-iter-100;constructed-self-constructing-unsafe;0;0.2;1.1267664463296809e-06;1.1324065865442127e-06;0.22217856908583525;0.0001126766446329681;44.43572782027723;0.8304713730899658;6.4090330600738525
dpm;safe-iter-100;constructed-self-constructing-unsafe;0;0.2;1.1622079714270332e-06;1.167998708178692e-06;0.22217856690891866;0.00011622079714270332;44.435727821882715;0.8304611840239858;6.973119735717773
dpm;safe-iter-100;constructed-self-constructing-unsafe;0;0.2;1.1952884560640957e-06;1.2013141872343344e-06;0.22217856494450497;0.00011952884560640956;44.43572780578139;0.8304516170620616;6.9527928829193115
dpm;safe-iter-100;constructed-self-constructing-unsafe;0;0.2;1.248859821751321e-06;1.2549822967841151e-06;0.22217856102569938;0.00012488598217513209;44.43572781825524;0.8304362063691587;7.229630470275879
slippy-drone;safe-iter-1000;constructed-self-constructing-unsafe;0;0.2;0.010670310050204773;0.010670310050204773;0.8908661978040818;62.90751136405517;25.92112426457617;3.813113703868815;76.46913242340088
test-corridor;uniform_random;constructed-self-constructing-unsafe;0;0.2;0.20000000000000015;0.20000000000000015;0.1989397271109442;-21.707310568665278;41.30141933062115;32.48887700937761;213.72571849822998
dpm;safe-iter-100;constructed-self-constructing-unsafe;0;0.2;1.2788365353348281e-06;1.2851964982932212e-06;0.22217855909492396;0.0001278836535334828;44.43572779930339;0.8304275435522412;7.7251200675964355
dpm;safe-iter-100;constructed-self-constructing-unsafe;0;0.2;1.3086845270420363e-06;1.3151230697860487e-06;0.22217855714080273;0.00013086845270420363;44.43572780522177;0.8304189522976074;7.8560779094696045
dpm;safe-iter-100;constructed-self-constructing-unsafe;0;0.2;1.3267480211576823e-06;1.3334314690429434e-06;0.2221785562857816;0.00013267480211576823;44.43572779437436;0.8304136927546628;8.243306636810303
dpm;safe-iter-100;constructed-self-constructing-unsafe;0;0.2;1.3699796595686482e-06;1.3767579230296591e-06;0.22217855362769792;0.00013699796595686482;44.435727781275666;0.8304012829149647;8.51038146018982
dpm;safe-iter-100;constructed-self-constructing-unsafe;0;0.2;1.4035484192691017e-06;1.4104640795928213e-06;0.22217855151520505;0.00014035484192691017;44.43572776826265;0.8303916242635512;8.789675951004028
slippy-drone;safe-iter-1000;constructed-self-constructing-unsafe;0;0.2;0.010672623347925562;0.010672623347925562;0.8909499132549026;62.91791548909655;25.919008416264134;3.8100128807046993;76.22296118736267
dpm;safe-iter-100;constructed-self-constructing-unsafe;0;0.2;1.4211868988117131e-06;1.428332155415142e-06;0.22217855058962963;0.0001421186898811713;44.43572776110913;0.8303864899061362;9.687333583831787
dpm;safe-iter-100;constructed-self-constructing-unsafe;0;0.2;1.464326370369786e-06;1.4716055373038988e-06;0.22217854776497908;0.0001464326370369786;44.435727765256395;0.8303740630922486;9.502548694610596
dpm;safe-iter-100;constructed-self-constructing-unsafe;0;0.2;1.5066408871415344e-06;1.5139942199849565e-06;0.22217854526777625;0.00015066408871415343;44.43572776303219;0.8303618982914749;10.231024742126465
dpm;safe-iter-100;constructed-self-constructing-unsafe;0;0.2;1.5325608216320808e-06;1.54011879353073e-06;0.22217854381056656;0.0001532560821632081;44.43572775705036;0.8303543981852158;10.135165452957153
dpm;safe-iter-100;constructed-self-constructing-unsafe;0;0.2;1.581379070300894e-06;1.5890400025188907e-06;0.22217854071734866;0.00015813790703008942;44.43572775035395;0.8303403574836361;10.873027563095093
slippy-drone;safe-iter-1000;constructed-self-constructing-unsafe;0;0.2;0.010678257400043847;0.010678257400043847;0.8911054041626566;62.93716038172225;25.915168976721905;3.8040981249366457;76.34827280044556
collect;greedy-iter-500;constructed-self-constructing-unsafe;0;0.2;0.19999999999850318;0.19999999999850318;0.7462350603014468;33.18175961387426;41.131686073739985;10.615102950985408;206.61296010017395
dpm;safe-iter-100;constructed-self-constructing-unsafe;0;0.2;1.60337449004101e-06;1.6111134676673844e-06;0.22217853941567914;0.00016033744900410102;44.43572773382364;0.8303340262456188;11.219522714614868
dpm;safe-iter-100;constructed-self-constructing-unsafe;0;0.2;1.6268645021640659e-06;1.6348109237326176e-06;0.2221785377910272;0.00016268645021640658;44.43572772678467;0.8303272115478341;11.54371190071106
test-corridor;uniform_random;constructed-self-constructing-unsafe;0;0.2;0.20000000000000015;0.20000000000000015;0.19898060142102095;-21.70165064142963;41.299789616274694;32.48666891180722;211.99521493911743
dpm;safe-iter-100;constructed-self-constructing-unsafe;0;0.2;1.6451157692002647e-06;1.6533368998155026e-06;0.22217853685296185;0.00016451157692002648;44.435727713140174;0.830321893290011;12.101197481155396
dpm;safe-iter-100;constructed-self-constructing-unsafe;0;0.2;1.6747154723408793e-06;1.6830129149430925e-06;0.2221785352176901;0.00016747154723408792;44.43572770710182;0.8303133808483895;12.277749061584473
slippy-drone;safe-iter-1000;constructed-self-constructing-unsafe;0;0.2;0.010679040467666021;0.010679040467666021;0.8911401894313994;62.94141305517326;25.914346857203945;3.802805131543673;76.29934620857239
dpm;safe-iter-100;constructed-self-constructing-unsafe;0;0.2;1.7299553964400937e-06;1.7384253703518878e-06;0.22217853186331465;0.0001729955396440094;44.435727707571694;0.8302974955041196;12.739818572998047
dpm;safe-iter-100;constructed-self-constructing-unsafe;0;0.2;1.7406121562894108e-06;1.7492171295769562e-06;0.22217853139330446;0.00017406121562894107;44.43572769274566;0.8302943964562902;13.680193424224854
dpm;safe-iter-100;constructed-self-constructing-unsafe;0;0.2;1.7726323756328698e-06;1.7813889666641666e-06;0.2221785294539624;0.00017726323756328698;44.43572768699132;0.8302851684957756;13.112141847610474
dpm;safe-iter-100;constructed-self-constructing-unsafe;0;0.2;1.8483122693327375e-06;1.8571999057996852e-06;0.22217852380948622;0.00018483122693327376;44.435727704388384;0.8302634074099794;13.611671447753906
slippy-drone;safe-iter-1000;constructed-self-constructing-unsafe;0;0.2;0.01068244363494739;0.01068244363494739;0.8912529532666913;62.955470992185745;25.911447145678167;3.798500224764627;77.2260172367096
dpm;safe-iter-100;constructed-self-constructing-unsafe;0;0.2;1.8718399391545002e-06;1.8808754227518388e-06;0.2221785224806723;0.00018718399391545005;44.43572769605163;0.8302566078962919;14.104514598846436
dpm;safe-iter-100;constructed-self-constructing-unsafe;0;0.2;1.9322716508587753e-06;1.9414932980353793e-06;0.22217851862747975;0.00019322716508587756;44.43572769608378;0.8302392037172674;13.976315021514893
dpm;safe-iter-100;constructed-self-constructing-unsafe;0;0.2;1.9700892851287215e-06;1.979460965659324e-06;0.22217851659352084;0.00019700892851287215;44.435727693864266;0.8302283227294095;14.555304288864136
dpm;safe-iter-100;constructed-self-constructing-unsafe;0;0.2;1.998420969096968e-06;2.0078434205106203e-06;0.22217851480415712;0.0001998420969096968;44.43572769320851;0.8302201775696919;14.75823187828064
test-corridor;uniform_random;constructed-self-constructing-unsafe;0;0.2;0.20000000000000015;0.20000000000000015;0.19900020075071778;-21.699029379430293;41.29900244978736;32.485268479663155;209.74733638763428
slippy-drone;safe-iter-1000;constructed-self-constructing-unsafe;0;0.2;0.010689874754385854;0.010689874754385854;0.891406650977779;62.97459344677362;25.907520886792536;3.792410337253904;77.70066952705383
dpm;safe-iter-100;constructed-self-constructing-unsafe;0;0.2;2.0675622571182e-06;2.0771848935971052e-06;0.22217850985603266;0.00020675622571182003;44.43572771081149;0.8302002579368315;15.605574369430542
dpm;safe-iter-100;constructed-self-constructing-unsafe;0;0.2;2.122879621960722e-06;2.132598093597349e-06;0.22217850643415615;0.00021228796219607227;44.435727695174485;0.8301843713267544;15.251691579818726
dpm;safe-iter-100;constructed-self-constructing-unsafe;0;0.2;2.1364339737530664e-06;2.1462775137604333e-06;0.2221785058733391;0.00021364339737530664;44.43572768912476;0.8301804549886351;15.570112228393555
collect;greedy-iter-500;constructed-self-constructing-unsafe;0;0.2;0.19999999999850318;0.19999999999850318;0.7462350603014468;33.18175961387426;41.13168607374007;10.615102950985404;210.81295108795166
slippy-drone;safe-iter-1000;constructed-self-constructing-unsafe;0;0.2;0.010695248800559696;0.010695248800559696;0.8915735155389305;62.995213201650046;25.903420776331007;3.786155075340382;77.71485757827759
dpm;safe-iter-100;constructed-self-constructing-unsafe;0;0.2;2.1777778181095027e-06;2.1877848985053594e-06;0.22217850331332914;0.0002177777818109503;44.435727685091095;0.8301685404969122;16.38858199119568
dpm;safe-iter-100;constructed-self-constructing-unsafe;0;0.2;2.2361767043378646e-06;2.2463899940083e-06;0.22217849931997322;0.00022361767043378646;44.43572769259905;0.8301517245523734;16.58373785018921
dpm;safe-iter-100;constructed-self-constructing-unsafe;0;0.2;2.2508211530473895e-06;2.2612061419391467e-06;0.22217849861657055;0.00022508211530473894;44.435727685685094;0.8301474757551514;16.862905740737915
dpm;safe-iter-100;constructed-self-constructing-unsafe;0;0.2;2.2670635711539757e-06;2.2777137047859144e-06;0.2221784978640759;0.0002267063571153976;44.43572767606397;0.830142730355621;17.420632123947144
slippy-drone;safe-iter-1000;constructed-self-constructing-unsafe;0;0.2;0.010696158989990913;0.010696158989990913;0.8916211677223838;63.00116272329157;25.902161127538257;3.7842275970787345;77.58156609535217
dpm;safe-iter-100;constructed-self-constructing-unsafe;0;0.2;2.3082418888718117e-06;2.3190116852627764e-06;0.2221784954337534;0.00023082418888718115;44.43572766635478;0.8301308817324181;17.983532667160034
test-corridor;uniform_random;constructed-self-constructing-unsafe;0;0.2;0.20000000000000015;0.20000000000000015;0.19901012317006514;-21.697742265725925;41.29866020980605;32.48453532109989;210.83277034759521
dpm;safe-iter-100;constructed-self-constructing-unsafe;0;0.2;2.349138922735741e-06;2.359988818352171e-06;0.2221784930151926;0.00023491389227357412;44.43572765785669;0.8301191396774992;18.01625943183899
dpm;safe-iter-100;constructed-self-constructing-unsafe;0;0.2;2.412710508573444e-06;2.4237152677620804e-06;0.22217848820606528;0.00024127105085734447;44.435727674958514;0.8301008270578734;18.34483027458191
slippy-drone;safe-iter-1000;constructed-self-constructing-unsafe;0;0.2;0.01069851731350546;0.01069851731350546;0.8917022531733789;63.01117204582014;25.900177293377947;3.781270568147136;80.13674283027649
dpm;safe-iter-100;constructed-self-constructing-unsafe;0;0.2;2.4532702047879124e-06;2.4644432472200095e-06;0.22217848538991047;0.00024532702047879123;44.43572766938542;0.8300891490732153;18.953685760498047
dpm;safe-iter-100;constructed-self-constructing-unsafe;0;0.2;2.472445680688122e-06;2.483715128090725e-06;0.22217848443131505;0.00024724456806881224;44.4357276640284;0.8300836251464148;19.154314041137695
dpm;safe-iter-100;constructed-self-constructing-unsafe;0;0.2;2.4888429561145893e-06;2.500189917462604e-06;0.2221784835898878;0.0002488842956114589;44.43572765433522;0.8300789089376731;19.59029459953308
slippy-drone;safe-iter-1000;constructed-self-constructing-unsafe;0;0.2;0.01070070999398426;0.01070070999398426;0.8917893223285575;63.02193695545641;25.8980098742204;3.7779223603950927;78.62347793579102
dpm;safe-iter-100;constructed-self-constructing-unsafe;0;0.2;2.540983678425837e-06;2.5524710541039165e-06;0.2221784802826443;0.0002540983678425837;44.43572766056407;0.8300639381158339;20.363590002059937
dpm;safe-iter-100;constructed-self-constructing-unsafe;0;0.2;2.554091497247545e-06;2.5658331951267664e-06;0.222178479610243;0.0002554091497247546;44.435727656728886;0.8300601176812281;20.509725332260132
collect;greedy-iter-500;constructed-self-constructing-unsafe;0;0.2;0.19999999999850318;0.19999999999850318;0.7463235858394744;33.19120809898141;41.13096795493569;10.612294092559992;205.17361187934875
dpm;safe-iter-100;constructed-self-constructing-unsafe;0;0.2;2.613821611339782e-06;2.625755765066044e-06;0.22217847535642168;0.0002613821611339783;44.435727671573844;0.8300429100987;21.146106719970703
test-corridor;uniform_random;constructed-self-constructing-unsafe;0;0.2;0.20000000000000015;0.20000000000000015;0.1990125382100197;-21.697464034922376;41.298556039998005;32.48407445844997;207.90338230133057
slippy-drone;safe-iter-1000;constructed-self-constructing-unsafe;0;0.2;0.010702364801671983;0.010702364801671983;0.891814659062049;63.025042195185065;25.89743001538801;3.776962990222644;80.6499137878418
dpm;safe-iter-100;constructed-self-constructing-unsafe;0;0.2;2.626635839819863e-06;2.6387248477734206e-06;0.22217847476236618;0.00026266358398198636;44.43572766483154;0.8300391926216742;21.604998111724854
dpm;safe-iter-100;constructed-self-constructing-unsafe;0;0.2;2.6612708284912777e-06;2.673463721131322e-06;0.2221784726834145;0.0002661270828491278;44.43572766154132;0.8300292289541364;21.910863637924194
dpm;safe-iter-100;constructed-self-constructing-unsafe;0;0.2;2.677640383350209e-06;2.689957607904986e-06;0.222178471856798;0.000267764038335021;44.43572765020803;0.8300245019239991;22.543731689453125
slippy-drone;safe-iter-1000;constructed-self-constructing-unsafe;0;0.2;0.010709131919163898;0.010709131919163898;0.8919502227508207;63.042005085764686;25.893855272688214;3.771488940637543;79.0427975654602
dpm;safe-iter-100;constructed-self-constructing-unsafe;0;0.2;2.707363822524485e-06;2.7198228315462085e-06;0.22217847001437976;0.00027073638225244854;44.435727648262166;0.8300159407280142;24.027217388153076
dpm;safe-iter-100;constructed-self-constructing-unsafe;0;0.2;2.733275275334822e-06;2.7458340555664508e-06;0.22217846864048582;0.00027332752753348214;44.43572763743269;0.8300084896749199;23.78853964805603
dpm;safe-iter-100;constructed-self-constructing-unsafe;0;0.2;2.7510992305272015e-06;2.763849728291928e-06;0.22217846784204778;0.00027510992305272014;44.43572762972665;0.8300033220714336;24.038334608078003
slippy-drone;safe-iter-1000;constructed-self-constructing-unsafe;0;0.2;0.01071026844623191;0.01071026844623191;0.8920391793785708;63.05299975806406;25.891610934615464;3.7680688206454582;79.43357849121094
test-corridor;uniform_random;constructed-self-constructing-unsafe;0;0.2;0.20000000000000015;0.20000000000000015;0.19901452708228234;-21.697215198439494;41.29848550798492;32.48392469310123;216.9655318260193
dpm;safe-iter-100;constructed-self-constructing-unsafe;0;0.2;2.7823203289544372e-06;2.795217009246447e-06;0.22217846612741649;0.0002782320328954437;44.43572762430509;0.8299943308520259;24.768521547317505
dpm;safe-iter-100;constructed-self-constructing-unsafe;0;0.2;2.7933328531824294e-06;2.8064642483016382e-06;0.22217846562287769;0.0002793332853182429;44.43572762045363;0.8299911003602078;25.200262308120728
slippy-drone;safe-iter-1000;constructed-self-constructing-unsafe;0;0.2;0.010716792231323134;0.010716792231323134;0.8921443281758122;63.06602313013042;25.88900578268276;3.763990684464756;79.73022484779358
dpm;safe-iter-100;constructed-self-constructing-unsafe;0;0.2;2.8157840100684657e-06;2.8291576253793046e-06;0.22217846437032152;0.0002815784010068465;44.435727615114565;0.8299845833417255;25.855792999267578
dpm;safe-iter-100;constructed-self-constructing-unsafe;0;0.2;2.828024241617481e-06;2.8415308033517718e-06;0.22217846382251846;0.0002828024241617481;44.43572761220294;0.8299810340217961;26.31044888496399
collect;greedy-iter-500;constructed-self-constructing-unsafe;0;0.2;0.19999999999850318;0.19999999999850318;0.746417783766803;33.20128551442756;41.130214707222834;10.609046118963299;211.22894310951233
dpm;safe-iter-100;constructed-self-constructing-unsafe;0;0.2;2.919164579326569e-06;2.932765503498437e-06;0.22217845717837875;0.000291916457932657;44.43572763977714;0.8299548884535787;26.672115564346313
slippy-drone;safe-iter-1000;constructed-self-constructing-unsafe;0;0.2;0.010722534466334126;0.010722534466334126;0.8923340279050155;63.08991919389136;25.883898219036695;3.7565816100259983;80.12808299064636
dpm;safe-iter-100;constructed-self-constructing-unsafe;0;0.2;2.953422095336989e-06;2.967266421053737e-06;0.22217845517473667;0.00029534220953369896;44.43572763846614;0.8299449884280973;26.979559659957886
test-corridor;uniform_random;constructed-self-constructing-unsafe;0;0.2;0.20000000000000015;0.20000000000000015;0.1990344786152671;-21.694564127783973;41.297743910531445;32.482707922801936;211.44107294082642
dpm;safe-iter-100;constructed-self-constructing-unsafe;0;0.2;3.0200066974816656e-06;3.0340802998492938e-06;0.22217845043013948;0.00030200066974816656;44.43572765906915;0.8299258484411143;27.61296820640564
dpm;safe-iter-100;constructed-self-constructing-unsafe;0;0.2;3.088930515205603e-06;3.1031226830108283e-06;0.22217844575212758;0.00030889305152056025;44.435727663171356;0.8299060549763678;28.989732265472412
slippy-drone;safe-iter-1000;constructed-self-constructing-unsafe;0;0.2;0.010726156789639807;0.010726156789639807;0.8924479077452457;63.1040453854998;25.881031382046242;3.7522722755464986;82.7996096611023
slippy-drone;uniform_random;constructed-self-constructing-unsafe;0;0.2;9.7702924671077e-08;9.7702924671077e-08;4.278877399411006e-06;-49.54406952555428;49.99996753946314;13.904469724495572;2.7160866260528564
slippy-drone;uniform_random;constructed-self-constructing-unsafe;0;0.2;1.3149426118141198e-07;1.3149426118141198e-07;4.2790576223137e-06;-49.544070704933816;49.99996699846444;13.904461599567448;3.521479845046997
slippy-drone;uniform_random;constructed-self-constructing-unsafe;0;0.2;1.3548757131063875e-07;1.3548757131063875e-07;4.27905768127582e-06;-49.5440707122751;49.999966997468455;13.904461536701778;3.734703779220581
dpm;safe-iter-100;constructed-self-constructing-unsafe;0;0.2;3.1710987023053543e-06;3.1854566504864183e-06;0.2221784401669896;0.0003171098702305355;44.43572768688654;0.8298824475811537;28.56283140182495
slippy-drone;uniform_random;constructed-self-constructing-unsafe;0;0.2;1.3827508119191203e-07;1.3827508119191203e-07;4.2790582204181945e-06;-49.54407086720047;49.999966929486526;13.904460325312158;3.970341444015503
slippy-drone;uniform_random;constructed-self-constructing-unsafe;0;0.2;1.777777277189124e-07;1.777777277189124e-07;4.279371047714172e-06;-49.54407212273896;49.99996635652654;13.904451410947503;4.385742664337158
slippy-drone;uniform_random;constructed-self-constructing-unsafe;0;0.2;2.2394836084071432e-07;2.2394836084071432e-07;4.2793715701856265e-06;-49.5440722724706;49.999966350735995;13.904450874815476;4.898960113525391
dpm;safe-iter-100;constructed-self-constructing-unsafe;0;0.2;3.1930421175212784e-06;3.207611714035479e-06;0.22217843899113782;0.0003193042117521278;44.4357276814308;0.8298760899101658;29.224467754364014
slippy-drone;uniform_random;constructed-self-constructing-unsafe;0;0.2;1.6021038093713494e-06;1.6021038093713494e-06;4.279433079022783e-06;-49.54407594476237;49.99996378358996;13.904371369935289;5.54175066947937
slippy-drone;uniform_random;constructed-self-constructing-unsafe;0;0.2;2.4723408916988355e-06;2.4723408916988355e-06;4.27943501964054e-06;-49.54407683741454;49.99996377461634;13.904360584387748;5.969114065170288
slippy-drone;uniform_random;constructed-self-constructing-unsafe;0;0.2;2.6073177498906678e-06;2.6073177498906678e-06;4.279437696175511e-06;-49.54407697559147;49.999963694265126;13.904356615738163;6.615588188171387
dpm;safe-iter-100;constructed-self-constructing-unsafe;0;0.2;3.2280636273053706e-06;3.2427934799546814e-06;0.2221784367133498;0.0003228063627305371;44.435727685937245;0.8298659921163091;29.486209392547607
slippy-drone;uniform_random;constructed-self-constructing-unsafe;0;0.2;2.7069925346780447e-06;2.7069925346780447e-06;4.279442964284487e-06;-49.54407769956584;49.999963507640295;13.904352143087985;7.198017835617065
slippy-drone;uniform_random;constructed-self-constructing-unsafe;0;0.2;6.807249864017548e-06;6.807249864017548e-06;4.279446427543545e-06;-49.54408338546417;49.99996345451202;13.904312080908111;8.08394742012024
dpm;safe-iter-100;constructed-self-constructing-unsafe;0;0.2;3.2677337773693907e-06;3.2827000312072564e-06;0.2221784340861889;0.00032677337773693915;44.43572768465556;0.8298545348643726;29.98765754699707
slippy-drone;uniform_random;constructed-self-constructing-unsafe;0;0.2;6.875058601610311e-06;6.875058601610311e-06;4.279481386520412e-06;-49.54408897100262;49.9999610171003;13.904274958285473;8.459688425064087
slippy-drone;uniform_random;constructed-self-constructing-unsafe;0;0.2;7.767821993682626e-06;7.767821993682626e-06;4.279698229552317e-06;-49.54408905829164;49.99996097371998;13.904252770272903;8.97505497932434
test-corridor;uniform_random;constructed-self-constructing-unsafe;0;0.2;0.20000000000000015;0.20000000000000015;0.19903024119009416;-21.695231652835893;41.29793603414149;32.48246889585368;216.2139801979065
slippy-drone;uniform_random;constructed-self-constructing-unsafe;0;0.2;7.932495778004596e-06;7.932495778004596e-06;4.279753186925195e-06;-49.54410068628382;49.99995529278824;13.904166336830716;9.722642421722412
dpm;safe-iter-100;constructed-self-constructing-unsafe;0;0.2;3.2877865886539502e-06;3.3030077823403235e-06;0.22217843298444329;0.00032877865886539513;44.435727680132565;0.8298487024547377;30.475378274917603
collect;greedy-iter-500;constructed-self-constructing-unsafe;0;0.2;0.19999999999850318;0.19999999999850318;0.746417783766803;33.20128551442756;41.13021470722285;10.609046118963303;207.67417454719543
slippy-drone;uniform_random;constructed-self-constructing-unsafe;0;0.2;1.1037473177434209e-05;1.1037473177434209e-05;4.281320315346059e-06;-49.54410421548551;49.99995526743974;13.904097930021084;10.25734806060791
slippy-drone;uniform_random;constructed-self-constructing-unsafe;0;0.2;1.1191797590523851e-05;1.1191797590523851e-05;4.281431884800632e-06;-49.5441141370145;49.99995075350596;13.904019745006051;10.950991868972778
dpm;safe-iter-100;constructed-self-constructing-unsafe;0;0.2;3.3315172149564325e-06;3.3469270666128963e-06;0.22217843009822708;0.00033315172149564324;44.43572768651615;0.8298361374842639;31.353142499923706
slippy-drone;uniform_random;constructed-self-constructing-unsafe;0;0.2;1.284357878860511e-05;1.284357878860511e-05;4.28267324787652e-06;-49.544115818725096;49.999950716322154;13.903982853351293;11.962926626205444
slippy-drone;uniform_random;constructed-self-constructing-unsafe;0;0.2;1.3281852422281058e-05;1.3281852422281058e-05;4.282680272387446e-06;-49.54411751363634;49.99994958263446;13.903952383096893;14.218258142471313
dpm;safe-iter-100;constructed-self-constructing-unsafe;0;0.2;3.37973598354406e-06;3.395286086052122e-06;0.22217842652634165;0.000337973598354406;44.43572770499633;0.8298222394407143;31.706454753875732
slippy-drone;uniform_random;constructed-self-constructing-unsafe;0;0.2;1.3589719649924511e-05;1.3589719649924511e-05;4.282680401601031e-06;-49.544118746028744;49.99994957947499;13.903945503774661;13.556741714477539
slippy-drone;uniform_random;constructed-self-constructing-unsafe;0;0.2;1.6177994549117277e-05;1.6177994549117277e-05;4.282744119482701e-06;-49.54411490566505;49.999949573929804;13.903874570709108;16.616443395614624
dpm;safe-iter-100;constructed-self-constructing-unsafe;0;0.2;3.4000949437371603e-06;3.415908035364725e-06;0.22217842540131172;0.00034000949437371607;44.43572770275339;0.8298163116979199;32.88987874984741
slippy-drone;uniform_random;constructed-self-constructing-unsafe;0;0.2;1.6180961155698123e-05;1.6180961155698123e-05;4.282744748761014e-06;-49.54411495024643;49.99994955720051;13.903874241127577;17.12972402572632
dpm;safe-iter-100;constructed-self-constructing-unsafe;0;0.2;3.463808994479141e-06;3.479687848736166e-06;0.22217842075639424;0.0003463808994479142;44.43572771495381;0.8297979983590839;32.141894817352295
slippy-drone;uniform_random;constructed-self-constructing-unsafe;0;0.2;1.618687413142903e-05;1.618687413142903e-05;4.282777148696756e-06;-49.544115010890835;49.99994953263934;13.903873856585466;16.024183988571167
slippy-drone;uniform_random;constructed-self-constructing-unsafe;0;0.2;4.043560605337574e-05;4.043560605337574e-05;4.284656725156147e-06;-49.5440884855358;49.99994941645169;13.903231018208885;16.747228384017944
dpm;safe-iter-100;constructed-self-constructing-unsafe;0;0.2;3.5041682216490564e-06;3.52020514528726e-06;0.2221784181558954;0.0003504168221649057;44.435727722242454;0.829786371775859;32.9109206199646
test-corridor;uniform_random;constructed-self-constructing-unsafe;0;0.2;0.20000000000000015;0.20000000000000015;0.199069761549578;-21.689785233830303;41.29632856193809;32.47978520254474;219.83061933517456
slippy-drone;uniform_random;constructed-self-constructing-unsafe;0;0.2;4.071425490810519e-05;4.071425490810519e-05;4.28469563597012e-06;-49.54408972152887;49.99994874776427;13.903211938990074;17.9116690158844
slippy-drone;uniform_random;constructed-self-constructing-unsafe;0;0.2;4.330275613680249e-05;4.330275613680249e-05;4.285717289422816e-06;-49.54409378016503;49.99994570074932;13.90309545166484;18.404808044433594
dpm;safe-iter-100;constructed-self-constructing-unsafe;0;0.2;3.541303811069682e-06;3.5575063503384034e-06;0.22217841600687888;0.00035413038110696817;44.43572771751982;0.829775674761167;32.93801712989807
slippy-drone;uniform_random;constructed-self-constructing-unsafe;0;0.2;4.352353921351181e-05;4.352353921351181e-05;4.285783961153993e-06;-49.54410250448764;49.99994131815749;13.90301979474209;19.17483949661255
dpm;safe-iter-100;constructed-self-constructing-unsafe;0;0.2;3.5995001435632263e-06;3.6158051509087173e-06;0.22217841238544894;0.00035995001435632266;44.435727725463664;0.8297589583665174;33.27736854553223
slippy-drone;uniform_random;constructed-self-constructing-unsafe;0;0.2;4.3815183526585395e-05;4.3815183526585395e-05;4.28579344989885e-06;-49.544102455159376;49.99994126938437;13.903012572928812;20.507043838500977
slippy-drone;uniform_random;constructed-self-constructing-unsafe;0;0.2;4.3895165090234566e-05;4.3895165090234566e-05;4.2857952815711635e-06;-49.54410286350634;49.99994114229228;13.903009577247138;21.162821292877197
dpm;safe-iter-100;constructed-self-constructing-unsafe;0;0.2;3.612962675906295e-06;3.6295847190963145e-06;0.2221784117717916;0.00036129626759062955;44.43572771840718;0.8297549970162863;33.84975051879883
collect;greedy-iter-500;constructed-self-constructing-unsafe;0;0.2;0.19999999999850318;0.19999999999850318;0.746417783766803;33.20128551442756;41.130214707223054;10.60904611896331;211.29104351997375
slippy-drone;uniform_random;constructed-self-constructing-unsafe;0;0.2;4.4134249529588284e-05;4.4134249529588284e-05;4.285800149085347e-06;-49.54410250709937;49.999941136906784;13.903002954412592;22.20002317428589
dpm;safe-iter-100;constructed-self-constructing-unsafe;0;0.2;3.62061446681644e-06;3.6374386959228902e-06;0.2221784114985343;0.00036206144668164404;44.43572771382166;0.8297527391551968;34.43378448486328
slippy-drone;uniform_random;constructed-self-constructing-unsafe;0;0.2;6.064633803357201e-05;6.064633803357201e-05;4.285915923929984e-06;-49.544107161411716;49.99994113588683;13.902722997999957;26.60932230949402
dpm;safe-iter-100;constructed-self-constructing-unsafe;0;0.2;3.673439109101397e-06;3.690453503298988e-06;0.22217840809072326;0.0003673439109101398;44.4357277209827;0.829737515797046;34.940921783447266
slippy-drone;uniform_random;constructed-self-constructing-unsafe;0;0.2;6.0652398888516565e-05;6.0652398888516565e-05;4.285917247956054e-06;-49.544107180226696;49.99994112764768;13.902722725288537;25.84087347984314
test-corridor;uniform_random;constructed-self-constructing-unsafe;0;0.2;0.20000000000000015;0.20000000000000015;0.19907620013754512;-21.688999835374833;41.29612100604087;32.47903122703777;217.04101634025574
dpm;safe-iter-100;constructed-self-constructing-unsafe;0;0.2;3.7186726445007523e-06;3.7358564686863425e-06;0.22217840551736798;0.00037186726445007524;44.43572771864765;0.8297244831733572;36.14475464820862
slippy-drone;uniform_random;constructed-self-constructing-unsafe;0;0.2;6.06915395058546e-05;6.06915395058546e-05;4.285931684718725e-06;-49.544107739546156;49.99994089846851;13.90271784659946;29.739789247512817
slippy-drone;uniform_random;constructed-self-constructing-unsafe;0;0.2;6.317172237495691e-05;6.317172237495691e-05;4.286283090221367e-06;-49.544105711821196;49.99994019851273;13.902640560660464;30.166236639022827
dpm;safe-iter-100;constructed-self-constructing-unsafe;0;0.2;3.7258267573679786e-06;3.7431180208767684e-06;0.22217840521912274;0.00037258267573679794;44.43572771187311;0.829722401535329;35.9439537525177
slippy-drone;uniform_random;constructed-self-constructing-unsafe;0;0.2;6.31777137143373e-05;6.31777137143373e-05;4.28628608059749e-06;-49.54410579660343;49.99994016622671;13.902639902086092;30.069406509399414
dpm;safe-iter-100;constructed-self-constructing-unsafe;0;0.2;3.7508631633347883e-06;3.768257320809044e-06;0.22217840355018215;0.00037508631633347884;44.43572771322193;0.8297151838898468;36.56777262687683
slippy-drone;uniform_random;constructed-self-constructing-unsafe;0;0.2;6.317849971125665e-05;6.317849971125665e-05;4.2862862570920085e-06;-49.544105825152215;49.9999401550542;13.902639702353992;29.02453637123108
dpm;safe-iter-100;constructed-self-constructing-unsafe;0;0.2;3.840416489578983e-06;3.857942057654896e-06;0.22217839709829384;0.0003840416489578984;44.4357277448833;0.8296894406300885;36.833388328552246
slippy-drone;uniform_random;constructed-self-constructing-unsafe;0;0.2;6.322934254942956e-05;6.322934254942956e-05;4.286311658171778e-06;-49.54410821065788;49.99993913964912;13.902622860203316;30.209047079086304
dpm;safe-iter-100;constructed-self-constructing-unsafe;0;0.2;3.905080202817317e-06;3.9227293257772215e-06;0.22217839295766673;0.00039050802028173183;44.43572775104574;0.8296708415102072;37.439990758895874
test-corridor;uniform_random;constructed-self-constructing-unsafe;0;0.2;0.20000000000000015;0.20000000000000015;0.19910888789101588;-21.684528949495554;41.29482537991301;32.476947125601775;221.79684257507324
slippy-drone;uniform_random;constructed-self-constructing-unsafe;0;0.2;6.385286048047115e-05;6.385286048047115e-05;4.2863704959706425e-06;-49.54410801781342;49.99993894800179;13.902603074279718;31.08612823486328
collect;greedy-iter-500;constructed-self-constructing-unsafe;0;0.2;0.19999999999850318;0.19999999999850318;0.7464224439364886;33.201775075478466;41.13018638189065;10.608893192960883;213.32868814468384
dpm;safe-iter-100;constructed-self-constructing-unsafe;0;0.2;3.961053827365655e-06;3.978872691188269e-06;0.22217838934537948;0.00039610538273656553;44.43572775470229;0.8296547453973718;42.65227746963501
slippy-drone;uniform_random;constructed-self-constructing-unsafe;0;0.2;6.385481291800581e-05;6.385481291800581e-05;4.286376625379164e-06;-49.5441080929182;49.99993891551105;13.90260246700576;32.18426203727722
slippy-drone;uniform_random;constructed-self-constructing-unsafe;0;0.2;6.426036830769001e-05;6.426036830769001e-05;4.286382619102872e-06;-49.54410776912467;49.999938800023514;13.902589774820823;33.545321226119995
dpm;safe-iter-100;constructed-self-constructing-unsafe;0;0.2;4.012507599420204e-06;4.030548906600976e-06;0.22217838582072813;0.00040125075994202047;44.435727759545564;0.8296399163306591;39.08030080795288
slippy-drone;uniform_random;constructed-self-constructing-unsafe;0;0.2;6.434386821194428e-05;6.434386821194428e-05;4.286386487194687e-06;-49.54410767888521;49.99993878812194;13.902587326072918;34.34639525413513
dpm;safe-iter-100;constructed-self-constructing-unsafe;0;0.2;4.079628147675572e-06;4.097823539962992e-06;0.22217838097014625;0.00040796281476755724;44.43572778312392;0.8296206440307945;39.3140184879303
slippy-drone;uniform_random;constructed-self-constructing-unsafe;0;0.2;6.525219809355849e-05;6.525219809355849e-05;4.286441642800225e-06;-49.544106598850945;49.999938773462496;13.902562912560501;37.56583905220032
dpm;safe-iter-100;constructed-self-constructing-unsafe;0;0.2;4.1004962745578e-06;4.118814914667334e-06;0.2221783799223387;0.00041004962745578;44.43572778187167;0.8296146197581686;40.018025636672974
slippy-drone;uniform_random;constructed-self-constructing-unsafe;0;0.2;6.945337861825486e-05;6.945337861825486e-05;4.286746660622847e-06;-49.54410236040621;49.99993852636573;13.902446304699529;37.50116205215454
test-corridor;uniform_random;constructed-self-constructing-unsafe;0;0.2;0.20000000000000015;0.20000000000000015;0.19911727017426148;-21.683397436760853;41.294480286409694;32.476152511301535;223.5470540523529
dpm;safe-iter-100;constructed-self-constructing-unsafe;0;0.2;4.147054906932674e-06;4.165479757886764e-06;0.22217837702680465;0.0004147054906932674;44.435727784596025;0.8296012316451852;40.40765571594238
slippy-drone;uniform_random;constructed-self-constructing-unsafe;0;0.2;7.252627804295882e-05;7.252627804295882e-05;4.286785303803202e-06;-49.544097750954094;49.99993851820103;13.902362244889709;38.36195993423462
dpm;safe-iter-100;constructed-self-constructing-unsafe;0;0.2;4.181352916411904e-06;4.200001388343734e-06;0.22217837486986308;0.00041813529164119034;44.43572778944599;0.8295913166449826;41.15521836280823
slippy-drone;uniform_random;constructed-self-constructing-unsafe;0;0.2;7.255166451824825e-05;7.255166451824825e-05;4.2867868607052485e-06;-49.54409781739477;49.99993850507109;13.902361725362288;39.65236234664917
dpm;safe-iter-100;constructed-self-constructing-unsafe;0;0.2;4.2599172008651436e-06;4.278830587666042e-06;0.22217836904999497;0.0004259917200865144;44.435727810460484;0.8295686613443212;41.93356227874756
slippy-drone;uniform_random;constructed-self-constructing-unsafe;0;0.2;7.287187413112979e-05;7.287187413112979e-05;4.287015010058684e-06;-49.54409833794741;49.99993826145326;13.902353136323379;41.34579682350159
collect;greedy-iter-500;constructed-self-constructing-unsafe;0;0.2;0.19999999999850318;0.19999999999850318;0.7464224439364886;33.201775075478466;41.13018638189067;10.608893192960878;206.99162006378174
dpm;safe-iter-100;constructed-self-constructing-unsafe;0;0.2;4.301758242413274e-06;4.320870320842875e-06;0.22217836631266397;0.0004301758242413274;44.435727811722074;0.829556592138604;42.592665910720825
slippy-drone;uniform_random;constructed-self-constructing-unsafe;0;0.2;7.346979293311909e-05;7.346979293311909e-05;4.287024097788853e-06;-49.54409784251271;49.999938094677795;13.902334186860237;42.8898389339447
dpm;safe-iter-100;constructed-self-constructing-unsafe;0;0.2;4.33984094139557e-06;4.359072339478427e-06;0.22217836399804058;0.00043398409413955704;44.435727814820105;0.8295456338125877;43.00499153137207
test-corridor;uniform_random;constructed-self-constructing-unsafe;0;0.2;0.20000000000000015;0.20000000000000015;0.19912532146190526;-21.682369785987472;41.29420400409309;32.47564939515168;220.97193908691406
slippy-drone;uniform_random;constructed-self-constructing-unsafe;0;0.2;7.875443467558859e-05;7.875443467558859e-05;4.287034817896736e-06;-49.54410315580984;49.99993809456585;13.902272454788676;44.81531500816345
dpm;safe-iter-100;constructed-self-constructing-unsafe;0;0.2;4.380217546751379e-06;4.399573658845864e-06;0.22217836145043018;0.00043802175467513795;44.435727820090555;0.8295340206887464;44.80477333068848
slippy-drone;uniform_random;constructed-self-constructing-unsafe;0;0.2;7.879157736175933e-05;7.879157736175933e-05;4.287037590796596e-06;-49.54410313159275;49.99993808968701;13.9022714197267;46.52789640426636
dpm;safe-iter-100;constructed-self-constructing-unsafe;0;0.2;4.416980650361139e-06;4.436553276468622e-06;0.22217835904477382;0.00044169806503611394;44.43572782875831;0.8295234082293307;45.10435485839844
slippy-drone;uniform_random;constructed-self-constructing-unsafe;0;0.2;8.391184329658584e-05;8.391184329658584e-05;4.287106521255892e-06;-49.54409544723673;49.99993808025194;13.902130358056569;47.00428342819214
dpm;safe-iter-100;constructed-self-constructing-unsafe;0;0.2;4.462555798775131e-06;4.4824639892112725e-06;0.22217835590163887;0.0004462555798775132;44.435727840815325;0.8295102070865423;45.4597430229187
slippy-drone;uniform_random;constructed-self-constructing-unsafe;0;0.2;8.429895806728978e-05;8.429895806728978e-05;4.287132344782426e-06;-49.54409883081729;49.9999361982331;13.902089888444387;49.404210329055786
dpm;safe-iter-100;constructed-self-constructing-unsafe;0;0.2;4.508724646606703e-06;4.528785269317082e-06;0.22217835313045103;0.00045087246466067035;44.4357278443647;0.829496919213232;45.81451606750488
test-corridor;uniform_random;constructed-self-constructing-unsafe;0;0.2;0.20000000000000015;0.20000000000000015;0.19912490696087828;-21.6824788248785;41.29423510832364;32.475427819065665;225.258770942688
slippy-drone;uniform_random;constructed-self-constructing-unsafe;0;0.2;9.353329953238562e-05;9.353329953238562e-05;4.287419902157392e-06;-49.544085343300736;49.99993601239723;13.901834267673754;49.90163826942444
collect;greedy-iter-500;constructed-self-constructing-unsafe;0;0.2;0.19999999999850318;0.19999999999850318;0.7464224439364886;33.201775075478466;41.13018638189071;10.60889319296088;207.20011067390442
dpm;safe-iter-100;constructed-self-constructing-unsafe;0;0.2;4.599946250385205e-06;4.620160464392807e-06;0.2221783460764933;0.0004599946250385205;44.43572788895979;0.8294706701801755;46.720033168792725
slippy-drone;uniform_random;constructed-self-constructing-unsafe;0;0.2;9.618969330381401e-05;9.618969330381401e-05;4.287695602553949e-06;-49.54409169711971;49.999934789444175;13.901787234273929;51.64591097831726
dpm;safe-iter-100;constructed-self-constructing-unsafe;0;0.2;4.617810447384681e-06;4.638196330489468e-06;0.2221783451300996;0.00046178104473846817;44.43572788374616;0.8294654961703423;47.35856056213379
slippy-drone;uniform_random;constructed-self-constructing-unsafe;0;0.2;9.670675372193846e-05;9.670675372193846e-05;4.287919934101492e-06;-49.54409229202569;49.99993478223128;13.901775813416261;52.63080883026123
dpm;safe-iter-100;constructed-self-constructing-unsafe;0;0.2;4.690800846884229e-06;4.711291235027739e-06;0.22217834024899724;0.0004690800846884228;44.43572789308398;0.8294445295012346;47.95190787315369
slippy-drone;uniform_random;constructed-self-constructing-unsafe;0;0.2;9.67463395946575e-05;9.67463395946575e-05;4.2879725725246584e-06;-49.544092795104916;49.99993455511348;13.901770917590284;55.461986780166626
dpm;safe-iter-100;constructed-self-constructing-unsafe;0;0.2;4.7080759802929205e-06;4.728734308372372e-06;0.22217833932539677;0.000470807598029292;44.4357278902268;0.8294395156471204;48.83774447441101
test-corridor;uniform_random;constructed-self-constructing-unsafe;0;0.2;0.20000000000000015;0.20000000000000015;0.19912803503195148;-21.682170899216178;41.29418134677234;32.47477390474541;231.03621864318848
slippy-drone;uniform_random;constructed-self-constructing-unsafe;0;0.2;9.741713569636195e-05;9.741713569636195e-05;4.288205631101447e-06;-49.544093457859404;49.999934550537205;13.901756972931263;57.355674505233765
dpm;safe-iter-100;constructed-self-constructing-unsafe;0;0.2;4.782966398669127e-06;4.803807724704106e-06;0.2221783342812027;0.0004782966398669126;44.435727913095214;0.8294179601382099;48.87876868247986
dpm;safe-iter-100;constructed-self-constructing-unsafe;0;0.2;4.823135673022038e-06;4.844093788142358e-06;0.22217833164790507;0.00048231356730220386;44.43572790909264;0.8294064077673253;49.47688293457031
slippy-drone;uniform_random;constructed-self-constructing-unsafe;0;0.2;9.760510913770933e-05;9.760510913770933e-05;4.2882130247625724e-06;-49.54409392217422;49.999934477113634;13.90175259862469;58.59387826919556
collect;greedy-iter-500;constructed-self-constructing-unsafe;0;0.2;0.19999999999850318;0.19999999999850318;0.7465166418638172;33.21185249092462;41.1294331341771;10.60564521936413;207.1490957736969
dpm;safe-iter-100;constructed-self-constructing-unsafe;0;0.2;4.923506317910872e-06;4.944630422460994e-06;0.222178323877326;0.0004923506317910872;44.43572795123368;0.8293775646910347;50.44931197166443
slippy-drone;uniform_random;constructed-self-constructing-unsafe;0;0.2;9.828950167266327e-05;9.828950167266327e-05;4.288217081961481e-06;-49.54409519041835;49.99993430918673;13.901742921347973;67.58561062812805
dpm;safe-iter-100;constructed-self-constructing-unsafe;0;0.2;4.996311373293752e-06;5.0175966066254235e-06;0.22217831862392412;0.0004996311373293752;44.43572797669074;0.8293566098275079;50.48030352592468
test-corridor;uniform_random;constructed-self-constructing-unsafe;0;0.2;0.20000000000000015;0.20000000000000015;0.1991399510852305;-21.680648350994705;41.29378975723379;32.47363765051125;226.86223721504211
slippy-drone;uniform_random;constructed-self-constructing-unsafe;0;0.2;0.00011366006794980093;0.00011366006794980093;4.28843782585559e-06;-49.54407250691181;49.99993419820486;13.901314398082047;68.92610192298889
dpm;safe-iter-100;constructed-self-constructing-unsafe;0;0.2;5.034656610961857e-06;5.056077502026771e-06;0.22217831623635292;0.0005034656610961859;44.435727979252874;0.8293455728654211;52.32100057601929
slippy-drone;uniform_random;constructed-self-constructing-unsafe;0;0.2;0.00011366763235198907;0.00011366763235198907;4.288444478618018e-06;-49.54407300943585;49.9999339882006;13.90131055344119;62.51665782928467
dpm;safe-iter-100;constructed-self-constructing-unsafe;0;0.2;5.0614897020119015e-06;5.083038501750107e-06;0.22217831484199063;0.0005061489702011902;44.435727974227284;0.8293378464717326;52.01262354850769
dpm;safe-iter-100;constructed-self-constructing-unsafe;0;0.2;5.102785102737162e-06;5.124526466961455e-06;0.22217831236632424;0.0005102785102737162;44.43572798037485;0.82932594319417;52.07832956314087
slippy-drone;uniform_random;constructed-self-constructing-unsafe;0;0.2;0.00011372335835287456;0.00011372335835287456;4.288450082977848e-06;-49.544073325397;49.999933817631316;13.90130615578505;63.153717041015625
dpm;safe-iter-100;constructed-self-constructing-unsafe;0;0.2;5.112678461666604e-06;5.134553754354974e-06;0.22217831198589486;0.0005112678461666603;44.435727975500235;0.8293230748025526;52.80719494819641
test-corridor;uniform_random;constructed-self-constructing-unsafe;0;0.2;0.20000000000000015;0.20000000000000015;0.19913821600660067;-21.68099708366353;41.293897231350805;32.47323673829531;228.86279892921448
slippy-drone;uniform_random;constructed-self-constructing-unsafe;0;0.2;0.00011374052855245329;0.00011374052855245329;4.288458470082903e-06;-49.54407336891839;49.99993380257971;13.901305512760015;65.34561538696289
collect;greedy-iter-500;constructed-self-constructing-unsafe;0;0.2;0.19999999999850318;0.19999999999850318;0.7465775652402722;33.218385030232746;41.12890941151454;10.603845233230405;205.71647667884827
dpm;safe-iter-100;constructed-self-constructing-unsafe;0;0.2;5.1325933347537166e-06;5.154736582203067e-06;0.22217831094625506;0.0005132593334753717;44.43572797021479;0.829317273982974;57.54436540603638
slippy-drone;uniform_random;constructed-self-constructing-unsafe;0;0.2;0.00011620096148322665;0.00011620096148322665;4.2886557611432486e-06;-49.544070781237096;49.99993378991057;13.901240399202791;67.07221174240112
dpm;safe-iter-100;constructed-self-constructing-unsafe;0;0.2;5.144952290925365e-06;5.16721799959775e-06;0.2221783104337268;0.0005144952290925365;44.43572796568282;0.8293136957424617;54.194029808044434
slippy-drone;uniform_random;constructed-self-constructing-unsafe;0;0.2;0.00011620629754290216;0.00011620629754290216;4.288658635738492e-06;-49.54407117253318;49.999933616814424;13.901237790839792;69.42642903327942
dpm;safe-iter-100;constructed-self-constructing-unsafe;0;0.2;5.2074306184495934e-06;5.229964087339842e-06;0.22217830552537576;0.0005207430618449594;44.43572799577294;0.8292956480867187;56.38760471343994
test-corridor;uniform_random;constructed-self-constructing-unsafe;0;0.2;0.20000000000000015;0.20000000000000015;0.19915748374561498;-21.678497056682854;41.293235877204836;32.47177224225814;231.3734700679779
slippy-drone;uniform_random;constructed-self-constructing-unsafe;0;0.2;0.00011891588875262759;0.00011891588875262759;4.289361236441064e-06;-49.544080875433266;49.999927529904056;13.901076006001563;71.07003140449524
dpm;safe-iter-100;constructed-self-constructing-unsafe;0;0.2;5.2258737649158005e-06;5.248542011742532e-06;0.22217830453092946;0.00052258737649158;44.43572799237501;0.8292903150660608;56.06006693840027
dpm;safe-iter-100;constructed-self-constructing-unsafe;0;0.2;5.280287973046188e-06;5.303129290963784e-06;0.22217830114578313;0.0005280287973046189;44.43572799974532;0.8292746474339646;56.56851840019226
slippy-drone;uniform_random;constructed-self-constructing-unsafe;0;0.2;0.00011892554182747201;0.00011892554182747201;4.28936289847869e-06;-49.54408114801271;49.999927416945006;13.901073773740368;73.08432054519653
collect;greedy-iter-500;constructed-self-constructing-unsafe;0;0.2;0.19999999999850318;0.19999999999850318;0.7465775652402722;33.218385030232746;41.128909411514506;10.603845233230405;211.46238327026367
dpm;safe-iter-100;constructed-self-constructing-unsafe;0;0.2;5.289983526856913e-06;5.3129077448715636e-06;0.22217830073901207;0.0005289983526856913;44.435727990321794;0.8292718374835095;57.269880056381226
slippy-drone;uniform_random;constructed-self-constructing-unsafe;0;0.2;0.00011945399583060808;0.00011945399583060808;4.289390668116369e-06;-49.54408310393222;49.999926207971065;13.901039749066632;82.16465711593628
dpm;safe-iter-100;constructed-self-constructing-unsafe;0;0.2;5.434917432576649e-06;5.457939615908423e-06;0.22217828890796348;0.000543491743257665;44.43572807477746;0.8292301678940932;58.656511306762695
test-corridor;uniform_random;constructed-self-constructing-unsafe;0;0.2;0.20000000000000015;0.20000000000000015;0.19914957730017185;-21.679627248110947;41.29354355708499;32.471938015449055;234.56113696098328
slippy-drone;uniform_random;constructed-self-constructing-unsafe;0;0.2;0.00012002946109543557;0.00012002946109543557;4.289645271960406e-06;-49.54408629670171;49.99992508527785;13.901007653745115;77.7750506401062
dpm;safe-iter-100;constructed-self-constructing-unsafe;0;0.2;5.447552158429077e-06;5.470744284056332e-06;0.22217828833038666;0.0005447552158429077;44.43572806665443;0.8292264888214856;60.396801471710205
dpm;safe-iter-100;constructed-self-constructing-unsafe;0;0.2;5.477733452854398e-06;5.501067507675015e-06;0.22217828671099737;0.0005477733452854399;44.43572806765067;0.8292177814503426;58.901159048080444
slippy-drone;uniform_random;constructed-self-constructing-unsafe;0;0.2;0.00012005511571691138;0.00012005511571691138;4.28966962239278e-06;-49.54408744109946;49.99992458038579;13.900998892821358;78.60843181610107
dpm;safe-iter-100;constructed-self-constructing-unsafe;0;0.2;5.4938164113298306e-06;5.517300927859528e-06;0.22217828593250594;0.000549381641132983;44.43572805255599;0.8292131296244748;59.594210624694824
slippy-drone;uniform_random;constructed-self-constructing-unsafe;0;0.2;0.00012010143691033396;0.00012010143691033396;4.289687324165798e-06;-49.5440874951569;49.999924579803974;13.90099788919899;79.85584092140198
test-corridor;uniform_random;constructed-self-constructing-unsafe;0;0.2;0.20000000000000015;0.20000000000000015;0.19917768029368238;-21.675788781820007;41.292447531513126;32.47001770712279;231.27027583122253
collect;greedy-iter-500;constructed-self-constructing-unsafe;0;0.2;0.19999999999850318;0.19999999999850318;0.7465775652402722;33.218385030232746;41.12890941151451;10.603845233230405;214.3653416633606
dpm;safe-iter-100;constructed-self-constructing-unsafe;0;0.2;5.512393585785165e-06;5.53603865093019e-06;0.22217828505212167;0.0005512393585785164;44.4357280458977;0.8292077652301212;60.5821852684021
slippy-drone;uniform_random;constructed-self-constructing-unsafe;0;0.2;0.00012040789333380103;0.00012040789333380103;4.289703629848184e-06;-49.544092461320766;49.99992236039794;13.900956444038824;83.6057801246643
dpm;safe-iter-100;constructed-self-constructing-unsafe;0;0.2;5.547834257701462e-06;5.571629819866624e-06;0.22217828310245463;0.0005547834257701462;44.4357280476542;0.8291975544526256;61.14242672920227
slippy-drone;uniform_random;constructed-self-constructing-unsafe;0;0.2;0.00012074289975623041;0.00012074289975623041;4.289709122706209e-06;-49.54409214018485;49.99992229091376;13.90094640089251;86.19468855857849
dpm;safe-iter-100;constructed-self-constructing-unsafe;0;0.2;5.5620550067527354e-06;5.5861164605531224e-06;0.22217828235616188;0.0005562055006752735;44.435728043222596;0.8291934018295646;62.24076008796692
dpm;safe-iter-100;constructed-self-constructing-unsafe;0;0.2;5.648431149206352e-06;5.672592775745563e-06;0.22217827474158894;0.0005648431149206352;44.43572810011087;0.8291685436540875;62.350584745407104
test-corridor;uniform_random;constructed-self-constructing-unsafe;0;0.2;0.20000000000000015;0.20000000000000015;0.19918611103087738;-21.674732464541872;41.29215084295719;32.46900422261198;238.1086621284485
slippy-drone;uniform_random;constructed-self-constructing-unsafe;0;0.2;0.00012077451010261169;0.00012077451010261169;4.289711420296828e-06;-49.544092252215606;49.9999222241812;13.900944476058369;85.86028099060059
dpm;safe-iter-100;constructed-self-constructing-unsafe;0;0.2;5.733563617015994e-06;5.7578768872795514e-06;0.22217826911081215;0.0005733563617015994;44.43572812659718;0.8291440619955179;63.13192939758301
slippy-drone;uniform_random;constructed-self-constructing-unsafe;0;0.2;0.00012089435178629203;0.00012089435178629203;4.289747086979118e-06;-49.54409516422337;49.99992089200907;13.900918931941401;88.23710370063782
collect;greedy-iter-500;constructed-self-constructing-unsafe;0;0.2;0.19999999999850318;0.19999999999850318;0.7465775652402722;33.218385030232746;41.12890941151452;10.603845233230405;214.8822374343872
dpm;safe-iter-100;constructed-self-constructing-unsafe;0;0.2;5.761079125811089e-06;5.785610660855402e-06;0.22217826758512937;0.000576107912581109;44.435728124091575;0.8291360990626768;64.67258763313293
slippy-drone;uniform_random;constructed-self-constructing-unsafe;0;0.2;0.0001209166862568492;0.0001209166862568492;4.289754502273237e-06;-49.544096098262415;49.99992050835343;13.900912003367738;89.1565911769867
dpm;safe-iter-100;constructed-self-constructing-unsafe;0;0.2;5.7753135087989205e-06;5.799974288083701e-06;0.2221782668455765;0.000577531350879892;44.43572811404727;0.8291319839220034;65.47661471366882
test-corridor;uniform_random;constructed-self-constructing-unsafe;0;0.2;0.20000000000000015;0.20000000000000015;0.1992004523385708;-21.672898474384134;41.291687848010206;32.467716961373526;236.1279857158661
dpm;safe-iter-100;constructed-self-constructing-unsafe;0;0.2;5.794450517628905e-06;5.81924783733555e-06;0.22217826575346378;0.0005794450517628907;44.43572810656214;0.8291264458977335;66.17845058441162
slippy-drone;uniform_random;constructed-self-constructing-unsafe;0;0.2;0.0001213411358829538;0.0001213411358829538;4.289762265506523e-06;-49.54409678669666;49.99992042886286;13.900905862172108;93.56445932388306
dpm;safe-iter-100;constructed-self-constructing-unsafe;0;0.2;5.816874246967815e-06;5.841873589145574e-06;0.22217826459829504;0.0005816874246967815;44.435728105978505;0.829119945774364;65.66691946983337
slippy-drone;uniform_random;constructed-self-constructing-unsafe;0;0.2;0.00012134641870565691;0.00012134641870565691;4.2897623596980554e-06;-49.54409682019237;49.999920411548935;13.90090541249539;92.7202627658844
dpm;safe-iter-100;constructed-self-constructing-unsafe;0;0.2;5.847457518507243e-06;5.872595448876465e-06;0.22217826266320356;0.0005847457518507244;44.43572811246697;0.8291111274290986;65.67854356765747
collect;greedy-iter-500;constructed-self-constructing-unsafe;0;0.2;0.19999999999850318;0.19999999999850318;0.7465775652402722;33.218385030232746;41.12890941151464;10.603845233230405;207.27028560638428
test-corridor;uniform_random;constructed-self-constructing-unsafe;0;0.2;0.20000000000000015;0.20000000000000015;0.19920559890935277;-21.672226838599688;41.291497899245776;32.46725647387904;236.93338656425476
dpm;safe-iter-100;constructed-self-constructing-unsafe;0;0.2;5.876253408251723e-06;5.901653919614783e-06;0.2221782608158798;0.0005876253408251724;44.43572811726785;0.8291027902283699;66.83047866821289
slippy-drone;uniform_random;constructed-self-constructing-unsafe;0;0.2;0.00012192679102204887;0.00012192679102204887;4.289778158469712e-06;-49.544098052200056;49.99992041103271;13.900889903110366;95.43113112449646
dpm;safe-iter-100;constructed-self-constructing-unsafe;0;0.2;5.897662917419338e-06;5.923316845964986e-06;0.22217825962666005;0.0005897662917419338;44.435728116221185;0.8290965730421864;69.22138285636902
slippy-drone;uniform_random;constructed-self-constructing-unsafe;0;0.2;0.00012195787404443314;0.00012195787404443314;4.289799181509534e-06;-49.544100920385;49.999919164858035;13.900871091803987;100.02033925056458
dpm;safe-iter-100;constructed-self-constructing-unsafe;0;0.2;5.946617392995263e-06;5.972457550758498e-06;0.22217825643328332;0.0005946617392995261;44.43572812857276;0.8290824647851638;68.40462398529053
test-corridor;uniform_random;constructed-self-constructing-unsafe;0;0.2;0.20000000000000015;0.20000000000000015;0.1993009571242531;-21.659292815660205;41.28789570360256;32.461270261362834;240.76684546470642
slippy-drone;uniform_random;constructed-self-constructing-unsafe;0;0.2;0.00012201593455082214;0.00012201593455082214;4.289801801227735e-06;-49.544100863582074;49.999919157160775;13.900869433457295;99.83239817619324
dpm;safe-iter-100;constructed-self-constructing-unsafe;0;0.2;5.9617315657130095e-06;5.987854421249894e-06;0.22217825572542704;0.000596173156571301;44.43572812719658;0.8290780340079282;68.64639377593994
collect;greedy-iter-500;constructed-self-constructing-unsafe;0;0.2;0.19999999999850318;0.19999999999850318;0.7465811910535506;33.2187586700926;41.12889321448366;10.603740704424377;208.98566508293152
dpm;safe-iter-100;constructed-self-constructing-unsafe;0;0.2;5.985399258626616e-06;6.01165796371612e-06;0.22217825451423454;0.0005985399258626616;44.43572812428207;0.8290712132219997;69.82692241668701
slippy-drone;uniform_random;constructed-self-constructing-unsafe;0;0.2;0.00012666711185663679;0.00012666711185663679;4.28994490800779e-06;-49.5440947367204;49.99991873981537;13.9007303053604;101.74014377593994
dpm;safe-iter-100;constructed-self-constructing-unsafe;0;0.2;6.0146516950687935e-06;6.041056106739333e-06;0.22217825277309072;0.0006014651695068795;44.4357281210268;0.8290627867944618;74.00233554840088
slippy-drone;uniform_random;constructed-self-constructing-unsafe;0;0.2;0.0001266772559522201;0.0001266772559522201;4.289945560630839e-06;-49.54409472661161;49.99991873973591;13.900730045961735;104.1308286190033
test-corridor;uniform_random;constructed-self-constructing-unsafe;0;0.2;0.20000000000000015;0.20000000000000015;0.1993150457326721;-21.65743153021291;41.287343151014085;32.4601351574166;241.90137004852295
dpm;safe-iter-100;constructed-self-constructing-unsafe;0;0.2;6.052458006511993e-06;6.078969417342432e-06;0.22217825037338834;0.0006052458006511994;44.43572812646746;0.8290519199513248;70.96621084213257
slippy-drone;uniform_random;constructed-self-constructing-unsafe;0;0.2;0.00012944651881587567;0.00012944651881587567;4.291187462426471e-06;-49.54409857948901;49.99991844746581;13.900664911955115;105.01234197616577
dpm;safe-iter-100;constructed-self-constructing-unsafe;0;0.2;6.079976868425857e-06;6.106634290601818e-06;0.22217824886575113;0.0006079976868425856;44.435728124753076;0.8290439856916403;73.58792757987976
collect;greedy-iter-500;constructed-self-constructing-unsafe;0;0.2;0.19999999999850318;0.19999999999850318;0.7465902634966388;33.21969428289615;41.12885372061787;10.603465310224678;210.02212810516357
dpm;safe-iter-100;constructed-self-constructing-unsafe;0;0.2;6.096095788323003e-06;6.122850410280543e-06;0.22217824804276298;0.0006096095788323003;44.435728120967546;0.8290393383883652;73.49267148971558
slippy-drone;uniform_random;constructed-self-constructing-unsafe;0;0.2;0.00012985849737071742;0.00012985849737071742;4.291210817200356e-06;-49.54409897416768;49.99991805987195;13.900647225560684;108.25385427474976
test-corridor;uniform_random;constructed-self-constructing-unsafe;0;0.2;0.20000000000000015;0.20000000000000015;0.19932176635765897;-21.656516772648885;41.28708579648999;32.45973643857047;240.51726579666138
dpm;safe-iter-100;constructed-self-constructing-unsafe;0;0.2;6.201896141254711e-06;6.228829296826854e-06;0.22217823924498442;0.0006201896141254711;44.43572817892906;0.8290089415910272;75.41575193405151
slippy-drone;uniform_random;constructed-self-constructing-unsafe;0;0.2;0.00013368475148949446;0.00013368475148949446;4.2915559596199e-06;-49.54409517666812;49.99991805604613;13.900546821388803;111.46078443527222
dpm;safe-iter-100;constructed-self-constructing-unsafe;0;0.2;6.219878786663479e-06;6.2470410921651325e-06;0.22217823829063071;0.0006219878786663479;44.43572817666818;0.82900371104408;84.59878349304199
dpm;safe-iter-100;constructed-self-constructing-unsafe;0;0.2;6.235103133697221e-06;6.262432532941061e-06;0.22217823746789497;0.0006235103133697221;44.43572817146785;0.8289993106933786;74.60167098045349
slippy-drone;uniform_random;constructed-self-constructing-unsafe;0;0.2;0.00013383780615286686;0.00013383780615286686;4.291561354657703e-06;-49.54409942656904;49.99991589122469;13.900507201238668;112.13103818893433
test-corridor;uniform_random;constructed-self-constructing-unsafe;0;0.2;0.20000000000000015;0.20000000000000015;0.1993616305149491;-21.651119175054944;41.285556229863566;32.45723256534137;246.35261297225952
collect;greedy-iter-500;constructed-self-constructing-unsafe;0;0.2;0.19999999999850318;0.19999999999850318;0.7465902634966388;33.21969428289615;41.128853720617926;10.603465310224678;208.43158054351807
dpm;safe-iter-100;constructed-self-constructing-unsafe;0;0.2;6.258816399372214e-06;6.286402880241997e-06;0.2221782362156117;0.0006258816399372213;44.43572816491763;0.8289924264183579;75.45196104049683
slippy-drone;uniform_random;constructed-self-constructing-unsafe;0;0.2;0.00013453806725009917;0.00013453806725009917;4.291570160915505e-06;-49.54409845769183;49.99991586111415;13.90048769029977;116.3829779624939
dpm;safe-iter-100;constructed-self-constructing-unsafe;0;0.2;6.295231529794051e-06;6.323001826871727e-06;0.2221782337960947;0.0006295231529794051;44.435728173226536;0.8289819336206107;77.23876476287842
slippy-drone;uniform_random;constructed-self-constructing-unsafe;0;0.2;0.0001345498856951511;0.0001345498856951511;4.291587125468236e-06;-49.544099402499754;49.99991543531566;13.900480749871077;119.36717438697815
dpm;safe-iter-100;constructed-self-constructing-unsafe;0;0.2;6.315299310425612e-06;6.343227241437342e-06;0.22217823267923326;0.0006315299310425612;44.43572817130463;0.8289761379605978;76.73840117454529
test-corridor;uniform_random;constructed-self-constructing-unsafe;0;0.2;0.20000000000000015;0.20000000000000015;0.1993683645062139;-21.650267101581516;41.28534135083582;32.4565986266289;243.74349880218506
dpm;safe-iter-100;constructed-self-constructing-unsafe;0;0.2;6.3390705049210845e-06;6.367210130884564e-06;0.2221782314763195;0.0006339070504921085;44.43572817160229;0.8289692581186392;83.46351337432861
slippy-drone;uniform_random;constructed-self-constructing-unsafe;0;0.2;0.00013474314022328648;0.00013474314022328648;4.291590132687858e-06;-49.54409911852412;49.99991543472652;13.900475542978457;119.85865020751953
collect;greedy-iter-500;constructed-self-constructing-unsafe;0;0.2;0.19999999999850318;0.19999999999850318;0.7465902634966388;33.21969428289615;41.128853720617954;10.603465310224669;207.94194293022156
dpm;safe-iter-100;constructed-self-constructing-unsafe;0;0.2;6.368976610184584e-06;6.397339397346818e-06;0.22217822975787438;0.0006368976610184583;44.4357281658584;0.8289606063429587;79.27000617980957
slippy-drone;uniform_random;constructed-self-constructing-unsafe;0;0.2;0.00013665083511566227;0.00013665083511566227;4.292412718382727e-06;-49.5441013476169;49.99991541189671;13.900433481981734;124.77988767623901
dpm;safe-iter-100;constructed-self-constructing-unsafe;0;0.2;6.419655281701426e-06;6.44816822575115e-06;0.2221782265033213;0.0006419655281701425;44.435728178608464;0.8289460395610159;79.81915736198425
test-corridor;uniform_random;constructed-self-constructing-unsafe;0;0.2;0.20000000000000015;0.20000000000000015;0.1994041744127249;-21.6455627991341;41.28407138006096;32.45353439230811;247.26773715019226
dpm;safe-iter-100;constructed-self-constructing-unsafe;0;0.2;6.463618156769342e-06;6.492319737429714e-06;0.22217822388666725;0.0006463618156769342;44.43572818692206;0.8289333618649948;79.84959578514099
slippy-drone;uniform_random;constructed-self-constructing-unsafe;0;0.2;0.0001366549866418953;0.0001366549866418953;4.292413016166649e-06;-49.544101370226414;49.99991540086523;13.900433197542325;123.8587372303009
dpm;safe-iter-100;constructed-self-constructing-unsafe;0;0.2;6.4936505774426416e-06;6.522529981576707e-06;0.22217822228584055;0.0006493650577442643;44.4357281865811;0.8289247020492847;82.39129781723022
collect;greedy-iter-500;constructed-self-constructing-unsafe;0;0.2;0.19999999999850318;0.19999999999850318;0.7465902634966388;33.21969428289615;41.12885372061791;10.603465310224669;209.2023205757141
slippy-drone;uniform_random;constructed-self-constructing-unsafe;0;0.2;0.00013665640458748515;0.00013665640458748515;4.292431405342292e-06;-49.54410141816193;49.99991537942389;13.900432904429382;127.4441990852356
test-corridor;uniform_random;constructed-self-constructing-unsafe;0;0.2;0.20000000000000015;0.20000000000000015;0.19942240668279768;-21.643176108056583;41.283379407318144;32.452394839612275;251.3463327884674
dpm;safe-iter-100;constructed-self-constructing-unsafe;0;0.2;6.523982380843309e-06;6.553107919089685e-06;0.22217822048714161;0.000652398238084331;44.43572818777932;0.8289159316841569;82.89751505851746
dpm;safe-iter-100;constructed-self-constructing-unsafe;0;0.2;6.595026881727183e-06;6.624320663398838e-06;0.22217821527372195;0.0006595026881727184;44.43572821838509;0.8288954773813383;84.94366240501404
slippy-drone;uniform_random;constructed-self-constructing-unsafe;0;0.2;0.00013677573739781843;0.00013677573739781843;4.2924388804959295e-06;-49.5441015410683;49.99991527500128;13.900428077291082;131.0886788368225
dpm;safe-iter-100;constructed-self-constructing-unsafe;0;0.2;6.62663547481967e-06;6.65605299821896e-06;0.2221782136647823;0.0006626635474819673;44.43572821789636;0.8288863754573902;84.09326171875
test-corridor;uniform_random;constructed-self-constructing-unsafe;0;0.2;0.20000000000000015;0.20000000000000015;0.19942764583819084;-21.642543140860305;41.28319587291842;32.451804650789995;249.04071426391602
collect;greedy-iter-500;constructed-self-constructing-unsafe;0;0.2;0.19999999999850318;0.19999999999850318;0.7465902634966388;33.21969428289615;41.128853720617954;10.603465310224655;208.56651401519775
slippy-drone;uniform_random;constructed-self-constructing-unsafe;0;0.2;0.00013688092009364128;0.00013688092009364128;4.292447916626221e-06;-49.544101506848484;49.99991525669317;13.90042526571339;131.00189328193665
dpm;safe-iter-100;constructed-self-constructing-unsafe;0;0.2;6.634559064719596e-06;6.664239906006369e-06;0.22217821332327664;0.0006634559064719596;44.43572820950932;0.8288840182155006;84.6479697227478
dpm;safe-iter-100;constructed-self-constructing-unsafe;0;0.2;6.71849163676439e-06;6.748363056455824e-06;0.22217820597001367;0.0006718491636764389;44.43572826726903;0.8288598212534829;85.95419454574585
slippy-drone;uniform_random;constructed-self-constructing-unsafe;0;0.2;0.00013736050202815348;0.00013736050202815348;4.292531845665436e-06;-49.544111397372866;49.999910322945084;13.900333232931722;135.677805185318
dpm;safe-iter-100;constructed-self-constructing-unsafe;0;0.2;6.753978367514643e-06;6.784021477379395e-06;0.2221782036767719;0.0006753978367514646;44.43572827354199;0.8288496078442147;85.69766855239868
test-corridor;uniform_random;constructed-self-constructing-unsafe;0;0.2;0.20000000000000015;0.20000000000000015;0.19943067725036548;-21.64218423115657;41.283117083997894;32.4514353577777;249.15405440330505
slippy-drone;uniform_random;constructed-self-constructing-unsafe;0;0.2;0.00013759730947420282;0.00013759730947420282;4.292714467978751e-06;-49.5441134977963;49.9999092889813;13.900310037015524;139.92108941078186
dpm;safe-iter-100;constructed-self-constructing-unsafe;0;0.2;6.765769175541614e-06;6.7960192097001095e-06;0.2221782031143992;0.0006765769175541615;44.43572826572899;0.828846160920417;87.08568835258484
collect;greedy-iter-500;constructed-self-constructing-unsafe;0;0.2;0.19999999999850318;0.19999999999850318;0.7465902634966388;33.21969428289615;41.1288537206179;10.603465310224655;209.4900143146515
dpm;safe-iter-100;constructed-self-constructing-unsafe;0;0.2;6.790897508760903e-06;6.821315574852457e-06;0.22217820174563907;0.0006790897508760903;44.43572826562098;0.8288389221398758;88.41420602798462
slippy-drone;uniform_random;constructed-self-constructing-unsafe;0;0.2;0.00013776006978421444;0.00013776006978421444;4.292730935046738e-06;-49.54412382887023;49.999903980585636;13.900219243481583;138.42785596847534
test-corridor;uniform_random;constructed-self-constructing-unsafe;0;0.2;0.20000000000000015;0.20000000000000015;0.19946207542458727;-21.638109804654054;41.28203534168009;32.448844312541276;251.87508702278137
dpm;safe-iter-100;constructed-self-constructing-unsafe;0;0.2;6.830261944243842e-06;6.8608598591425345e-06;0.22217819958557133;0.0006830261944243841;44.43572826907891;0.828827578103318;90.72801113128662
slippy-drone;uniform_random;constructed-self-constructing-unsafe;0;0.2;0.00013864270638670205;0.00013864270638670205;4.2927373375892705e-06;-49.544124958114;49.999903979217976;13.900209627867179;143.31997418403625
dpm;safe-iter-100;constructed-self-constructing-unsafe;0;0.2;6.849934538788924e-06;6.880675175652714e-06;0.22217819863843064;0.0006849934538788925;44.43572826948439;0.8288218921808164;89.03809881210327
collect;greedy-iter-500;constructed-self-constructing-unsafe;0;0.2;0.19999999999850318;0.19999999999850318;0.7465902634966388;33.21969428289615;41.128853720617805;10.603465310224648;208.38322615623474
dpm;safe-iter-100;constructed-self-constructing-unsafe;0;0.2;6.882954072090816e-06;6.9138492933320096e-06;0.22217819672578282;0.0006882954072090817;44.43572827064288;0.8288123695727823;90.0173692703247
test-corridor;uniform_random;constructed-self-constructing-unsafe;0;0.2;0.20000000000000015;0.20000000000000015;0.19947217998619138;-21.636774946391782;41.28166010798686;32.4480477911092;252.7148540019989
slippy-drone;uniform_random;constructed-self-constructing-unsafe;0;0.2;0.00014184001509958243;0.00014184001509958243;4.292777741043336e-06;-49.54412014526726;49.999903978868744;13.900122334032257;144.12192821502686
dpm;safe-iter-100;constructed-self-constructing-unsafe;0;0.2;6.89996003297283e-06;6.9309891416344816e-06;0.22217819596369126;0.0006899960032972832;44.4357282670343;0.8288074825314965;92.36566138267517
slippy-drone;uniform_random;constructed-self-constructing-unsafe;0;0.2;0.0001423986257644022;0.0001423986257644022;4.2927951301281516e-06;-49.54411956304114;49.99990395610327;13.900107505057626;147.70340275764465
dpm;safe-iter-100;constructed-self-constructing-unsafe;0;0.2;6.9218420732887815e-06;6.952906657698143e-06;0.2221781948848956;0.0006921842073288782;44.43572826192056;0.8288012043940239;92.4404284954071
dpm;safe-iter-100;constructed-self-constructing-unsafe;0;0.2;6.959470338627647e-06;6.990808792082819e-06;0.22217819274282305;0.0006959470338627647;44.43572826492192;0.8287903193998416;91.34580826759338
test-corridor;uniform_random;constructed-self-constructing-unsafe;0;0.2;0.20000000000000015;0.20000000000000015;0.1994864361006372;-21.634953259730054;41.28119182843583;32.446662081738125;265.5925154685974
collect;greedy-iter-500;constructed-self-constructing-unsafe;0;0.2;0.19999999999850318;0.19999999999850318;0.7465902634966388;33.21969428289615;41.12885372061777;10.603465310224648;210.11693835258484
slippy-drone;uniform_random;constructed-self-constructing-unsafe;0;0.2;0.00014254108919889923;0.00014254108919889923;4.2929085047089636e-06;-49.54412826511889;49.99990006081117;13.90003897113844;148.4698622226715
dpm;safe-iter-100;constructed-self-constructing-unsafe;0;0.2;6.9723158329671515e-06;7.003783893230762e-06;0.2221781921095794;0.0006972315832967153;44.435728262132564;0.8287865987212336;92.52596473693848
dpm;safe-iter-100;constructed-self-constructing-unsafe;0;0.2;7.003119076869311e-06;7.034719482495687e-06;0.22217819007946682;0.0007003119076869312;44.435728264774845;0.8287777424852474;99.07317161560059
slippy-drone;uniform_random;constructed-self-constructing-unsafe;0;0.2;0.0001432536416075924;0.0001432536416075924;4.292911159640204e-06;-49.54413142194286;49.99989893676014;13.90001405235017;152.47892999649048
test-corridor;uniform_random;constructed-self-constructing-unsafe;0;0.2;0.20000000000000015;0.20000000000000015;0.19949145574889754;-21.63433555034713;41.281034346956886;32.44610660226893;256.57520961761475
dpm;safe-iter-100;constructed-self-constructing-unsafe;0;0.2;7.023486565841194e-06;7.055262504834079e-06;0.22217818908803702;0.0007023486565841195;44.43572826217331;0.8287718415580032;94.2482361793518
collect;greedy-iter-500;constructed-self-constructing-unsafe;0;0.2;0.1999999999998025;0.1999999999998025;0.7466896378601666;33.230322586095554;41.12806097876958;10.599787254944612;215.065265417099
slippy-drone;uniform_random;constructed-self-constructing-unsafe;0;0.2;0.00014532655387612285;0.00014532655387612285;4.293624955979702e-06;-49.54413284957214;49.99989872496875;13.899962279250328;158.38752365112305
dpm;safe-iter-100;constructed-self-constructing-unsafe;0;0.2;7.035512477368732e-06;7.067456658368213e-06;0.22217818857733085;0.0007035512477368732;44.43572825998771;0.8287683463962195;95.06476664543152
dpm;safe-iter-100;constructed-self-constructing-unsafe;0;0.2;7.0748666471232785e-06;7.106985445944028e-06;0.22217818622136415;0.0007074866647123279;44.43572826045465;0.8287570115363994;98.9168541431427
test-corridor;uniform_random;constructed-self-constructing-unsafe;0;0.2;0.20000000000000015;0.20000000000000015;0.19949374905713416;-21.63407262681459;41.28095389203915;32.44582667537878;267.4613528251648
slippy-drone;uniform_random;constructed-self-constructing-unsafe;0;0.2;0.00014700151723976308;0.00014700151723976308;4.294126142647184e-06;-49.54413357253499;49.99989869391444;13.899922979204806;163.64782238006592
dpm;safe-iter-100;constructed-self-constructing-unsafe;0;0.2;7.100981974152532e-06;7.1332688696980005e-06;0.22217818452884008;0.0007100981974152534;44.43572825735964;0.8287494577380266;98.55201530456543
collect;greedy-iter-500;constructed-self-constructing-unsafe;0;0.2;0.1999999999998025;0.1999999999998025;0.7466896378601666;33.230322586095554;41.128060978769525;10.59978725494462;212.21236753463745
slippy-drone;uniform_random;constructed-self-constructing-unsafe;0;0.2;0.00014715324419564972;0.00014715324419564972;4.294131788064779e-06;-49.544133638895936;49.99989856125645;13.899917023218457;158.6217222213745
dpm;safe-iter-100;constructed-self-constructing-unsafe;0;0.2;7.153698420397621e-06;7.186184088839883e-06;0.22217818057789102;0.0007153698420397623;44.435728282472716;0.8287342569153778;97.56968641281128
test-corridor;uniform_random;constructed-self-constructing-unsafe;0;0.2;0.20000000000000015;0.20000000000000015;0.1995137502016627;-21.6314661981754;41.280250705916956;32.444223059735386;271.1349034309387
dpm;safe-iter-100;constructed-self-constructing-unsafe;0;0.2;7.177932817165987e-06;7.2105216248283655e-06;0.2221781792992923;0.0007177932817165987;44.43572827687952;0.8287272821936841;99.13121128082275
slippy-drone;uniform_random;constructed-self-constructing-unsafe;0;0.2;0.00014731082257606022;0.00014731082257606022;4.294158499069552e-06;-49.54413624402078;49.9998973451264;13.89989206051269;164.67795634269714
dpm;safe-iter-100;constructed-self-constructing-unsafe;0;0.2;7.19555167679476e-06;7.228245440845085e-06;0.22217817854179422;0.000719555167679476;44.435728272840166;0.8287221945534567;101.59727692604065
collect;greedy-iter-500;constructed-self-constructing-unsafe;0;0.2;0.1999999999998025;0.1999999999998025;0.7466896378601666;33.230322586095554;41.128060978769525;10.59978725494462;209.81885266304016
dpm;safe-iter-100;constructed-self-constructing-unsafe;0;0.2;7.235181667730588e-06;7.268103599773953e-06;0.22217817596272169;0.0007235181667730588;44.43572828049678;0.8287107522654158;100.16799020767212
slippy-drone;uniform_random;constructed-self-constructing-unsafe;0;0.2;0.0001474080775740403;0.0001474080775740403;4.294203874369034e-06;-49.54414359999004;49.999893829876754;13.899833120665475;163.12380170822144
test-corridor;uniform_random;constructed-self-constructing-unsafe;0;0.2;0.20000000000000015;0.20000000000000015;0.19951559440882752;-21.631256104886877;41.28018877794422;32.443978299783254;262.25334095954895
dpm;safe-iter-100;constructed-self-constructing-unsafe;0;0.2;7.2924965688971336e-06;7.325578626431261e-06;0.2221781724233921;0.0007292496568897135;44.43572828923715;0.8286942760565142;102.67020535469055
slippy-drone;uniform_random;constructed-self-constructing-unsafe;0;0.2;0.0001474152300426836;0.0001474152300426836;4.294205215107858e-06;-49.544143791349455;49.99989375702735;13.899831675898925;171.07598400115967
dpm;safe-iter-100;constructed-self-constructing-unsafe;0;0.2;7.349966405754821e-06;7.383186807008297e-06;0.2221781687697807;0.0007349966405754821;44.43572830253668;0.8286777754514336;101.72540402412415
test-corridor;uniform_random;constructed-self-constructing-unsafe;0;0.2;0.20000000000000015;0.20000000000000015;0.1995247521161111;-21.63005635145118;41.27986286332473;32.44347286153531;262.57365703582764
collect;greedy-iter-500;constructed-self-constructing-unsafe;0;0.2;0.1999999999998025;0.1999999999998025;0.7466927805184141;33.230647496487734;41.12804603580669;10.59970476475815;209.83923625946045
dpm;safe-iter-100;constructed-self-constructing-unsafe;0;0.2;7.37584182902718e-06;7.409270260917712e-06;0.22217816726686002;0.0007375841829027183;44.43572830600877;0.8286702868293655;102.59632015228271
slippy-drone;uniform_random;constructed-self-constructing-unsafe;0;0.2;0.0001480620414698837;0.0001480620414698837;4.2944834956303205e-06;-49.5441450899399;49.99989351607171;13.899813481176082;170.29769468307495
dpm;safe-iter-100;constructed-self-constructing-unsafe;0;0.2;7.4129314639014236e-06;7.446542074550044e-06;0.222178165144525;0.0007412931463901423;44.4357283103898;0.8286595943789707;104.53948664665222
slippy-drone;uniform_random;constructed-self-constructing-unsafe;0;0.2;0.00014979384655239042;0.00014979384655239042;4.2955329422358056e-06;-49.544155598897994;49.99988804390238;13.899688922189013;172.15924191474915
test-corridor;uniform_random;constructed-self-constructing-unsafe;0;0.2;0.20000000000000015;0.20000000000000015;0.19953521355741924;-21.628639798223052;41.27946457189135;32.44286824279631;265.55837321281433
dpm;safe-iter-100;constructed-self-constructing-unsafe;0;0.2;7.4285211008834545e-06;7.4624233087273355e-06;0.22217816438172655;0.0007428521100883456;44.43572830934152;0.8286550366097466;104.41671133041382
collect;greedy-iter-500;constructed-self-constructing-unsafe;0;0.2;0.1999999999998025;0.1999999999998025;0.7466927805184141;33.230647496487734;41.12804603580679;10.599704764758147;212.0131208896637
dpm;safe-iter-100;constructed-self-constructing-unsafe;0;0.2;7.4502593447739725e-06;7.484352671241699e-06;0.22217816320458897;0.0007450259344773974;44.43572830864377;0.8286487429528593;105.7817554473877
slippy-drone;uniform_random;constructed-self-constructing-unsafe;0;0.2;0.00014990316230967428;0.00014990316230967428;4.2956093741951745e-06;-49.54416145616124;49.99988540161315;13.899641884133421;176.765478849411
dpm;safe-iter-100;constructed-self-constructing-unsafe;0;0.2;7.5078099416316146e-06;7.542079879355202e-06;0.22217815952806486;0.0007507809941631615;44.435728320678436;0.8286321769243404;108.47286415100098
test-corridor;uniform_random;constructed-self-constructing-unsafe;0;0.2;0.20000000000000015;0.20000000000000015;0.19955445552651715;-21.626052291258336;41.27873803135441;32.441657518547416;266.000417470932
dpm;safe-iter-100;constructed-self-constructing-unsafe;0;0.2;7.5605800403643695e-06;7.595039015691818e-06;0.22217815562170973;0.0007560580040364372;44.43572834022139;0.8286169653297315;108.3153395652771
slippy-drone;uniform_random;constructed-self-constructing-unsafe;0;0.2;0.0001576257368224218;0.0001576257368224218;4.2957171031618715e-06;-49.544149987979814;49.9998853691038;13.899429685520825;176.97672581672668
collect;greedy-iter-500;constructed-self-constructing-unsafe;0;0.2;0.1999999999998025;0.1999999999998025;0.7466927805184141;33.230647496487734;41.12804603580678;10.599704764758144;211.31073904037476
dpm;safe-iter-100;constructed-self-constructing-unsafe;0;0.2;7.585671903548757e-06;7.6202270138471955e-06;0.22217815429815857;0.0007585671903548758;44.43572834076975;0.8286097489446784;107.74800300598145
test-corridor;uniform_random;constructed-self-constructing-unsafe;0;0.2;0.20000000000000015;0.20000000000000015;0.19958653057618458;-21.621658764225725;41.277495357566394;32.439842834325454;269.585244178772
slippy-drone;uniform_random;constructed-self-constructing-unsafe;0;0.2;0.00015813635198933836;0.00015813635198933836;4.295899470976285e-06;-49.5441516845786;49.9998847837464;13.89940778069916;184.55378770828247
dpm;safe-iter-100;constructed-self-constructing-unsafe;0;0.2;7.603220894109575e-06;7.63787680654236e-06;0.22217815338175692;0.0007603220894109575;44.435728340312274;0.8286046885816993;109.91172766685486
dpm;safe-iter-100;constructed-self-constructing-unsafe;0;0.2;7.646689927759408e-06;7.681529939667452e-06;0.22217815065390825;0.0007646689927759408;44.435728350869645;0.8285921785280624;108.75235724449158
slippy-drone;uniform_random;constructed-self-constructing-unsafe;0;0.2;0.0001581987196176285;0.0001581987196176285;4.295900395672679e-06;-49.544151595876556;49.99988478256415;13.899406083371664;184.09205889701843
collect;greedy-iter-500;constructed-self-constructing-unsafe;0;0.2;0.1999999999998025;0.1999999999998025;0.7466976952543172;33.23116366582011;41.128016246315;10.5995308591653;210.77678418159485
test-corridor;uniform_random;constructed-self-constructing-unsafe;0;0.2;0.20000000000000015;0.20000000000000015;0.1995985126082927;-21.620025302069582;41.27701960956061;32.439124091177575;268.49124240875244
dpm;safe-iter-100;constructed-self-constructing-unsafe;0;0.2;7.690132777856687e-06;7.725245990984763e-06;0.22217814798010072;0.0007690132777856686;44.4357283592256;0.8285796460932401;109.92518591880798
slippy-drone;uniform_random;constructed-self-constructing-unsafe;0;0.2;0.00015828341102507574;0.00015828341102507574;4.295934126572427e-06;-49.54415315390187;49.99988407060634;13.899392047555606;189.97083401679993
dpm;safe-iter-100;constructed-self-constructing-unsafe;0;0.2;7.707323608613996e-06;7.742696741547586e-06;0.22217814719116358;0.0007707323608613997;44.43572835301727;0.8285746287420321;115.66790986061096
dpm;safe-iter-100;constructed-self-constructing-unsafe;0;0.2;7.783130000989757e-06;7.818643953882173e-06;0.2221781419450316;0.0007783130000989757;44.4357283782624;0.8285528765596202;112.6964819431305
test-corridor;uniform_random;constructed-self-constructing-unsafe;0;0.2;0.20000000000000015;0.20000000000000015;0.19966472066817653;-21.610873528755604;41.27435582186894;32.43521620947415;269.5843560695648
collect;greedy-iter-500;constructed-self-constructing-unsafe;0;0.2;0.1999999999998025;0.1999999999998025;0.7466976952543172;33.23116366582011;41.128016246314886;10.599530859165297;211.61052942276
slippy-drone;uniform_random;constructed-self-constructing-unsafe;0;0.2;0.00015839295176138887;0.00015839295176138887;4.295982084499476e-06;-49.54415775810516;49.99988198670911;13.89935414501644;190.83096599578857
dpm;safe-iter-100;constructed-self-constructing-unsafe;0;0.2;7.806065778182315e-06;7.841668060155262e-06;0.22217814084354714;0.0007806065778182314;44.43572837540095;0.8285462795150702;112.80617499351501
dpm;safe-iter-100;constructed-self-constructing-unsafe;0;0.2;7.836129046042142e-06;7.871902452408023e-06;0.22217813908358416;0.0007836129046042142;44.435728378438796;0.8285376045911249;122.51003170013428
slippy-drone;uniform_random;constructed-self-constructing-unsafe;0;0.2;0.00015840311008531724;0.00015840311008531724;4.295982689384034e-06;-49.54415813528686;49.999881816712694;13.899350987803304;194.56808042526245
test-corridor;uniform_random;constructed-self-constructing-unsafe;0;0.2;0.20000000000000015;0.20000000000000015;0.19965708598636592;-21.612001039159896;41.274671199881475;32.43522427001003;274.03504395484924
dpm;safe-iter-100;constructed-self-constructing-unsafe;0;0.2;7.842962250374102e-06;7.878836964175585e-06;0.22217813883338006;0.0007842962250374102;44.43572837452523;0.8285356205323321;113.97414803504944
collect;greedy-iter-500;constructed-self-constructing-unsafe;0;0.2;0.1999999999998025;0.1999999999998025;0.7467930646183558;33.241375687083476;41.12723901137757;10.596247412701048;211.81130719184875
slippy-drone;uniform_random;constructed-self-constructing-unsafe;0;0.2;0.00015877853507708647;0.00015877853507708647;4.296010951170737e-06;-49.54415773587016;49.999881816172795;13.89934113824204;194.4803192615509
dpm;safe-iter-100;constructed-self-constructing-unsafe;0;0.2;7.91301318970312e-06;7.949111303939577e-06;0.22217813388036728;0.0007913013189703121;44.43572840225792;0.8285154632851378;115.94783687591553
test-corridor;uniform_random;constructed-self-constructing-unsafe;0;0.2;0.20000000000000015;0.20000000000000015;0.1996606115235695;-21.611634626197677;41.274595428218504;32.43460343300321;273.6353621482849
dpm;safe-iter-100;constructed-self-constructing-unsafe;0;0.2;7.929496903284776e-06;7.965750891718363e-06;0.2221781330717723;0.0007929496903284775;44.43572839879682;0.8285106869417002;115.46802830696106
slippy-drone;uniform_random;constructed-self-constructing-unsafe;0;0.2;0.00017484442155767487;0.00017484442155767487;4.296453518121866e-06;-49.54413514127796;49.99988175400091;13.898900154472347;203.48706245422363
collect;greedy-iter-500;constructed-self-constructing-unsafe;0;0.2;0.1999999999998025;0.1999999999998025;0.7467930646183558;33.241375687083476;41.127239011377576;10.596247412701038;216.85536694526672
dpm;safe-iter-100;constructed-self-constructing-unsafe;0;0.2;8.004299263562422e-06;8.040586139372816e-06;0.22217812755081534;0.0008004299263562422;44.43572843361114;0.8284892166981912;117.76452708244324
test-corridor;uniform_random;constructed-self-constructing-unsafe;0;0.2;0.20000000000000015;0.20000000000000015;0.19967848418945344;-21.60920651747056;41.273908063245635;32.43356965132529;272.59069871902466
dpm;safe-iter-100;constructed-self-constructing-unsafe;0;0.2;8.049648411602987e-06;8.086110223669917e-06;0.22217812460816472;0.0008049648411602988;44.4357284457771;0.8284761472346812;118.3631579875946
slippy-drone;uniform_random;constructed-self-constructing-unsafe;0;0.2;0.00017500430648295705;0.00017500430648295705;4.296573248575115e-06;-49.54414509837131;49.99987722195446;13.898821720706755;207.0212368965149
dpm;safe-iter-100;constructed-self-constructing-unsafe;0;0.2;8.068678259521784e-06;8.105377515113191e-06;0.22217812374907436;0.0008068678259521786;44.435728444193906;0.8284706174081845;118.9673388004303
collect;greedy-iter-500;constructed-self-constructing-unsafe;0;0.2;0.1999999999998025;0.1999999999998025;0.7467930646183558;33.241375687083476;41.127239011377654;10.596247412701038;212.69850087165833
slippy-drone;uniform_random;constructed-self-constructing-unsafe;0;0.2;0.00017503395252554225;0.00017503395252554225;4.296593125429093e-06;-49.544146967874724;49.99987638175666;13.898806886135688;202.11918807029724
test-corridor;uniform_random;constructed-self-constructing-unsafe;0;0.2;0.20000000000000015;0.20000000000000015;0.19970233882648347;-21.60598813371713;41.2730154365895;32.432114180448686;279.8904972076416
dpm;safe-iter-100;constructed-self-constructing-unsafe;0;0.2;8.13379715167026e-06;8.170651948715807e-06;0.22217811889225253;0.0008133797151670262;44.43572846970659;0.8284518658421403;121.85856676101685
dpm;safe-iter-100;constructed-self-constructing-unsafe;0;0.2;8.215231134760779e-06;8.252249258118304e-06;0.22217811329736273;0.0008215231134760779;44.4357284949963;0.8284284514335342;124.90581250190735
slippy-drone;uniform_random;constructed-self-constructing-unsafe;0;0.2;0.00017606468835920584;0.00017606468835920584;4.296606543557316e-06;-49.54414950049211;49.99987635210965;13.898777459550004;210.4859540462494
dpm;safe-iter-100;constructed-self-constructing-unsafe;0;0.2;8.269656341453099e-06;8.306882165497667e-06;0.222178109487422;0.00082696563414531;44.435728507997446;0.8284127610893933;120.36189270019531
test-corridor;uniform_random;constructed-self-constructing-unsafe;0;0.2;0.20000000000000015;0.20000000000000015;0.19972142090465192;-21.603496000939984;41.27234458465857;32.43070905126504;281.7480969429016
collect;greedy-iter-500;constructed-self-constructing-unsafe;0;0.2;0.1999999999998025;0.1999999999998025;0.7467930646183558;33.241375687083476;41.12723901137771;10.596247412701045;212.6988606452942
dpm;safe-iter-100;constructed-self-constructing-unsafe;0;0.2;8.289279345629288e-06;8.32667189936225e-06;0.2221781085383438;0.0008289279345629289;44.435728505867274;0.8284070888000927;125.69099760055542
slippy-drone;uniform_random;constructed-self-constructing-unsafe;0;0.2;0.0001762901532845398;0.0001762901532845398;4.296630942454184e-06;-49.54415203201723;49.99987509123072;13.898750470961376;211.08041405677795
dpm;safe-iter-100;constructed-self-constructing-unsafe;0;0.2;8.3636808502625e-06;8.401212994647254e-06;0.2221781036337;0.0008363680850262501;44.43572852887298;0.8283857097309008;121.98110675811768
test-corridor;uniform_random;constructed-self-constructing-unsafe;0;0.2;0.20000000000000015;0.20000000000000015;0.19973092869887904;-21.60219118926125;41.271971956183265;32.430146409680226;283.24016976356506
collect;greedy-iter-500;constructed-self-constructing-unsafe;0;0.2;0.1999999999998025;0.1999999999998025;0.7467930646183558;33.241375687083476;41.127239011377725;10.596247412701034;219.33461904525757
slippy-drone;uniform_random;constructed-self-constructing-unsafe;0;0.2;0.00017631519651510057;0.00017631519651510057;4.296652484202811e-06;-49.544152948872906;49.99987468683326;13.898742984993472;211.4935564994812
dpm;safe-iter-100;constructed-self-constructing-unsafe;0;0.2;8.436781708760526e-06;8.47449515202474e-06;0.22217809880754297;0.0008436781708760524;44.43572854477526;0.8283646841970227;125.40682983398438
dpm;safe-iter-100;constructed-self-constructing-unsafe;0;0.2;8.449525317411913e-06;8.487394733270073e-06;0.22217809825516216;0.0008449525317411913;44.4357285421004;0.8283609959360979;125.55504775047302
test-corridor;uniform_random;constructed-self-constructing-unsafe;0;0.2;0.20000000000000015;0.20000000000000015;0.19974746437769023;-21.600023930641303;41.27138504551185;32.42896913376721;285.58831572532654
slippy-drone;uniform_random;constructed-self-constructing-unsafe;0;0.2;0.00017635021353026555;0.00017635021353026555;4.296654609754761e-06;-49.54415308958082;49.99987461197368;13.898740880008631;220.49385833740234
dpm;safe-iter-100;constructed-self-constructing-unsafe;0;0.2;8.55365852386738e-06;8.591612165291595e-06;0.22217809130069782;0.0008553658523867379;44.43572857484939;0.8283310943947829;126.30310130119324
collect;greedy-iter-500;constructed-self-constructing-unsafe;0;0.2;0.1999999999998025;0.1999999999998025;0.7467930646183558;33.241375687083476;41.127239011377796;10.596247412701029;215.51644158363342
dpm;safe-iter-100;constructed-self-constructing-unsafe;0;0.2;8.58598615589332e-06;8.624097706064155e-06;0.22217808921925125;0.000858598615589332;44.435728582699916;0.8283217985732249;126.11680150032043
slippy-drone;uniform_random;constructed-self-constructing-unsafe;0;0.2;0.00017771654614481632;0.00017771654614481632;4.2968933851301444e-06;-49.54415213794692;49.99987423478791;13.898700081762671;219.00890111923218
test-corridor;uniform_random;constructed-self-constructing-unsafe;0;0.2;0.20000000000000015;0.20000000000000015;0.19976464782212797;-21.597716161940557;41.270745975012055;32.42793176213994;285.35450649261475
dpm;safe-iter-100;constructed-self-constructing-unsafe;0;0.2;8.630937002537535e-06;8.669193045860257e-06;0.2221780857625144;0.0008630937002537535;44.43572859963161;0.828308879604915;126.84462642669678
slippy-drone;uniform_random;constructed-self-constructing-unsafe;0;0.2;0.00017774730797735756;0.00017774730797735756;4.296908538569842e-06;-49.54415396698568;49.99987344929019;13.898685653088448;221.87669491767883
collect;greedy-iter-500;constructed-self-constructing-unsafe;0;0.2;0.1999999999998025;0.1999999999998025;0.7467930646183558;33.241375687083476;41.12723901137788;10.59624741270103;224.74025464057922
dpm;safe-iter-100;constructed-self-constructing-unsafe;0;0.2;8.642088668823002e-06;8.680532415728512e-06;0.2221780853645316;0.0008642088668823003;44.435728596949666;0.8283056275206019;128.8749063014984
test-corridor;uniform_random;constructed-self-constructing-unsafe;0;0.2;0.20000000000000015;0.20000000000000015;0.1998008164295668;-21.592709662385847;41.26930310102762;32.42593226700075;289.78159046173096
dpm;safe-iter-100;constructed-self-constructing-unsafe;0;0.2;8.665659161027286e-06;8.704230599668731e-06;0.22217808396757716;0.0008665659161027285;44.43572859920191;0.8282988346577235;132.32868313789368
slippy-drone;uniform_random;constructed-self-constructing-unsafe;0;0.2;0.000177960854083584;0.000177960854083584;4.296930371092358e-06;-49.54415532559003;49.99987307174918;13.89867333641451;228.16612911224365
dpm;safe-iter-100;constructed-self-constructing-unsafe;0;0.2;8.695422819439312e-06;8.734102196301251e-06;0.2221780824019445;0.0008695422819439312;44.435728599210734;0.8282902659920808;130.3708267211914
collect;greedy-iter-500;constructed-self-constructing-unsafe;0;0.2;0.1999999999998025;0.1999999999998025;0.7467930646183558;33.241375687083476;41.12723901137786;10.596247412701027;215.42448806762695
test-corridor;uniform_random;constructed-self-constructing-unsafe;0;0.2;0.20000000000000015;0.20000000000000015;0.19980676878325906;-21.591944538266038;41.26907460312719;32.42529165893238;286.1842396259308
dpm;safe-iter-100;constructed-self-constructing-unsafe;0;0.2;8.73702996762226e-06;8.775875299800937e-06;0.22217808003561607;0.0008737029967622261;44.435728599552334;0.82827828803171;132.09979939460754
slippy-drone;uniform_random;constructed-self-constructing-unsafe;0;0.2;0.0001790003625663839;0.0001790003625663839;4.297063613575699e-06;-49.54415422982076;49.99987306938096;13.898646092661984;228.41952323913574
dpm;safe-iter-100;constructed-self-constructing-unsafe;0;0.2;8.771716398764409e-06;8.810768698299979e-06;0.22217807783955495;0.0008771716398764409;44.43572860652734;0.8282682786025752;132.01281809806824
collect;greedy-iter-500;constructed-self-constructing-unsafe;0;0.2;0.1999999999998025;0.1999999999998025;0.7467930646183558;33.241375687083476;41.12723901137805;10.596247412701018;213.75997018814087
test-corridor;uniform_random;constructed-self-constructing-unsafe;0;0.2;0.20000000000000015;0.20000000000000015;0.19984310749512507;-21.58686599264765;41.2675624751611;32.42313216991757;292.51718044281006
slippy-drone;uniform_random;constructed-self-constructing-unsafe;0;0.2;0.00017900666838506897;0.00017900666838506897;4.297064802893237e-06;-49.544154571161236;49.99987290941876;13.898643167008952;233.92027068138123
dpm;safe-iter-100;constructed-self-constructing-unsafe;0;0.2;8.805333739116713e-06;8.84455336484913e-06;0.22217807583110158;0.0008805333739116713;44.435728607568464;0.8282585879852657;133.04701471328735
dpm;safe-iter-100;constructed-self-constructing-unsafe;0;0.2;8.816945258163714e-06;8.856226323347509e-06;0.2221780753596216;0.0008816945258163715;44.435728605883135;0.8282552461810453;135.37234568595886
slippy-drone;uniform_random;constructed-self-constructing-unsafe;0;0.2;0.00018670770061396557;0.00018670770061396557;4.297344990377642e-06;-49.54414324335649;49.99987289395555;13.898430384690807;241.14535999298096
test-corridor;uniform_random;constructed-self-constructing-unsafe;0;0.2;0.20000000000000015;0.20000000000000015;0.19986653829097858;-21.583605733613812;41.26661235894621;32.42186054027232;290.2726991176605
collect;greedy-iter-500;constructed-self-constructing-unsafe;0;0.2;0.1999999999998025;0.1999999999998025;0.7467930646183558;33.241375687083476;41.127239011378066;10.596247412701016;212.7037582397461
dpm;safe-iter-100;constructed-self-constructing-unsafe;0;0.2;8.832448660850662e-06;8.871938370388978e-06;0.22217807462201689;0.0008832448660850663;44.435728600504504;0.8282507390890201;135.34087991714478
dpm;safe-iter-100;constructed-self-constructing-unsafe;0;0.2;8.859103719435509e-06;8.898768394399072e-06;0.22217807313309623;0.0008859103719435509;44.43572859823274;0.8282430377309608;137.80763816833496
slippy-drone;uniform_random;constructed-self-constructing-unsafe;0;0.2;0.00018676055577155398;0.00018676055577155398;4.297346963752242e-06;-49.5441433257111;49.99987282682747;13.898427810694011;241.09503316879272
test-corridor;uniform_random;constructed-self-constructing-unsafe;0;0.2;0.20000000000000015;0.20000000000000015;0.1998608508037117;-21.58441977877205;41.26682686903146;32.42189248642533;290.454452753067
dpm;safe-iter-100;constructed-self-constructing-unsafe;0;0.2;8.896481761974837e-06;8.936379886779793e-06;0.22217807098472636;0.0008896481761974836;44.43572860419598;0.828232249779126;136.47620487213135
collect;greedy-iter-500;constructed-self-constructing-unsafe;0;0.2;0.1999999999998025;0.1999999999998025;0.7467930646183558;33.241375687083476;41.127239011378045;10.596247412701029;217.50640845298767
slippy-drone;uniform_random;constructed-self-constructing-unsafe;0;0.2;0.00018691596786782008;0.00018691596786782008;4.297351356946902e-06;-49.54414315400406;49.9998728021549;13.898423233526366;243.0742084980011
dpm;safe-iter-100;constructed-self-constructing-unsafe;0;0.2;8.907112760723688e-06;8.947138622662261e-06;0.22217807051930555;0.0008907112760723687;44.43572859864908;0.8282291771796525;137.57387447357178
test-corridor;uniform_random;constructed-self-constructing-unsafe;0;0.2;0.20000000000000015;0.20000000000000015;0.19986879233857957;-21.58338630013902;41.266558349830454;32.42129162087902;298.1905791759491
dpm;safe-iter-100;constructed-self-constructing-unsafe;0;0.2;8.980810056771382e-06;9.020988176836808e-06;0.222178065281436;0.0008980810056771382;44.4357286290468;0.8282079770404738;138.83340525627136
slippy-drone;uniform_random;constructed-self-constructing-unsafe;0;0.2;0.0001869164208594981;0.0001869164208594981;4.297351415729918e-06;-49.544143175426036;49.9998727933117;13.89842307144767;245.3567566871643
collect;greedy-iter-500;constructed-self-constructing-unsafe;0;0.2;0.1999999999998025;0.1999999999998025;0.7467930646183558;33.241375687083476;41.12723901137803;10.596247412701048;216.7081491947174
dpm;safe-iter-100;constructed-self-constructing-unsafe;0;0.2;8.992805611509436e-06;9.033100722328464e-06;0.22217806479518598;0.0008992805611509438;44.43572862422919;0.828204511745935;139.68422508239746
test-corridor;uniform_random;constructed-self-constructing-unsafe;0;0.2;0.20000000000000015;0.20000000000000015;0.19987652673805034;-21.582345250401385;41.2662526254604;32.420675648897785;297.4847376346588
dpm;safe-iter-100;constructed-self-constructing-unsafe;0;0.2;9.044366983771412e-06;9.08484879907181e-06;0.2221780614700141;0.0009044366983771413;44.435728636437226;0.8281896671809093;143.8542320728302
slippy-drone;uniform_random;constructed-self-constructing-unsafe;0;0.2;0.00018961975271971512;0.00018961975271971512;4.297464821227887e-06;-49.54413974353174;49.99987276688492;13.898350333736717;250.53451871871948
dpm;safe-iter-100;constructed-self-constructing-unsafe;0;0.2;9.205959278600005e-06;9.246772770066922e-06;0.22217804836915755;0.0009205959278600002;44.43572873147627;0.8281431373485197;141.51158356666565
collect;greedy-iter-500;constructed-self-constructing-unsafe;0;0.2;0.1999999999998025;0.1999999999998025;0.7467930646183558;33.241375687083476;41.12723901137819;10.596247412701057;217.81212401390076
test-corridor;uniform_random;constructed-self-constructing-unsafe;0;0.2;0.20000000000000015;0.20000000000000015;0.19985906155936362;-21.58488623435567;41.26696932972098;32.42088457387224;300.9661240577698
slippy-drone;uniform_random;constructed-self-constructing-unsafe;0;0.2;0.00018966496782035191;0.00018966496782035191;4.297468498905601e-06;-49.54413985893165;49.999872684837705;13.898347772596466;248.53977704048157
dpm;safe-iter-100;constructed-self-constructing-unsafe;0;0.2;9.240447501432648e-06;9.281512699051635e-06;0.22217804623537912;0.0009240447501432647;44.43572873881504;0.8281331835783192;144.0944468975067
dpm;safe-iter-100;constructed-self-constructing-unsafe;0;0.2;9.257678063080164e-06;9.298859695878716e-06;0.22217804547875764;0.0009257678063080164;44.43572873304143;0.828128208265985;144.0976219177246
collect;greedy-iter-500;constructed-self-constructing-unsafe;0;0.2;0.1999999999998025;0.1999999999998025;0.7467962072766032;33.24170059747565;41.12722406841562;10.59616492251458;214.58562636375427
slippy-drone;uniform_random;constructed-self-constructing-unsafe;0;0.2;0.0001910543674428723;0.0001910543674428723;4.2974892255412355e-06;-49.54413870099445;49.99987267553999;13.898314056253646;251.31544995307922
test-corridor;uniform_random;constructed-self-constructing-unsafe;0;0.2;0.20000000000000015;0.20000000000000015;0.19987278228678595;-21.58310828680965;41.266496328997704;32.419659417057304;298.1004433631897
dpm;safe-iter-100;constructed-self-constructing-unsafe;0;0.2;9.27847016886467e-06;9.319826351006275e-06;0.22217804446331196;0.0009278470168864669;44.43572872952345;0.8281222067874752;153.82270002365112
dpm;safe-iter-100;constructed-self-constructing-unsafe;0;0.2;9.293090912238111e-06;9.3345415982458e-06;0.22217804382043324;0.0009293090912238112;44.43572872353362;0.8281179910320252;147.05895900726318
slippy-drone;uniform_random;constructed-self-constructing-unsafe;0;0.2;0.0001910568590552258;0.0001910568590552258;4.297489866311207e-06;-49.54413870380136;49.99987267479631;13.898313987527937;266.3303327560425
collect;greedy-iter-500;constructed-self-constructing-unsafe;0;0.2;0.1999999999998025;0.1999999999998025;0.7467962072766032;33.24170059747565;41.127224068415686;10.59616492251458;215.18485617637634
test-corridor;uniform_random;constructed-self-constructing-unsafe;0;0.2;0.20000000000000015;0.20000000000000015;0.19989055975163056;-21.5807351734329;41.265834628973245;32.41844623537545;299.7515859603882
dpm;safe-iter-100;constructed-self-constructing-unsafe;0;0.2;9.330956177391065e-06;9.372656777125411e-06;0.22217804142727052;0.0009330956177391065;44.435728730727064;0.8281070404072747;147.90215706825256
dpm;safe-iter-100;constructed-self-constructing-unsafe;0;0.2;9.344249290354443e-06;9.386133535307948e-06;0.222178040692385;0.0009344249290354443;44.4357287305978;0.8281031746789941;152.48169374465942
slippy-drone;uniform_random;constructed-self-constructing-unsafe;0;0.2;0.00019143681262960913;0.00019143681262960913;4.297798161261764e-06;-49.54415285906796;49.99986640853564;13.89820399542779;261.1929466724396
test-corridor;uniform_random;constructed-self-constructing-unsafe;0;0.2;0.20000000000000015;0.20000000000000015;0.19994319971529162;-21.57342735855973;41.26368764884833;32.41528300714515;300.1744735240936
collect;greedy-iter-500;constructed-self-constructing-unsafe;0;0.2;0.1999999999998025;0.1999999999998025;0.7467962072766032;33.24170059747565;41.12722406841565;10.59616492251458;218.66857767105103
dpm;safe-iter-100;constructed-self-constructing-unsafe;0;0.2;9.388156961806105e-06;9.430304994919544e-06;0.22217803740463826;0.0009388156961806105;44.43572874773841;0.8280904684446834;149.3090693950653
slippy-drone;uniform_random;constructed-self-constructing-unsafe;0;0.2;0.00019203926981692723;0.00019203926981692723;4.298039327337996e-06;-49.54415359006005;49.99986638214967;13.898190797376833;263.50969982147217
dpm;safe-iter-100;constructed-self-constructing-unsafe;0;0.2;9.407957183171511e-06;9.45031555387867e-06;0.2221780364406816;0.0009407957183171511;44.43572874763873;0.8280847371987656;158.57993388175964
test-corridor;uniform_random;constructed-self-constructing-unsafe;0;0.2;0.20000000000000015;0.20000000000000015;0.1999612808264355;-21.57100816799405;41.263027802689955;32.41408876262355;304.2919445037842
collect;greedy-iter-500;constructed-self-constructing-unsafe;0;0.2;0.1999999999998025;0.1999999999998025;0.7468003111071349;33.24213109028506;41.12719823645954;10.596041896259482;217.08554196357727
dpm;safe-iter-100;constructed-self-constructing-unsafe;0;0.2;9.43305594058078e-06;9.475565845798717e-06;0.22217803502692607;0.0009433055940580781;44.435728747676;0.8280774955165989;153.73962664604187
slippy-drone;uniform_random;constructed-self-constructing-unsafe;0;0.2;0.00019225327808587502;0.00019225327808587502;4.298042080199275e-06;-49.5441534039186;49.9998663160077;13.898184161331958;266.91653180122375
dpm;safe-iter-100;constructed-self-constructing-unsafe;0;0.2;9.451264644288603e-06;9.493857108392975e-06;0.22217803417715953;0.0009451264644288603;44.43572874485507;0.8280722547613539;154.79177618026733
test-corridor;uniform_random;constructed-self-constructing-unsafe;0;0.2;0.20000000000000015;0.20000000000000015;0.19996173000733242;-21.571024761307733;41.26303618207981;32.41376015870149;306.21720933914185
collect;greedy-iter-500;constructed-self-constructing-unsafe;0;0.2;0.1999999999998025;0.1999999999998025;0.7468003111071349;33.24213109028506;41.12719823645966;10.596041896259477;222.42286562919617
dpm;safe-iter-100;constructed-self-constructing-unsafe;0;0.2;9.467597359611242e-06;9.510254186026479e-06;0.2221780332906323;0.0009467597359611244;44.43572873914233;0.8280675494582269;153.52092027664185
slippy-drone;uniform_random;constructed-self-constructing-unsafe;0;0.2;0.00019232289979919303;0.00019232289979919303;4.298107476757559e-06;-49.544153792306616;49.999866097048844;13.898179222307121;271.08124470710754
dpm;safe-iter-100;constructed-self-constructing-unsafe;0;0.2;9.5160390835033e-06;9.558870296551736e-06;0.22217803025730237;0.0009516039083503303;44.43572874792065;0.8280536015881682;156.9526264667511
test-corridor;uniform_random;constructed-self-constructing-unsafe;0;0.2;0.20000000000000015;0.20000000000000015;0.1999814845782637;-21.56832526658383;41.26226020789474;32.412544726638565;306.80993938446045
slippy-drone;uniform_random;constructed-self-constructing-unsafe;0;0.2;0.00019270219511854437;0.00019270219511854437;4.298261313124153e-06;-49.54415502896989;49.99986572531714;13.898164492213468;275.24152064323425
collect;greedy-iter-500;constructed-self-constructing-unsafe;0;0.2;0.1999999999998025;0.1999999999998025;0.7468003111071349;33.24213109028506;41.12719823645962;10.596041896259473;218.7172179222107
dpm;safe-iter-100;constructed-self-constructing-unsafe;0;0.2;9.523973868582889e-06;9.567002522036459e-06;0.22217802990013974;0.0009523973868582889;44.43572874606105;0.8280512675142103;157.3861529827118
dpm;uniform_random;constructed-self-constructing-unsafe;0;0.2;0.001952750983588021;0.0019527509835880212;0.2218274076263848;0.18575640797752718;44.442382334570574;8.392765844970468;0.4793272018432617
dpm;uniform_random;constructed-self-constructing-unsafe;0;0.2;0.002719484143342962;0.002719484143342962;0.2216926283542397;0.258018352061121;44.444908758244225;8.1599977279821;0.6188976764678955
dpm;uniform_random;constructed-self-constructing-unsafe;0;0.2;0.002985826681231229;0.002985826681231228;0.22164710772749213;0.2830017542427832;44.445730173347954;8.080477494204093;0.7940623760223389
dpm;uniform_random;constructed-self-constructing-unsafe;0;0.2;0.0032151747411366042;0.0032151747411366034;0.22160787016477068;0.30422506267057475;44.446440636734444;8.012011111989334;1.001539945602417
dpm;uniform_random;constructed-self-constructing-unsafe;0;0.2;0.003348445018568992;0.0033484450185689903;0.22158532704218703;0.31697248734820016;44.446842891166284;7.972684465966111;1.2052278518676758
dpm;uniform_random;constructed-self-constructing-unsafe;0;0.2;0.0034855476169795225;0.00348554761697952;0.22156195152609875;0.3300569072865562;44.447264633541444;7.932178540016289;1.7165770530700684
dpm;uniform_random;constructed-self-constructing-unsafe;0;0.2;0.0036368151205923415;0.003636815120592339;0.22153632408525537;0.34441580838194774;44.44772419548818;7.887342263403336;1.6856887340545654
dpm;uniform_random;constructed-self-constructing-unsafe;0;0.2;0.0037586857492153966;0.003758685749215393;0.22151568100362629;0.3558860884825046;44.44809384634379;7.851393340707181;1.9845247268676758
dpm;uniform_random;constructed-self-constructing-unsafe;0;0.2;0.00384178856975343;0.0038417885697534277;0.22150165613246073;0.36384805076568383;44.44834382145548;7.827018851468575;2.286360263824463
dpm;uniform_random;constructed-self-constructing-unsafe;0;0.2;0.0039029833371865713;0.00390298333718657;0.22149142249937973;0.36959078618317603;44.44852360873234;7.809686608564225;2.562680959701538
dpm;uniform_random;constructed-self-constructing-unsafe;0;0.2;0.003974136642318375;0.003974136642318373;0.22147951555972212;0.3764473307140066;44.44873365365452;7.788858592436613;2.959300994873047
dpm;uniform_random;constructed-self-constructing-unsafe;0;0.2;0.0040395188019923985;0.004039518801992397;0.22146855203288263;0.38263302245966646;44.448927587390656;7.769854926861488;3.253082036972046
dpm;uniform_random;constructed-self-constructing-unsafe;0;0.2;0.00408844824968549;0.004088448249685487;0.22146031222786897;0.38726865449348236;44.44907404081466;7.7563792948639065;3.683349370956421
dpm;uniform_random;constructed-self-constructing-unsafe;0;0.2;0.00414023880445199;0.004140238804451988;0.22145163651001176;0.39198224608663;44.44922734008842;7.741911152088909;4.549914836883545
dpm;uniform_random;constructed-self-constructing-unsafe;0;0.2;0.004186450165080702;0.0041864501650807;0.22144399828777783;0.39624606443673216;44.449360179416175;7.728668755085553;4.791657447814941
dpm;uniform_random;constructed-self-constructing-unsafe;0;0.2;0.00422836160364529;0.004228361603645287;0.22143698903904716;0.3999792665735373;44.449483705337215;7.7169873013800885;5.143606901168823
dpm;uniform_random;constructed-self-constructing-unsafe;0;0.2;0.004286708427329771;0.004286708427329768;0.22142731342609695;0.40551299216720216;44.449652632134374;7.700087490676588;5.279224872589111
dpm;uniform_random;constructed-self-constructing-unsafe;0;0.2;0.004325752834262187;0.004325752834262184;0.22142082496362;0.4092204159810474;44.44976618609668;7.689036680152695;5.78311562538147
dpm;uniform_random;constructed-self-constructing-unsafe;0;0.2;0.004358941802461812;0.004358941802461809;0.2214153689786318;0.4123556632482406;44.44986025141178;7.6794446231892675;6.277833461761475
test-corridor;uniform_random;constructed-self-constructing-unsafe;0;0.2;0.20000000000000015;0.20000000000000015;0.19998324595426453;-21.56813203318093;41.26220329159977;32.412199322716965;311.23112058639526
dpm;uniform_random;constructed-self-constructing-unsafe;0;0.2;0.004389935419780798;0.0043899354197807945;0.2214102543124566;0.41507906987638943;44.44994886749077;7.670514636784079;6.859385251998901
dpm;uniform_random;constructed-self-constructing-unsafe;0;0.2;0.004418026701535429;0.0044180267015354255;0.22140566416519564;0.41772364575852494;44.45002737660249;7.6624173366732675;7.305463075637817
dpm;uniform_random;constructed-self-constructing-unsafe;0;0.2;0.004463514791715548;0.004463514791715546;0.22139806185959918;0.42213962758790463;44.450161470426146;7.649447486360017;7.94344687461853
dpm;uniform_random;constructed-self-constructing-unsafe;0;0.2;0.004509358719539527;0.004509358719539523;0.22139046473389706;0.42656741988550984;44.45029440936975;7.636415886040291;8.47903323173523
dpm;uniform_random;constructed-self-constructing-unsafe;0;0.2;0.004538534348245408;0.004538534348245405;0.2213856450849028;0.4290766340864982;44.4503782592223;7.628272062048624;8.944555759429932
dpm;uniform_random;constructed-self-constructing-unsafe;0;0.2;0.004577948667511723;0.004577948667511721;0.2213790785689315;0.4329571365747493;44.45049360296033;7.616600832162549;9.959879875183105
slippy-drone;uniform_random;constructed-self-constructing-unsafe;0;0.2;0.00019270516153625336;0.00019270516153625336;4.298269890846527e-06;-49.54415526688409;49.99986561547739;13.89816262961743;281.9608898162842
dpm;uniform_random;constructed-self-constructing-unsafe;0;0.2;0.004606725115373283;0.00460672511537328;0.22137430208864833;0.4356085500271812;44.45057718746383;7.608528149504367;10.604333639144897
dpm;uniform_random;constructed-self-constructing-unsafe;0;0.2;0.004634081290699089;0.004634081290699086;0.22136979721568678;0.438176996722764;44.450655013344935;7.600717155191024;11.0637526512146
dpm;uniform_random;constructed-self-constructing-unsafe;0;0.2;0.004671180553631973;0.004671180553631971;0.22136366525685197;0.4416990003023584;44.45076162646092;7.590194565782162;11.78396987915039
dpm;uniform_random;constructed-self-constructing-unsafe;0;0.2;0.0046981682730681314;0.004698168273068129;0.22135925386472768;0.4442157912864398;44.45083741066181;7.582449872502341;12.309920072555542
dpm;uniform_random;constructed-self-constructing-unsafe;0;0.2;0.0047233720529718665;0.004723372052971863;0.2213551043873806;0.4464428758286184;44.450909114883636;7.575407970738195;12.809916257858276
collect;greedy-iter-500;constructed-self-constructing-unsafe;0;0.2;0.1999999999998025;0.1999999999998025;0.7468003111071349;33.24213109028506;41.12719823645965;10.596041896259473;221.08111882209778
dpm;uniform_random;constructed-self-constructing-unsafe;0;0.2;0.00474836201670906;0.004748362016709057;0.2213510050208179;0.44865754690948256;44.45097972755303;7.568189810532489;13.933813333511353
dpm;uniform_random;constructed-self-constructing-unsafe;0;0.2;0.0047691230121193005;0.004769123012119298;0.22134762673015837;0.4505425308641897;44.45103746029735;7.562182768162094;14.156417608261108
dpm;uniform_random;constructed-self-constructing-unsafe;0;0.2;0.00479029969562684;0.004790299695626838;0.22134418210953855;0.4525285066096466;44.45109623459335;7.555987029205202;14.827524662017822
dpm;uniform_random;constructed-self-constructing-unsafe;0;0.2;0.00481593755086571;0.004815937550865708;0.22133994422636072;0.4547807763906397;44.45116995014485;7.548673290847513;15.532118558883667
dpm;uniform_random;constructed-self-constructing-unsafe;0;0.2;0.004842999240118025;0.004842999240118022;0.22133547348562674;0.4573503568360018;44.45124784875809;7.541026362482805;16.96925926208496
dpm;uniform_random;constructed-self-constructing-unsafe;0;0.2;0.004868832888372912;0.004868832888372909;0.22133121095282365;0.4599053471194954;44.45132196619234;7.533605003870134;17.544246912002563
test-corridor;uniform_random;constructed-self-constructing-unsafe;0;0.2;0.20000000000000015;0.20000000000000015;0.20001018977891866;-21.564628325359642;41.26123434191849;32.40967149943398;320.57491159439087
dpm;uniform_random;constructed-self-constructing-unsafe;0;0.2;0.004891724752658332;0.00489172475265833;0.22132745812071739;0.46196601982852403;44.45138668754697;7.5270342302663495;17.93737292289734
dpm;uniform_random;constructed-self-constructing-unsafe;0;0.2;0.004910310410125953;0.004910310410125952;0.22132440679436977;0.46363678839759004;44.45143938125875;7.521751354104079;18.561635494232178
dpm;uniform_random;constructed-self-constructing-unsafe;0;0.2;0.004930107962419868;0.004930107962419866;0.221321239445121;0.4654704085156983;44.45149229987312;7.516009690181833;19.67493462562561
slippy-drone;uniform_random;constructed-self-constructing-unsafe;0;0.2;0.00019272586559946966;0.00019272586559946966;4.298290407137419e-06;-49.544155504507565;49.99986550391674;13.898160373048805;285.44563698768616
dpm;uniform_random;constructed-self-constructing-unsafe;0;0.2;0.0049548947078249935;0.004954894707824991;0.22131719961191995;0.4678000204036175;44.45156147653775;7.508752861359939;20.908878803253174
dpm;uniform_random;constructed-self-constructing-unsafe;0;0.2;0.004971401429357635;0.004971401429357632;0.22131452355611983;0.4693538603075711;44.45160698877764;7.503887789331431;21.679559469223022
dpm;uniform_random;constructed-self-constructing-unsafe;0;0.2;0.004990343363179302;0.0049903433631793;0.22131142407074467;0.47120846244335823;44.451660413339646;7.49852077979239;22.456981420516968
dpm;uniform_random;constructed-self-constructing-unsafe;0;0.2;0.005006941748986893;0.005006941748986891;0.22130875409557987;0.4727840435608982;44.45170543398483;7.493584551782116;23.255717992782593
collect;greedy-iter-500;constructed-self-constructing-unsafe;0;0.2;0.1999999999998025;0.1999999999998025;0.7468003111071349;33.24213109028506;41.1271982364596;10.596041896259473;219.14445185661316
dpm;uniform_random;constructed-self-constructing-unsafe;0;0.2;0.005027435181848726;0.005027435181848724;0.22130538857463986;0.47472443626762195;44.45176365441726;7.487755762226878;24.49124526977539
dpm;uniform_random;constructed-self-constructing-unsafe;0;0.2;0.005040996089904838;0.005040996089904834;0.22130321145564963;0.4760494690764079;44.451800169849506;7.48388497588637;25.131433486938477
dpm;uniform_random;constructed-self-constructing-unsafe;0;0.2;0.005053069449598537;0.005053069449598534;0.2213013126339483;0.47716873316332487;44.45183119753326;7.480365787285189;25.66088318824768
dpm;uniform_random;constructed-self-constructing-unsafe;0;0.2;0.0050654593133042415;0.005065459313304239;0.2212993114997558;0.47831299600531435;44.4518650481217;7.47693644264506;27.017277717590332
test-corridor;uniform_random;constructed-self-constructing-unsafe;0;0.2;0.20000000000000015;0.20000000000000015;0.20002427485802046;-21.56278965314985;41.260728714368746;32.40873161396148;314.8347189426422
dpm;uniform_random;constructed-self-constructing-unsafe;0;0.2;0.005076531042214831;0.005076531042214829;0.22129754963884066;0.4793478479151245;44.45189430066143;7.473698671992942;27.8688063621521
slippy-drone;uniform_random;constructed-self-constructing-unsafe;0;0.2;0.00019636663880099293;0.00019636663880099293;4.299499333102746e-06;-49.544162400106295;49.99986063460404;13.897990882092298;292.0546324253082
dpm;uniform_random;constructed-self-constructing-unsafe;0;0.2;0.0050921198614205816;0.005092119861420579;0.2212950365981653;0.48081621192678714;44.45193675982123;7.469257883460004;28.810236930847168
dpm;uniform_random;constructed-self-constructing-unsafe;0;0.2;0.005105917564639332;0.00510591756463933;0.22129280525124495;0.4820208016979364;44.451974683620435;7.465361236023643;29.483835458755493
dpm;uniform_random;constructed-self-constructing-unsafe;0;0.2;0.005118761683562499;0.005118761683562496;0.22129076488929258;0.4832845056809528;44.45200852462585;7.461597586665274;30.62503981590271
dpm;uniform_random;constructed-self-constructing-unsafe;0;0.2;0.005135222841442261;0.00513522284144226;0.2212881130208973;0.4848108385756693;44.45205327445215;7.456735174487246;31.610716342926025
dpm;uniform_random;constructed-self-constructing-unsafe;0;0.2;0.00515205445549828;0.0051520544554982785;0.221285367131541;0.48645188925610305;44.45210036539031;7.45185734737559;32.83836364746094
collect;greedy-iter-500;constructed-self-constructing-unsafe;0;0.2;0.1999999999998025;0.1999999999998025;0.7468003111071349;33.24213109028506;41.12719823645968;10.596041896259475;223.42118740081787
dpm;uniform_random;constructed-self-constructing-unsafe;0;0.2;0.005168451706464343;0.005168451706464341;0.22128271500071695;0.48798703449161374;44.452145461701086;7.447117317430683;33.8288209438324
dpm;uniform_random;constructed-self-constructing-unsafe;0;0.2;0.005180554621495118;0.005180554621495116;0.22128079356834554;0.48911151782693957;44.45217722483206;7.4436647446297695;35.035478830337524
test-corridor;uniform_random;constructed-self-constructing-unsafe;0;0.2;0.20000000000000015;0.20000000000000015;0.20010589517983612;-21.551617456778892;41.257583211516355;32.40405604625603;316.54775738716125
dpm;uniform_random;constructed-self-constructing-unsafe;0;0.2;0.0051960539658699985;0.005196053965869998;0.22127829098767823;0.4905760710783045;44.45221968339847;7.439089512088694;36.52733588218689
slippy-drone;uniform_random;constructed-self-constructing-unsafe;0;0.2;0.0001963695145803441;0.0001963695145803441;4.299502077947475e-06;-49.54416243443222;49.99986062166478;13.897990598647374;290.7708020210266
dpm;uniform_random;constructed-self-constructing-unsafe;0;0.2;0.005217416985639581;0.005217416985639579;0.22127477920442568;0.49264320087323943;44.45228060213828;7.433098363846025;39.38319802284241
dpm;uniform_random;constructed-self-constructing-unsafe;0;0.2;0.005228640491065083;0.0052286404910650815;0.221272992089277;0.4937285592421977;44.45231026508724;7.429932541972273;38.63881969451904
dpm;uniform_random;constructed-self-constructing-unsafe;0;0.2;0.005245425102106613;0.005245425102106612;0.22127022173008465;0.49516195210013075;44.45235859120239;7.425136524366228;39.78930878639221
dpm;uniform_random;constructed-self-constructing-unsafe;0;0.2;0.005261164737069415;0.005261164737069413;0.22126763514719064;0.49672663334879186;44.45240334104125;7.420562472279094;41.10064077377319
dpm;uniform_random;constructed-self-constructing-unsafe;0;0.2;0.005281647877494021;0.005281647877494021;0.22126428230897927;0.498544742350843;44.45246114748203;7.414716078076276;41.99891257286072
collect;greedy-iter-500;constructed-self-constructing-unsafe;0;0.2;0.1999999999998025;0.1999999999998025;0.7468003111071349;33.24213109028506;41.12719823645969;10.596041896259475;217.84598350524902
dpm;uniform_random;constructed-self-constructing-unsafe;0;0.2;0.005297043254383273;0.005297043254383272;0.221261796175734;0.4999587160952781;44.452503290537095;7.410341486847358;44.03161311149597
slippy-drone;uniform_random;constructed-self-constructing-unsafe;0;0.2;0.00021517199457427168;0.00021517199457427168;4.2997356077486846e-06;-49.54414227441165;49.999860586411025;13.897505837928326;291.49116492271423
test-corridor;uniform_random;constructed-self-constructing-unsafe;0;0.2;0.20000000000000015;0.20000000000000015;0.20011591599744263;-21.55033130770493;41.257253341833106;32.40323503040184;315.38708877563477
dpm;uniform_random;constructed-self-constructing-unsafe;0;0.2;0.005310950840495577;0.005310950840495575;0.22125956474972924;0.5013045428675424;44.4525407680492;7.40630502518842;44.99252486228943
dpm;uniform_random;constructed-self-constructing-unsafe;0;0.2;0.005322504076616916;0.005322504076616915;0.22125774926930525;0.5024013636917188;44.452570471149585;7.402929529980012;47.625173807144165
dpm;uniform_random;constructed-self-constructing-unsafe;0;0.2;0.005334481770842659;0.005334481770842657;0.2212558224143878;0.5034170290833642;44.452602921026916;7.399575023254662;48.10755658149719
dpm;uniform_random;constructed-self-constructing-unsafe;0;0.2;0.005344084002600315;0.005344084002600313;0.2212542944197026;0.504332690323224;44.45262827106021;7.39678192016041;48.04654669761658
dpm;uniform_random;constructed-self-constructing-unsafe;0;0.2;0.005353596225269704;0.0053535962252697035;0.22125279130237394;0.5052166173367683;44.45265304198224;7.39408104421642;49.69593095779419
collect;greedy-iter-500;constructed-self-constructing-unsafe;0;0.2;0.1999999999998025;0.1999999999998025;0.7468003111071349;33.24213109028506;41.12719823645978;10.596041896259475;217.96952724456787
dpm;uniform_random;constructed-self-constructing-unsafe;0;0.2;0.0053678826812450925;0.005367882681245091;0.22125046164068357;0.5065760311721741;44.45269301687863;7.389979529612352;51.46316409111023
slippy-drone;uniform_random;constructed-self-constructing-unsafe;0;0.2;0.00021524332217485504;0.00021524332217485504;4.299771942295063e-06;-49.544142173520726;49.99986058552898;13.897503899737277;300.18421149253845
test-corridor;uniform_random;constructed-self-constructing-unsafe;0;0.2;0.20000000000000015;0.20000000000000015;0.20013255672681995;-21.548168035482025;41.256684043485976;32.40198165311925;316.5171208381653
dpm;uniform_random;constructed-self-constructing-unsafe;0;0.2;0.005379227557375954;0.005379227557375952;0.22124863246544718;0.50766308338005;44.452723967241035;7.386637129417084;52.4243004322052
dpm;uniform_random;constructed-self-constructing-unsafe;0;0.2;0.005393043552191995;0.005393043552191994;0.22124642799351907;0.5089200524872105;44.45276080700234;7.382672182245892;55.240554332733154
dpm;uniform_random;constructed-self-constructing-unsafe;0;0.2;0.005403123132262944;0.005403123132262942;0.2212448347049728;0.5098928707817558;44.45278704930312;7.379698349974445;55.05589318275452
dpm;uniform_random;constructed-self-constructing-unsafe;0;0.2;0.005414324504316289;0.0054143245043162865;0.22124304276695034;0.5109690577924727;44.45281705692117;7.376500347630803;56.260169506073
dpm;uniform_random;constructed-self-constructing-unsafe;0;0.2;0.005426505246299496;0.005426505246299495;0.22124109516496238;0.5121471053170017;44.45284966915881;7.372975252865429;57.825865030288696
slippy-drone;uniform_random;constructed-self-constructing-unsafe;0;0.2;0.00021526109713329556;0.00021526109713329556;4.299782939466798e-06;-49.544143707908745;49.99985989178336;13.897491828584958;306.4002254009247
collect;greedy-iter-500;constructed-self-constructing-unsafe;0;0.2;0.1999999999998025;0.1999999999998025;0.7468003111071349;33.24213109028506;41.12719823645982;10.596041896259475;219.494934797287
test-corridor;uniform_random;constructed-self-constructing-unsafe;0;0.2;0.20000000000000015;0.20000000000000015;0.2001451895017293;-21.546469741774228;41.256217110124354;32.40120883107525;323.1948161125183
dpm;uniform_random;constructed-self-constructing-unsafe;0;0.2;0.005432746655198106;0.0054327466551981046;0.22124011402413046;0.5127594330862524;44.452865688912354;7.371189052306171;58.92649698257446
dpm;uniform_random;constructed-self-constructing-unsafe;0;0.2;0.005443252180805307;0.005443252180805306;0.2212384300911676;0.5136885800672693;44.452893942904176;7.368164299568249;60.40264558792114
dpm;uniform_random;constructed-self-constructing-unsafe;0;0.2;0.005450689536095333;0.005450689536095332;0.22123726361576312;0.5143996408037577;44.45291295154859;7.366023482855748;62.46847605705261
dpm;uniform_random;constructed-self-constructing-unsafe;0;0.2;0.00546407095407068;0.00546407095407068;0.22123514244727227;0.5156666095857245;44.45294805920161;7.362091412477437;65.61435985565186
slippy-drone;uniform_random;constructed-self-constructing-unsafe;0;0.2;0.00021558089285669227;0.00021558089285669227;4.299798560499809e-06;-49.54414411741356;49.999859556652055;13.897478097456075;307.1188666820526
dpm;uniform_random;constructed-self-constructing-unsafe;0;0.2;0.005473251106717071;0.00547325110671707;0.22123369067088705;0.5165433761467886;44.45297203993692;7.359466425690316;65.93699097633362
test-corridor;uniform_random;constructed-self-constructing-unsafe;0;0.2;0.20000000000000015;0.20000000000000015;0.20017795356409812;-21.54215803093861;41.25508509970837;32.39871196015147;320.66405153274536
collect;greedy-iter-500;constructed-self-constructing-unsafe;0;0.2;0.1999999999998025;0.1999999999998025;0.7468003111071349;33.24213109028506;41.1271982364597;10.596041896259473;225.09313321113586
dpm;uniform_random;constructed-self-constructing-unsafe;0;0.2;0.005482864699853067;0.005482864699853066;0.22123215511401106;0.5174552955632485;44.45299774444943;7.356733603136264;67.59477853775024
dpm;uniform_random;constructed-self-constructing-unsafe;0;0.2;0.005492526046788885;0.005492526046788884;0.22123063550470295;0.5183819930864666;44.45302260705611;7.353923473188978;69.12596201896667
dpm;uniform_random;constructed-self-constructing-unsafe;0;0.2;0.005501780840122923;0.005501780840122922;0.22122915629443055;0.519265217412642;44.453047386659776;7.351240588153829;69.64348125457764
slippy-drone;uniform_random;constructed-self-constructing-unsafe;0;0.2;0.00021563599936298401;0.00021563599936298401;4.299810618946915e-06;-49.5441442599306;49.99985955479047;13.897477405463436;311.66308331489563
dpm;uniform_random;constructed-self-constructing-unsafe;0;0.2;0.005512258653422766;0.005512258653422766;0.22122748114965812;0.5202271183581124;44.45307542295391;7.34819990204017;71.21501898765564
test-corridor;uniform_random;constructed-self-constructing-unsafe;0;0.2;0.20000000000000015;0.20000000000000015;0.200188268887777;-21.540854562826308;41.25473939950994;32.39789284925689;321.1469328403473
collect;greedy-iter-500;constructed-self-constructing-unsafe;0;0.2;0.1999999999998025;0.1999999999998025;0.7468003111071349;33.24213109028506;41.12719823645974;10.59604189625948;219.47158813476562
dpm;uniform_random;constructed-self-constructing-unsafe;0;0.2;0.0055229697594838655;0.005522969759483864;0.2212257559181759;0.5211498068696381;44.4531045822488;7.345198030101615;73.09406518936157
dpm;uniform_random;constructed-self-constructing-unsafe;0;0.2;0.005530922464447464;0.005530922464447462;0.2212244890732235;0.5219393116689067;44.45312568415342;7.342855972961506;74.82776641845703
dpm;uniform_random;constructed-self-constructing-unsafe;0;0.2;0.005539656069504325;0.005539656069504324;0.22122312236997776;0.5227998771716653;44.45314788474677;7.340268171225045;77.806636095047
slippy-drone;uniform_random;constructed-self-constructing-unsafe;0;0.2;0.00022511546129075848;0.00022511546129075848;4.299823031596401e-06;-49.544157345513696;49.99985942030392;13.897378897611947;322.7104697227478
dpm;uniform_random;constructed-self-constructing-unsafe;0;0.2;0.005545953946213145;0.0055459539462131445;0.2212221393612705;0.5234018735189958;44.453163799451715;7.33843960266921;77.37269115447998
test-corridor;uniform_random;constructed-self-constructing-unsafe;0;0.2;0.20000000000000015;0.20000000000000015;0.20021562423182876;-21.53710534544803;41.25365606012392;32.396118801801876;321.6956160068512
dpm;uniform_random;constructed-self-constructing-unsafe;0;0.2;0.005555570780363114;0.005555570780363112;0.22122060668207624;0.5242410000384219;44.45318936754134;7.335667544419101;79.09211683273315
collect;greedy-iter-500;constructed-self-constructing-unsafe;0;0.2;0.1999999999998025;0.1999999999998025;0.7468993397129552;33.252534262616955;41.12659632314725;10.592792218707606;226.3295557498932
dpm;uniform_random;constructed-self-constructing-unsafe;0;0.2;0.0055638392915604105;0.005563839291560409;0.2212192895168462;0.5250048225899212;44.45321130907232;7.333357432161807;81.14917778968811
dpm;uniform_random;constructed-self-constructing-unsafe;0;0.2;0.0055717688394886075;0.005571768839488607;0.22121802317755201;0.5257745996302166;44.453232448371665;7.331058600302778;84.23376441001892
slippy-drone;uniform_random;constructed-self-constructing-unsafe;0;0.2;0.000225289992908928;0.000225289992908928;4.299871669133444e-06;-49.54416226271141;49.99985718191689;13.897337001749184;319.8889751434326
test-corridor;uniform_random;constructed-self-constructing-unsafe;0;0.2;0.20000000000000015;0.20000000000000015;0.20021696381713422;-21.536946688878746;41.253598410608625;32.39599438120233;327.3628280162811
dpm;uniform_random;constructed-self-constructing-unsafe;0;0.2;0.005579278522226728;0.005579278522226727;0.22121683444206464;0.5264339429995012;44.45325206283802;7.328916370519584;84.12224960327148
dpm;uniform_random;constructed-self-constructing-unsafe;0;0.2;0.005588650292033842;0.005588650292033842;0.2212153593446038;0.5272997976227258;44.453276293036396;7.326234003973803;85.57240533828735
collect;greedy-iter-500;constructed-self-constructing-unsafe;0;0.2;0.1999999999998025;0.1999999999998025;0.7468993397129552;33.252534262616955;41.12659632314721;10.592792218707608;221.06102561950684
dpm;uniform_random;constructed-self-constructing-unsafe;0;0.2;0.00559576853284035;0.005595768532840349;0.22121422544011377;0.5279957751604735;44.45329513181651;7.324162390580399;87.37686204910278
dpm;uniform_random;constructed-self-constructing-unsafe;0;0.2;0.005602143783251636;0.005602143783251636;0.22121323512263996;0.5286005785527319;44.45331109138487;7.322268052385137;90.17395615577698
slippy-drone;uniform_random;constructed-self-constructing-unsafe;0;0.2;0.00023484030608445102;0.00023484030608445102;4.300122943151927e-06;-49.54414875940585;49.99985717873286;13.897076951468984;331.09949564933777
dpm;uniform_random;constructed-self-constructing-unsafe;0;0.2;0.00561101061522362;0.005611010615223619;0.22121183710876197;0.5294419224209674;44.45333409270796;7.319725686501778;90.56820845603943
collect;greedy-iter-500;constructed-self-constructing-unsafe;0;0.2;0.1999999999998025;0.1999999999998025;0.7468993397129552;33.252534262616955;41.12659632314736;10.592792218707599;221.41922307014465
dpm;uniform_random;constructed-self-constructing-unsafe;0;0.2;0.005619085653855647;0.005619085653855647;0.22121054397635942;0.5301937117352639;44.45335580121724;7.317400964539491;92.21019506454468
dpm;uniform_random;constructed-self-constructing-unsafe;0;0.2;0.0056291616780745094;0.0056291616780745094;0.22120892803548486;0.5311475455794857;44.453382938759376;7.31452222636829;94.76378655433655
slippy-drone;uniform_random;constructed-self-constructing-unsafe;0;0.2;0.0002391661058226728;0.0002391661058226728;4.300452019001008e-06;-49.544156167492815;49.99985685907446;13.897010958647616;322.92793893814087
dpm;uniform_random;constructed-self-constructing-unsafe;0;0.2;0.005642811000153863;0.005642811000153864;0.2212067026436365;0.5323424598342976;44.45342117300156;7.3107552748823945;96.33330035209656
dpm;uniform_random;constructed-self-constructing-unsafe;0;0.2;0.005650120687116804;0.0056501206871168025;0.22120556695708987;0.5330624565713928;44.45343950777797;7.3085857196710995;97.4025890827179
collect;greedy-iter-500;constructed-self-constructing-unsafe;0;0.2;0.1999999999998025;0.1999999999998025;0.7468993397129552;33.252534262616955;41.1265963231473;10.592792218707608;230.35597133636475
dpm;uniform_random;constructed-self-constructing-unsafe;0;0.2;0.005659554953491667;0.0056595549534916665;0.22120406462775533;0.5339646142490007;44.45346457003384;7.305829038052707;99.27795481681824
slippy-drone;uniform_random;constructed-self-constructing-unsafe;0;0.2;0.00023918833319037827;0.00023918833319037827;4.300457213674962e-06;-49.54415630233669;49.99985682716898;13.897010159388424;323.66460824012756
dpm;uniform_random;constructed-self-constructing-unsafe;0;0.2;0.005669711501641894;0.005669711501641895;0.22120244373419695;0.5349260230658417;44.45349164514392;7.3028856521474;103.47933006286621
dpm;uniform_random;constructed-self-constructing-unsafe;0;0.2;0.005677577623757648;0.005677577623757648;0.2212012207570297;0.5356669154787292;44.45351139937751;7.300562538853144;102.52441263198853
collect;greedy-iter-500;constructed-self-constructing-unsafe;0;0.2;0.1999999999998025;0.1999999999998025;0.7468993397129552;33.252534262616955;41.12659632314728;10.592792218707608;222.5909399986267
dpm;uniform_random;constructed-self-constructing-unsafe;0;0.2;0.0056860768825539604;0.0056860768825539604;0.22119988108513133;0.5364646381174439;44.453533431864;7.298115416473227;104.55025172233582
slippy-drone;uniform_random;constructed-self-constructing-unsafe;0;0.2;0.00023919110218227095;0.00023919110218227095;4.300458063160476e-06;-49.544156535933936;49.99985672342547;13.897008303493674;328.91700410842896
dpm;uniform_random;constructed-self-constructing-unsafe;0;0.2;0.005693593350049726;0.0056935933500497264;0.22119869862625346;0.5371644125274477;44.45355282518928;7.295959746181741;107.64876627922058
dpm;uniform_random;constructed-self-constructing-unsafe;0;0.2;0.005700498094837211;0.005700498094837212;0.22119760567527375;0.5378087211580751;44.45357088336552;7.2940187346611305;110.27539420127869
collect;greedy-iter-500;constructed-self-constructing-unsafe;0;0.2;0.1999999999998025;0.1999999999998025;0.7468993397129552;33.252534262616955;41.126596323147325;10.592792218707608;233.5247859954834
dpm;uniform_random;constructed-self-constructing-unsafe;0;0.2;0.005708842613647979;0.005708842613647979;0.2211962986111662;0.5386043414930664;44.45359222839128;7.291579963651373;111.01066207885742
slippy-drone;uniform_random;constructed-self-constructing-unsafe;0;0.2;0.00023929961277109325;0.00023929961277109325;4.300866418605443e-06;-49.54416060048108;49.9998548914083;13.896976346063058;333.2949252128601
dpm;uniform_random;constructed-self-constructing-unsafe;0;0.2;0.005716937694214649;0.00571693769421465;0.22119502310164668;0.5393520044170512;44.453613227996414;7.289277149547503;112.75109672546387
dpm;uniform_random;constructed-self-constructing-unsafe;0;0.2;0.0057271144800937574;0.005727114480093758;0.22119340670382664;0.5403297143015295;44.45364012246507;7.286272681553722;116.05302286148071
collect;greedy-iter-500;constructed-self-constructing-unsafe;0;0.2;0.1999999999998025;0.1999999999998025;0.7469028632038157;33.25290387765535;41.126574144195025;10.592686590104748;236.34639739990234
dpm;uniform_random;constructed-self-constructing-unsafe;0;0.2;0.005734424199042033;0.005734424199042034;0.2211922573489667;0.5410123444127852;44.45365895837253;7.284183463590807;116.92038798332214
slippy-drone;uniform_random;constructed-self-constructing-unsafe;0;0.2;0.00023973320844647715;0.00023973320844647715;4.301047660393813e-06;-49.54416474892473;49.999853058004305;13.896937917766156;338.9860339164734
dpm;uniform_random;constructed-self-constructing-unsafe;0;0.2;0.005743984992819796;0.005743984992819796;0.2211907350313297;0.5419250867025871;44.45368434084885;7.281393036341304;120.27955722808838
dpm;uniform_random;constructed-self-constructing-unsafe;0;0.2;0.005750806601709716;0.005750806601709717;0.2211896544630332;0.5425829323816793;44.453702193483075;7.279448409838208;121.94713640213013
collect;greedy-iter-500;constructed-self-constructing-unsafe;0;0.2;0.1999999999998025;0.1999999999998025;0.7469028632038157;33.25290387765535;41.12657414419512;10.592686590104748;219.81303334236145
slippy-drone;uniform_random;constructed-self-constructing-unsafe;0;0.2;0.0002422087192739088;0.0002422087192739088;4.301061241842122e-06;-49.544169524085014;49.9998524461653;13.896905265416967;338.94678020477295
dpm;uniform_random;constructed-self-constructing-unsafe;0;0.2;0.005757557717338251;0.005757557717338251;0.2211886011935662;0.5432383410213659;44.45371926653257;7.277464082161928;124.68847393989563
dpm;uniform_random;constructed-self-constructing-unsafe;0;0.2;0.005764681501450625;0.005764681501450625;0.22118748243811476;0.5439108063654658;44.45373756864693;7.275395000880871;129.72372698783875
collect;greedy-iter-500;constructed-self-constructing-unsafe;0;0.2;0.1999999999998025;0.1999999999998025;0.7469028632038157;33.25290387765535;41.12657414419508;10.592686590104757;224.37180185317993
dpm;uniform_random;constructed-self-constructing-unsafe;0;0.2;0.005771174631193465;0.005771174631193466;0.22118645522961503;0.5445568387607957;44.45375451357099;7.273556918505651;138.56114220619202
slippy-drone;uniform_random;constructed-self-constructing-unsafe;0;0.2;0.0002432315939102922;0.0002432315939102922;4.301126862657278e-06;-49.54417167143269;49.99985206521775;13.896888103791179;344.2087433338165
dpm;uniform_random;constructed-self-constructing-unsafe;0;0.2;0.005779911926599508;0.005779911926599508;0.22118507271124768;0.5454045199591375;44.45377737263253;7.271076091977984;130.9219810962677
dpm;uniform_random;constructed-self-constructing-unsafe;0;0.2;0.005786481090432505;0.005786481090432505;0.22118404382292606;0.546036608432345;44.45379411808058;7.269209084861899;130.79951453208923
collect;greedy-iter-500;constructed-self-constructing-unsafe;0;0.2;0.1999999999998025;0.1999999999998025;0.7469130501637835;33.25400075202824;41.126484611955014;10.59206192127494;221.14557003974915
slippy-drone;uniform_random;constructed-self-constructing-unsafe;0;0.2;0.0002445934699893687;0.0002445934699893687;4.3019090144090756e-06;-49.54417540107752;49.99984949903811;13.896813668816653;345.4974117279053
dpm;uniform_random;constructed-self-constructing-unsafe;0;0.2;0.00579357674678407;0.005793576746784072;0.22118290180171146;0.5467105872159982;44.45381341367334;7.267167845433445;135.82353830337524
dpm;uniform_random;constructed-self-constructing-unsafe;0;0.2;0.0058002485453267;0.005800248545326701;0.22118184916607864;0.547321235080683;44.45383072647468;7.265261869840138;139.49797821044922
collect;greedy-iter-500;constructed-self-constructing-unsafe;0;0.2;0.1999999999998025;0.1999999999998025;0.74691776006015;33.25450462280056;41.1264469495695;10.591899522595103;221.8451054096222
dpm;uniform_random;constructed-self-constructing-unsafe;0;0.2;0.005806072776622426;0.005806072776622426;0.22118093281779064;0.5478530924137507;44.45384576286868;7.263603175352168;139.48992037773132
slippy-drone;uniform_random;constructed-self-constructing-unsafe;0;0.2;0.0002445990188361865;0.0002445990188361865;4.3019097682137345e-06;-49.54417541965734;49.99984949664911;13.896813580326173;349.5075762271881
dpm;uniform_random;constructed-self-constructing-unsafe;0;0.2;0.005811932862587637;0.005811932862587638;0.22118002183722305;0.5484024476977862;44.45386044137709;7.261884959700834;143.06824374198914
dpm;uniform_random;constructed-self-constructing-unsafe;0;0.2;0.005820937115299024;0.005820937115299024;0.22117860803724343;0.5492813088451762;44.45388358361372;7.259238323975864;143.2562336921692
collect;greedy-iter-500;constructed-self-constructing-unsafe;0;0.2;0.1999999999998025;0.1999999999998025;0.746937565781314;33.25658525726693;41.12632656690686;10.591249587084707;222.50800204277039
slippy-drone;uniform_random;constructed-self-constructing-unsafe;0;0.2;0.00024474437189156466;0.00024474437189156466;4.301972844858682e-06;-49.544180563610716;49.99984720577905;13.896771363966346;356.5770614147186
dpm;uniform_random;constructed-self-constructing-unsafe;0;0.2;0.0058268393177896526;0.005826839317789653;0.22117768836291116;0.5498417356783094;44.45389847872572;7.257518894250655;146.12982749938965
dpm;uniform_random;constructed-self-constructing-unsafe;0;0.2;0.0058322675192425556;0.005832267519242557;0.22117683703084398;0.5503546968331154;44.45391236318356;7.2559703318102;145.18771958351135
collect;greedy-iter-500;constructed-self-constructing-unsafe;0;0.2;0.1999999999998025;0.1999999999998025;0.746937565781314;33.25658525726693;41.12632656690689;10.591249587084707;225.68383646011353
dpm;uniform_random;constructed-self-constructing-unsafe;0;0.2;0.00583849616445856;0.005838496164458562;0.22117586885610604;0.5509320814685952;44.45392804082752;7.25416562558535;148.70693850517273
slippy-drone;uniform_random;constructed-self-constructing-unsafe;0;0.2;0.00024511451610239194;0.00024511451610239194;4.302063530026941e-06;-49.54418421926336;49.99984545094542;13.896732614209606;360.7746772766113
dpm;uniform_random;constructed-self-constructing-unsafe;0;0.2;0.005848338003323938;0.00584833800332394;0.2211743226633423;0.5518438076347987;44.45395342114429;7.251305856813977;152.29599618911743
collect;greedy-iter-500;constructed-self-constructing-unsafe;0;0.2;0.1999999999998025;0.1999999999998025;0.7471761634535024;33.28181373914564;41.1247136349618;10.58327034760708;229.61194562911987
dpm;uniform_random;constructed-self-constructing-unsafe;0;0.2;0.005855390709610863;0.005855390709610864;0.22117320318426212;0.5524795087609887;44.45397197265463;7.249321555240351;154.81677198410034
slippy-drone;uniform_random;constructed-self-constructing-unsafe;0;0.2;0.0002451413172183531;0.0002451413172183531;4.302082226848852e-06;-49.54418658040574;49.99984440907899;13.896716637727899;372.84707021713257
dpm;uniform_random;constructed-self-constructing-unsafe;0;0.2;0.005861695616113349;0.00586169561611335;0.2211722237098123;0.5531021270355165;44.453987799407905;7.2474611268724205;156.89666986465454
collect;greedy-iter-500;constructed-self-constructing-unsafe;0;0.2;0.1999999999998025;0.1999999999998025;0.7471761634535024;33.28181373914564;41.124713634961836;10.58327034760708;225.15293526649475
dpm;uniform_random;constructed-self-constructing-unsafe;0;0.2;0.005866641797712374;0.005866641797712374;0.22117144335945144;0.5535644669333346;44.45400062102046;7.246059297699053;157.2858419418335
slippy-drone;uniform_random;constructed-self-constructing-unsafe;0;0.2;0.0002479523863228133;0.0002479523863228133;4.302978485941163e-06;-49.5441914973644;49.99984368622269;13.896654269013936;367.6148250102997
dpm;uniform_random;constructed-self-constructing-unsafe;0;0.2;0.005875155210599814;0.005875155210599815;0.22117010016765268;0.5543606784344662;44.45402275575219;7.243587463190412;164.91727542877197
dpm;uniform_random;constructed-self-constructing-unsafe;0;0.2;0.005883651249624476;0.0058836512496244775;0.22116874762239955;0.5551742247583947;44.454045270292156;7.2411935837765276;165.81645703315735
collect;greedy-iter-500;constructed-self-constructing-unsafe;0;0.2;0.19999999999992193;0.19999999999992193;0.7471761634535714;33.28181373915249;41.12471363496178;10.583270347605694;220.97073245048523
dpm;uniform_random;constructed-self-constructing-unsafe;0;0.2;0.00588850003148122;0.005888500031481222;0.22116800026013764;0.5556424796846149;44.454057229073946;7.239765044624889;164.86374616622925
slippy-drone;uniform_random;constructed-self-constructing-unsafe;0;0.2;0.00024848838578923524;0.00024848838578923524;4.3032139738351325e-06;-49.54419221740496;49.99984364048025;13.896641739848818;373.9022305011749
dpm;uniform_random;constructed-self-constructing-unsafe;0;0.2;0.005893777416538145;0.005893777416538148;0.22116717925421897;0.5561215061267344;44.454070476812326;7.238228394921683;166.9485867023468
collect;greedy-iter-500;constructed-self-constructing-unsafe;0;0.2;0.19999999999992193;0.19999999999992193;0.7471761634535714;33.28181373915249;41.124713634961864;10.583270347605694;227.918785572052
dpm;uniform_random;constructed-self-constructing-unsafe;0;0.2;0.005900578200952426;0.005900578200952427;0.2211661224061935;0.5567911708083821;44.45408753874954;7.236211087722625;169.6113817691803
slippy-drone;uniform_random;constructed-self-constructing-unsafe;0;0.2;0.00024902499798243224;0.00024902499798243224;4.303220990895015e-06;-49.54419158574064;49.999843566530174;13.896625901601587;379.3841254711151
dpm;uniform_random;constructed-self-constructing-unsafe;0;0.2;0.00590490717894817;0.005904907178948171;0.22116545433709417;0.5571835432004943;44.4540982398944;7.234959776265396;170.79852080345154
collect;greedy-iter-500;constructed-self-constructing-unsafe;0;0.2;0.19999999999992193;0.19999999999992193;0.7471761634535714;33.28181373915249;41.12471363496188;10.583270347605712;225.08266615867615
dpm;uniform_random;constructed-self-constructing-unsafe;0;0.2;0.0059106739535711396;0.005910673953571142;0.2211645473542108;0.5577352499454179;44.45411312458284;7.233307349956339;173.19009113311768
slippy-drone;uniform_random;constructed-self-constructing-unsafe;0;0.2;0.00024915284472723937;0.00024915284472723937;4.30419476433787e-06;-49.54420277823612;49.999838379928484;13.896542196410266;381.9674117565155
dpm;uniform_random;constructed-self-constructing-unsafe;0;0.2;0.005916456352295811;0.005916456352295813;0.2211636401311431;0.5582686350279342;44.454127964941875;7.231652135683171;178.25450015068054
collect;greedy-iter-500;constructed-self-constructing-unsafe;0;0.2;0.19999999999992193;0.19999999999992193;0.7472370868300264;33.28834627846063;41.12418991229953;10.58147036147198;230.89943671226501
dpm;uniform_random;constructed-self-constructing-unsafe;0;0.2;0.005923574885113424;0.005923574885113426;0.22116251833875056;0.5589710433824292;44.45414645033803;7.229632275337976;186.75821995735168
slippy-drone;uniform_random;constructed-self-constructing-unsafe;0;0.2;0.00024936522709770244;0.00024936522709770244;4.304198068401602e-06;-49.54420282538395;49.99983823449913;13.896533637404191;385.6779808998108
collect;greedy-iter-500;constructed-self-constructing-unsafe;0;0.2;0.19999999999992193;0.19999999999992193;0.7472370868300264;33.28834627846063;41.124189912299535;10.58147036147198;229.77161026000977
dpm;uniform_random;constructed-self-constructing-unsafe;0;0.2;0.005930578081178434;0.005930578081178436;0.22116142697452085;0.5596448139898592;44.454164159993404;7.227571986624516;181.9450318813324
dpm;uniform_random;constructed-self-constructing-unsafe;0;0.2;0.005936047789043045;0.005936047789043046;0.22116056861490202;0.5601460990555185;44.45417818597562;7.226014176521777;186.2291944026947
slippy-drone;uniform_random;constructed-self-constructing-unsafe;0;0.2;0.0002501263141396122;0.0002501263141396122;4.304207366072545e-06;-49.54420189701868;49.999838153807886;13.896511768731717;399.2779014110565
collect;greedy-iter-500;constructed-self-constructing-unsafe;0;0.2;0.19999999999992193;0.19999999999992193;0.7472370868300264;33.28834627846063;41.124189912299556;10.581470361471979;223.29048013687134
dpm;uniform_random;constructed-self-constructing-unsafe;0;0.2;0.005943185002105995;0.005943185002105998;0.2211594492053778;0.5608205217820506;44.45419650009091;7.223941804936602;185.81000781059265
dpm;uniform_random;constructed-self-constructing-unsafe;0;0.2;0.005946639943504015;0.005946639943504016;0.22115890541137084;0.5611314162283733;44.45420541263562;7.222963912953025;187.6572241783142
collect;greedy-iter-500;constructed-self-constructing-unsafe;0;0.2;0.19999999999995924;0.19999999999995924;0.7472370868300264;33.288346278460594;41.124189912299634;10.581470361471592;224.81893634796143
slippy-drone;uniform_random;constructed-self-constructing-unsafe;0;0.2;0.00025277341728103777;0.00025277341728103777;4.304335034437663e-06;-49.54419843571264;49.99983814753797;13.896440466986858;404.9341824054718
dpm;uniform_random;constructed-self-constructing-unsafe;0;0.2;0.005951063418086032;0.005951063418086034;0.22115821999780802;0.5615339321985908;44.45421643916199;7.22168894666063;192.95298552513123
dpm;uniform_random;constructed-self-constructing-unsafe;0;0.2;0.005958753751246347;0.005958753751246349;0.22115700164658378;0.5622179879708702;44.45423661445926;7.219427491202404;194.22264909744263
collect;greedy-iter-500;constructed-self-constructing-unsafe;0;0.2;0.19999999999995924;0.19999999999995924;0.7472370868300264;33.288346278460594;41.12418991229968;10.581470361471592;234.5130181312561
slippy-drone;uniform_random;constructed-self-constructing-unsafe;0;0.2;0.0002548797688773994;0.0002548797688773994;4.304455307206673e-06;-49.544196122278876;49.999838017124404;13.89638290106363;401.1635711193085
dpm;uniform_random;constructed-self-constructing-unsafe;0;0.2;0.0059641698669205675;0.005964169866920568;0.22115614889829588;0.5627313177247392;44.454250622736005;7.217900446328784;196.34821701049805
dpm;uniform_random;constructed-self-constructing-unsafe;0;0.2;0.005971376790851975;0.005971376790851976;0.22115501840907206;0.5634251793963378;44.45426911725945;7.215828435432445;201.4166066646576
collect;greedy-iter-500;constructed-self-constructing-unsafe;0;0.2;0.19999999999995924;0.19999999999995924;0.7472370868300264;33.288346278460594;41.1241899122997;10.581470361471597;225.75987339019775
slippy-drone;uniform_random;constructed-self-constructing-unsafe;0;0.2;0.00025491121059716376;0.00025491121059716376;4.304466739543318e-06;-49.54419649310098;49.99983786865227;13.896379617035134;403.84091567993164
dpm;uniform_random;constructed-self-constructing-unsafe;0;0.2;0.005977094237371111;0.005977094237371113;0.22115412950883734;0.5639762631403117;44.454283476285084;7.214133029623673;203.9387059211731
collect;greedy-iter-500;constructed-self-constructing-unsafe;0;0.2;0.19999999999995924;0.19999999999995924;0.7472370868300264;33.288346278460594;41.12418991229975;10.581470361471602;231.36080741882324
dpm;uniform_random;constructed-self-constructing-unsafe;0;0.2;0.005983754553545862;0.005983754553545864;0.22115308105148396;0.5646008947843127;44.454300679389576;7.2121957623531205;204.29893851280212
slippy-drone;uniform_random;constructed-self-constructing-unsafe;0;0.2;0.0002606676154355702;0.0002606676154355702;4.3058674732287605e-06;-49.54419034928416;49.99983784364676;13.896227552074103;402.23868584632874
dpm;uniform_random;constructed-self-constructing-unsafe;0;0.2;0.0059910025191364236;0.005991002519136425;0.22115194551053632;0.5652995384041877;44.45431924427074;7.210107828262377;208.58511567115784
collect;greedy-iter-500;constructed-self-constructing-unsafe;0;0.2;0.19999999999995924;0.19999999999995924;0.7473343080240761;33.298741975916364;41.1234165984496;10.578138569302995;237.93279790878296
dpm;uniform_random;constructed-self-constructing-unsafe;0;0.2;0.005995546018626456;0.005995546018626459;0.22115123731040398;0.5657255944243261;44.45433071703472;7.208789947149348;207.17350316047668
slippy-drone;uniform_random;constructed-self-constructing-unsafe;0;0.2;0.000260675852891622;0.000260675852891622;4.305869937279786e-06;-49.54419066113018;49.9998377201161;13.896225601460708;406.11516070365906
dpm;uniform_random;constructed-self-constructing-unsafe;0;0.2;0.006001419561507822;0.006001419561507824;0.22115031199136842;0.5662409360686955;44.45434592521284;7.207129346920782;214.55295276641846
collect;greedy-iter-500;constructed-self-constructing-unsafe;0;0.2;0.19999999999995924;0.19999999999995924;0.7473343080240761;33.298741975916364;41.123416598449595;10.578138569303002;226.65366220474243
dpm;uniform_random;constructed-self-constructing-unsafe;0;0.2;0.006008044710437673;0.006008044710437676;0.22114927352967267;0.5668416754746217;44.454362919286375;7.205239980477175;217.24268579483032
slippy-drone;uniform_random;constructed-self-constructing-unsafe;0;0.2;0.0002606997858539606;0.0002606997858539606;4.30589442069912e-06;-49.544191343648436;49.999837416508335;13.896219866149732;411.3952374458313
collect;greedy-iter-500;constructed-self-constructing-unsafe;0;0.2;0.19999999999995924;0.19999999999995924;0.7473343080240761;33.298741975916364;41.12341659844959;10.578138569302999;229.93771195411682
dpm;uniform_random;constructed-self-constructing-unsafe;0;0.2;0.006012255070080303;0.006012255070080306;0.22114862319504064;0.5672538529193146;44.45437334880632;7.204025673258349;217.56690335273743
dpm;uniform_random;constructed-self-constructing-unsafe;0;0.2;0.006018734113123174;0.006018734113123175;0.2211476008637439;0.5678791219779304;44.45439018679237;7.202126559267413;220.2859809398651
slippy-drone;uniform_random;constructed-self-constructing-unsafe;0;0.2;0.0002608958618049118;0.0002608958618049118;4.306011059582787e-06;-49.54420147740333;49.99983274364058;13.896137615129515;415.748095035553
collect;greedy-iter-500;constructed-self-constructing-unsafe;0;0.2;0.19999999999995924;0.19999999999995924;0.7473343080240761;33.298741975916364;41.123416598449595;10.578138569303002;225.5422396659851
dpm;uniform_random;constructed-self-constructing-unsafe;0;0.2;0.006023411600181319;0.006023411600181322;0.22114687107525613;0.5683058289726605;44.45440201672166;7.200796227995489;222.8292944431305
collect;greedy-iter-500;constructed-self-constructing-unsafe;0;0.2;0.19999999999995924;0.19999999999995924;0.7473343080240761;33.298741975916364;41.12341659844978;10.578138569303011;229.42673015594482
dpm;uniform_random;constructed-self-constructing-unsafe;0;0.2;0.006031260663222198;0.006031260663222201;0.22114562960791212;0.5690491570594306;44.45442249605442;7.19856143607954;223.9885060787201
slippy-drone;uniform_random;constructed-self-constructing-unsafe;0;0.2;0.00026091384749697796;0.00026091384749697796;4.306042758236648e-06;-49.54420157167551;49.999832710622215;13.896137054110783;424.3371202945709
dpm;uniform_random;constructed-self-constructing-unsafe;0;0.2;0.006037932220005026;0.006037932220005029;0.221144581307137;0.5696848170502775;44.45443967699576;7.1966443493444725;232.50506949424744
collect;greedy-iter-500;constructed-self-constructing-unsafe;0;0.2;0.19999999999995924;0.19999999999995924;0.7473385012924931;33.299189922119176;41.123382108776376;10.578005772681847;226.17966866493225
slippy-drone;uniform_random;constructed-self-constructing-unsafe;0;0.2;0.0002609721969004383;0.0002609721969004383;4.306064824334549e-06;-49.544201705965335;49.999832660837775;13.89613489802068;428.62490677833557
dpm;uniform_random;constructed-self-constructing-unsafe;0;0.2;0.0060430036198459765;0.006043003619845979;0.22114378395032577;0.5701753054674557;44.45445276256273;7.195193604213631;238.16613292694092
collect;greedy-iter-500;constructed-self-constructing-unsafe;0;0.2;0.19999999999995924;0.19999999999995924;0.7473385012924931;33.299189922119176;41.12338210877632;10.578005772681847;227.5037398338318
dpm;uniform_random;constructed-self-constructing-unsafe;0;0.2;0.006048598075403503;0.006048598075403505;0.22114290732150543;0.5706947212538496;44.45446708325766;7.193607240301779;235.1405086517334
slippy-drone;uniform_random;constructed-self-constructing-unsafe;0;0.2;0.00026401306326279865;0.00026401306326279865;4.306131192520956e-06;-49.544197408789664;49.99983261181181;13.896051025816941;430.65371465682983
dpm;uniform_random;constructed-self-constructing-unsafe;0;0.2;0.006053766806195805;0.006053766806195808;0.22114209802356005;0.5711975241061409;44.454480270327494;7.192125091739492;239.9885995388031
collect;greedy-iter-500;constructed-self-constructing-unsafe;0;0.2;0.19999999999995924;0.19999999999995924;0.7473385012924931;33.299189922119176;41.12338210877631;10.578005772681838;226.880024433136
dpm;uniform_random;constructed-self-constructing-unsafe;0;0.2;0.006060401495109788;0.00606040149510979;0.22114105304276407;0.5718364557148855;44.45449746237849;7.190222345901343;240.29726600646973
slippy-drone;uniform_random;constructed-self-constructing-unsafe;0;0.2;0.00026411185822590406;0.00026411185822590406;4.306138368229243e-06;-49.54419734633592;49.999832594727835;13.89604814218386;432.77133440971375
collect;greedy-iter-500;constructed-self-constructing-unsafe;0;0.2;0.19999999999995924;0.19999999999995924;0.7473385012924931;33.299189922119176;41.1233821087763;10.578005772681838;226.61523365974426
dpm;uniform_random;constructed-self-constructing-unsafe;0;0.2;0.0060651626381484375;0.006065162638148441;0.22114030820573727;0.5722693474935826;44.45450960286731;7.1888644715805645;245.03586649894714
dpm;uniform_random;constructed-self-constructing-unsafe;0;0.2;0.006069796833704235;0.006069796833704236;0.22113958774798437;0.5726833501546802;44.454521253825824;7.187511055025178;243.17062544822693
collect;greedy-iter-500;constructed-self-constructing-unsafe;0;0.2;0.19999999999995924;0.19999999999995924;0.7473430335590912;33.299656971943996;41.123361862487506;10.57787511167433;228.77029132843018
slippy-drone;uniform_random;constructed-self-constructing-unsafe;0;0.2;0.00026424308797184823;0.00026424308797184823;4.306156891068126e-06;-49.5442077527709;49.999827286489264;13.895957160024338;473.6783835887909
dpm;uniform_random;constructed-self-constructing-unsafe;0;0.2;0.0060757858690553565;0.006075785869055359;0.22113864544969428;0.5732395462251428;44.45453672995932;7.1857888596379835;251.48863530158997
collect;greedy-iter-500;constructed-self-constructing-unsafe;0;0.2;0.19999999999995924;0.19999999999995924;0.7473430335590912;33.299656971943996;41.12336186248751;10.57787511167433;229.25418162345886
dpm;uniform_random;constructed-self-constructing-unsafe;0;0.2;0.006079541512737235;0.006079541512737239;0.22113806393550375;0.5736046846979694;44.454546080704475;7.1846821709964175;252.93971800804138
slippy-drone;uniform_random;constructed-self-constructing-unsafe;0;0.2;0.0002643151938421768;0.0002643151938421768;4.3061623665680445e-06;-49.54420770534034;49.99982727281326;13.895955065564344;443.17374897003174
collect;greedy-iter-500;constructed-self-constructing-unsafe;0;0.2;0.19999999999995924;0.19999999999995924;0.7473430335590912;33.299656971943996;41.12336186248746;10.57787511167433;228.39210391044617
dpm;uniform_random;constructed-self-constructing-unsafe;0;0.2;0.006083366108971989;0.006083366108971991;0.22113747367929043;0.573962407300778;44.45455552769253;7.183575003117483;252.30400276184082
slippy-drone;uniform_random;constructed-self-constructing-unsafe;0;0.2;0.00026506808213349654;0.00026506808213349654;4.306176703599292e-06;-49.54420852527089;49.99982640274132;13.895920434039011;445.6921501159668
dpm;uniform_random;constructed-self-constructing-unsafe;0;0.2;0.0060886569856083116;0.006088656985608315;0.22113664546504608;0.5744855151137179;44.454569030048475;7.182081317862025;257.86119174957275
collect;greedy-iter-500;constructed-self-constructing-unsafe;0;0.2;0.19999999999995924;0.19999999999995924;0.747343033559091;33.29965697194398;41.12336186248744;10.577875111674322;248.9404411315918
dpm;uniform_random;constructed-self-constructing-unsafe;0;0.2;0.00609217947228524;0.006092179472285242;0.22113609643986973;0.5748152607384545;44.45457792786725;7.181074742024222;263.04604172706604
slippy-drone;uniform_random;constructed-self-constructing-unsafe;0;0.2;0.00026567507864217713;0.00026567507864217713;4.3061952169284616e-06;-49.54420935043702;49.99982640218524;13.895914223678725;448.74189949035645
collect;greedy-iter-500;constructed-self-constructing-unsafe;0;0.2;0.19999999999995924;0.19999999999995924;0.7474372314864195;33.309734387390115;41.122608614774194;10.57462713807762;229.60805702209473
dpm;uniform_random;constructed-self-constructing-unsafe;0;0.2;0.006096801888868866;0.006096801888868869;0.22113537205761297;0.5752424217352727;44.45458976425103;7.1797264488511345;264.7555592060089
collect;greedy-iter-500;constructed-self-constructing-unsafe;0;0.2;0.19999999999995924;0.19999999999995924;0.7474372314864195;33.309734387390115;41.12260861477418;10.57462713807762;227.16319036483765
dpm;uniform_random;constructed-self-constructing-unsafe;0;0.2;0.006101051863990552;0.006101051863990556;0.2211347048585747;0.5756252089075261;44.45460069348268;7.178528870983521;272.2580692768097
slippy-drone;uniform_random;constructed-self-constructing-unsafe;0;0.2;0.000265762846835113;0.000265762846835113;4.306321387246637e-06;-49.544211636556064;49.999825337027715;13.895897768971558;469.67529225349426
dpm;uniform_random;constructed-self-constructing-unsafe;0;0.2;0.006106399187056981;0.006106399187056985;0.22113387127354062;0.5761310123122646;44.45461421912489;7.176969376808833;270.5912084579468
collect;greedy-iter-500;constructed-self-constructing-unsafe;0;0.2;0.19999999999995924;0.19999999999995924;0.7474372314864195;33.309734387390115;41.12260861477409;10.57462713807762;229.15117001533508
slippy-drone;uniform_random;constructed-self-constructing-unsafe;0;0.2;0.00030171807861311897;0.00030171807861311897;4.306406465185672e-06;-49.544260608574334;49.999825282766906;13.895551788649662;464.0875961780548
dpm;uniform_random;constructed-self-constructing-unsafe;0;0.2;0.006110617563902536;0.00611061756390254;0.22113321327949403;0.5765294845394562;44.454624888387706;7.175752733787039;275.49911069869995
collect;greedy-iter-500;constructed-self-constructing-unsafe;0;0.2;0.19999999999995924;0.19999999999995924;0.7474372314864195;33.309734387390115;41.122608614774286;10.574627138077629;230.0463752746582
dpm;uniform_random;constructed-self-constructing-unsafe;0;0.2;0.006114534175962116;0.0061145341759621195;0.22113259656866213;0.5768799996382896;44.45463502898479;7.174656594213878;276.18060183525085
slippy-drone;uniform_random;constructed-self-constructing-unsafe;0;0.2;0.00030174676333999287;0.00030174676333999287;4.306414743531716e-06;-49.54426062115293;49.99982528232595;13.895551120960334;461.1918933391571
collect;greedy-iter-500;constructed-self-constructing-unsafe;0;0.2;0.19999999999995924;0.19999999999995924;0.7474372314864195;33.309734387390115;41.12260861477423;10.574627138077632;233.48302173614502
dpm;uniform_random;constructed-self-constructing-unsafe;0;0.2;0.006119858048347453;0.006119858048347456;0.22113176707179563;0.5774042212481423;44.454648468943155;7.173069820549154;275.83237886428833
dpm;uniform_random;constructed-self-constructing-unsafe;0;0.2;0.006122725869817442;0.006122725869817446;0.22113131207924044;0.5776623239628496;44.45465596678326;7.172277099244313;282.42044401168823
collect;greedy-iter-500;constructed-self-constructing-unsafe;0;0.2;0.19999999999995924;0.19999999999995924;0.7474372314864195;33.309734387390115;41.122608614774244;10.574627138077629;231.49384021759033
slippy-drone;uniform_random;constructed-self-constructing-unsafe;0;0.2;0.0003072772804471155;0.0003072772804471155;4.306418533334986e-06;-49.544268151247316;49.99982527758124;13.895498541312675;472.09969878196716
dpm;uniform_random;constructed-self-constructing-unsafe;0;0.2;0.00612670158447872;0.006126701584478722;0.22113068284902213;0.5780415535549996;44.454666345938676;7.171113846290167;283.6186742782593
collect;greedy-iter-500;constructed-self-constructing-unsafe;0;0.2;0.19999999999995924;0.19999999999995924;0.7474372314864195;33.309734387390115;41.12260861477422;10.574627138077615;229.514004945755
slippy-drone;uniform_random;constructed-self-constructing-unsafe;0;0.2;0.0003072802839284965;0.0003072802839284965;4.306418668670205e-06;-49.54426814859098;49.99982527725696;13.895498458195327;479.1335837841034
dpm;uniform_random;constructed-self-constructing-unsafe;0;0.2;0.0061310283787988015;0.006131028378798805;0.22113001516758474;0.5784473742394508;44.454677029995594;7.169842474147941;289.2653315067291
collect;greedy-iter-500;constructed-self-constructing-unsafe;0;0.2;0.19999999999995924;0.19999999999995924;0.7474372314864195;33.309734387390115;41.12260861477428;10.574627138077624;229.72275352478027
dpm;uniform_random;constructed-self-constructing-unsafe;0;0.2;0.006135533374193047;0.00613553337419305;0.2211293120774665;0.578859822931548;44.45468846525439;7.168547387806834;292.2309355735779
slippy-drone;uniform_random;constructed-self-constructing-unsafe;0;0.2;0.00030746840509211716;0.00030746840509211716;4.3064810582249235e-06;-49.54426780736991;49.999825188713686;13.895479424210588;476.9698212146759
collect;greedy-iter-500;constructed-self-constructing-unsafe;0;0.2;0.19999999999995924;0.19999999999995924;0.7474372314864195;33.309734387390115;41.1226086147743;10.57462713807764;243.9947633743286
dpm;uniform_random;constructed-self-constructing-unsafe;0;0.2;0.006140115223109336;0.00614011522310934;0.22112859786122668;0.5793175099305284;44.454700068392775;7.16721780756985;294.8474705219269
collect;greedy-iter-500;constructed-self-constructing-unsafe;0;0.2;0.19999999999995924;0.19999999999995924;0.7474372314864195;33.309734387390115;41.12260861477442;10.574627138077627;229.91649222373962
dpm;uniform_random;constructed-self-constructing-unsafe;0;0.2;0.006144552241802298;0.0061445522418023014;0.22112790634251836;0.5797577322543395;44.45471129246047;7.165941036558817;294.8141689300537
slippy-drone;uniform_random;constructed-self-constructing-unsafe;0;0.2;0.0003099846843584215;0.0003099846843584215;4.306688955259495e-06;-49.54426855905636;49.99982356853505;13.895385758136456;485.6671826839447
dpm;uniform_random;constructed-self-constructing-unsafe;0;0.2;0.006148785403186793;0.006148785403186797;0.22112725430374192;0.5801747797649843;44.45472170350179;7.164679182571929;296.2283601760864
collect;greedy-iter-500;constructed-self-constructing-unsafe;0;0.2;0.19999999999995924;0.19999999999995924;0.7474372314864195;33.309734387390115;41.1226086147745;10.574627138077627;233.118727684021
slippy-drone;uniform_random;constructed-self-constructing-unsafe;0;0.2;0.0003103602665132283;0.0003103602665132283;4.307013951683729e-06;-49.54427433463348;49.99982140717876;13.895348412034867;498.61495089530945
dpm;uniform_random;constructed-self-constructing-unsafe;0;0.2;0.006153859585228124;0.0061538595852281275;0.2211264658954828;0.5806440598437879;44.45473443675467;7.1632013175010405;299.23896622657776
collect;greedy-iter-500;constructed-self-constructing-unsafe;0;0.2;0.19999999999995924;0.19999999999995924;0.7474372314864195;33.309734387390115;41.122608614774464;10.574627138077627;232.051171541214
dpm;uniform_random;constructed-self-constructing-unsafe;0;0.2;0.006157292842015485;0.0061572928420154886;0.22112593384150836;0.5809722559135581;44.454742989311164;7.162215175305983;300.54438829421997
collect;greedy-iter-500;constructed-self-constructing-unsafe;0;0.2;0.19999999999995924;0.19999999999995924;0.7474372314864195;33.309734387390115;41.12260861477449;10.574627138077616;231.45855522155762
slippy-drone;uniform_random;constructed-self-constructing-unsafe;0;0.2;0.0003109421918989722;0.0003109421918989722;4.307250217456969e-06;-49.54427519282256;49.99982127847258;13.895333562821355;514.4547233581543
dpm;uniform_random;constructed-self-constructing-unsafe;0;0.2;0.00616160471726139;0.006161604717261394;0.22112527084067307;0.5813948372562785;44.454753553039424;7.160927309358002;308.90103936195374
collect;greedy-iter-500;constructed-self-constructing-unsafe;0;0.2;0.19999999999995924;0.19999999999995924;0.747531777705641;33.32003515538462;41.12166684370237;10.571189711031344;239.56274700164795
dpm;uniform_random;constructed-self-constructing-unsafe;0;0.2;0.00616491380800197;0.006164913808001974;0.22112475517475066;0.5817011782211238;44.45476193059525;7.159968357967048;323.096643447876
slippy-drone;uniform_random;constructed-self-constructing-unsafe;0;0.2;0.00031094604998885473;0.00031094604998885473;4.307251178502275e-06;-49.544275276880455;49.99982124355591;13.895332902402243;504.03717517852783
collect;greedy-iter-500;constructed-self-constructing-unsafe;0;0.2;0.19999999999995924;0.19999999999995924;0.747531777705641;33.32003515538462;41.121666843702364;10.571189711031344;230.25517988204956
dpm;uniform_random;constructed-self-constructing-unsafe;0;0.2;0.006169174351465934;0.006169174351465939;0.2211240996622883;0.5821106762796906;44.4547723977968;7.158711194462729;311.3258547782898
slippy-drone;uniform_random;constructed-self-constructing-unsafe;0;0.2;0.0003165720303256474;0.0003165720303256474;4.307879952408912e-06;-49.54426998881555;49.99982100452765;13.895182251889121;505.6750144958496
collect;greedy-iter-500;constructed-self-constructing-unsafe;0;0.2;0.19999999999995924;0.19999999999995924;0.747531777705641;33.32003515538462;41.12166684370241;10.571189711031344;231.25366401672363
dpm;uniform_random;constructed-self-constructing-unsafe;0;0.2;0.006172905692191134;0.006172905692191137;0.22112351857464596;0.5824598044165351;44.45478180928205;7.157632996646454;318.28546237945557
collect;greedy-iter-500;constructed-self-constructing-unsafe;0;0.2;0.19999999999995924;0.19999999999995924;0.747531777705641;33.32003515538462;41.1216668437025;10.571189711031339;232.7751829624176
dpm;uniform_random;constructed-self-constructing-unsafe;0;0.2;0.0061769620916846905;0.006176962091684696;0.2211228935025379;0.5828419232528175;44.45479181974549;7.156456218260714;323.30511689186096
slippy-drone;uniform_random;constructed-self-constructing-unsafe;0;0.2;0.00031982429682013555;0.00031982429682013555;4.307976131101613e-06;-49.544265496468746;49.9998210024603;13.895094301166404;531.5301070213318
dpm;uniform_random;constructed-self-constructing-unsafe;0;0.2;0.00618300943865918;0.006183009438659183;0.22112195243919563;0.5834246931904081;44.45480706181891;7.1546961826752;338.34987926483154
collect;greedy-iter-500;constructed-self-constructing-unsafe;0;0.2;0.19999999999995924;0.19999999999995924;0.747531777705641;33.32003515538462;41.121666843702606;10.571189711031327;230.01029896736145
slippy-drone;uniform_random;constructed-self-constructing-unsafe;0;0.2;0.0003201395462271877;0.0003201395462271877;4.3079920009936415e-06;-49.54426509912378;49.99982097183689;13.895085310340319;525.8586571216583
dpm;uniform_random;constructed-self-constructing-unsafe;0;0.2;0.006187771325306842;0.006187771325306846;0.22112120786498735;0.5838560650009292;44.45481919162301;7.153338038703269;327.06497979164124
collect;greedy-iter-500;constructed-self-constructing-unsafe;0;0.2;0.19999999999995924;0.19999999999995924;0.747531777705641;33.32003515538462;41.1216668437026;10.571189711031316;236.48944568634033
dpm;uniform_random;constructed-self-constructing-unsafe;0;0.2;0.006191688746877639;0.006191688746877641;0.22112059979448384;0.5842339502831384;44.45482899128442;7.152192708959454;335.07426738739014
collect;greedy-iter-500;constructed-self-constructing-unsafe;0;0.2;0.19999999999995924;0.19999999999995924;0.74762614197562;33.33012942155585;41.1209131266823;10.567936896076967;232.35477566719055
slippy-drone;uniform_random;constructed-self-constructing-unsafe;0;0.2;0.00032189114637652287;0.00032189114637652287;4.3080327657789995e-06;-49.54426272602412;49.99982097132766;13.89503830635489;512.902188539505
dpm;uniform_random;constructed-self-constructing-unsafe;0;0.2;0.0061948519692061315;0.006194851969206137;0.22112010803857968;0.5845371347444906;44.45483696034491;7.1512596082010385;334.4042372703552
collect;greedy-iter-500;constructed-self-constructing-unsafe;0;0.2;0.19999999999995924;0.19999999999995924;0.74762614197562;33.33012942155585;41.12091312668236;10.567936896076967;236.424090385437
slippy-drone;uniform_random;constructed-self-constructing-unsafe;0;0.2;0.00032263317877528105;0.00032263317877528105;4.3080530289278735e-06;-49.54426429326709;49.99981976033705;13.895000489082578;531.9620325565338
dpm;uniform_random;constructed-self-constructing-unsafe;0;0.2;0.006199555338410653;0.006199555338410658;0.22111937353455752;0.5849869478726815;44.454848896312384;7.149904885829152;336.0722427368164
collect;greedy-iter-500;constructed-self-constructing-unsafe;0;0.2;0.19999999999995924;0.19999999999995924;0.7476721099774165;33.33505624329905;41.12049279261881;10.566386418281066;238.59722900390625
dpm;uniform_random;constructed-self-constructing-unsafe;0;0.2;0.006203269048343774;0.0062032690483437795;0.2211188021605258;0.5853489801928328;44.45485800600961;7.14880721771885;340.3115670681
collect;greedy-iter-500;constructed-self-constructing-unsafe;0;0.2;0.19999999999995924;0.19999999999995924;0.7476721099774165;33.33505624329905;41.120492792618855;10.56638641828107;234.3776981830597
slippy-drone;uniform_random;constructed-self-constructing-unsafe;0;0.2;0.0003231098559103193;0.0003231098559103193;4.308063625348542e-06;-49.544269978667465;49.99981717857077;13.894951466485173;531.3326237201691
dpm;uniform_random;constructed-self-constructing-unsafe;0;0.2;0.006209037762615618;0.006209037762615622;0.22111789911230711;0.5858657431160083;44.45487276735938;7.14714229531847;340.7904441356659
collect;greedy-iter-500;constructed-self-constructing-unsafe;0;0.2;0.19999999999995924;0.19999999999995924;0.7476721099774165;33.33505624329905;41.12049279261896;10.56638641828107;237.85786986351013
dpm;uniform_random;constructed-self-constructing-unsafe;0;0.2;0.006212878303539268;0.006212878303539273;0.22111730729395318;0.5862349234445041;44.454882215777545;7.145999039791377;346.1014268398285
slippy-drone;uniform_random;constructed-self-constructing-unsafe;0;0.2;0.00032313976309112903;0.00032313976309112903;4.308959541646159e-06;-49.54427224449546;49.99981611731228;13.894940614788133;528.7529458999634
collect;greedy-iter-500;constructed-self-constructing-unsafe;0;0.2;0.19999999999995924;0.19999999999995924;0.7476722550099477;33.335071188893444;41.12049214473757;10.566382237128817;233.32444190979004
dpm;uniform_random;constructed-self-constructing-unsafe;0;0.2;0.006216563081165734;0.006216563081165739;0.22111673069397794;0.5865746570144975;44.4548916285757;7.1449455022752915;352.65525460243225
collect;greedy-iter-500;constructed-self-constructing-unsafe;0;0.2;0.19999999999995924;0.19999999999995924;0.7476722550099477;33.335071188893444;41.1204921447376;10.566382237128808;240.70113682746887
slippy-drone;uniform_random;constructed-self-constructing-unsafe;0;0.2;0.00032324344808686315;0.00032324344808686315;4.308963752302494e-06;-49.54427284280005;49.9998159106231;13.894935979240858;546.2109916210175
dpm;uniform_random;constructed-self-constructing-unsafe;0;0.2;0.006220758573681507;0.00622075857368151;0.2211160774979512;0.5869880232351875;44.454902213242114;7.143726802114859;352.90836477279663
collect;greedy-iter-500;constructed-self-constructing-unsafe;0;0.2;0.19999999999995924;0.19999999999995924;0.7476722550099477;33.335071188893444;41.12049214473759;10.566382237128815;235.5075695514679
dpm;uniform_random;constructed-self-constructing-unsafe;0;0.2;0.006224849478818788;0.006224849478818791;0.22111543627398184;0.5873863328581908;44.45491267315503;7.142588347519426;373.6209943294525
slippy-drone;uniform_random;constructed-self-constructing-unsafe;0;0.2;0.0003238593975260587;0.0003238593975260587;4.308995601385606e-06;-49.54427249442221;49.99981578740002;13.89491688926158;543.2240617275238
collect;greedy-iter-500;constructed-self-constructing-unsafe;0;0.2;0.19999999999995924;0.19999999999995924;0.7476722550099477;33.335071188893444;41.120492144737696;10.566382237128819;233.77134919166565
dpm;uniform_random;constructed-self-constructing-unsafe;0;0.2;0.006229331313093203;0.006229331313093208;0.22111473884357324;0.5878215681485609;44.454923969965144;7.141274458146457;359.02563071250916
collect;greedy-iter-500;constructed-self-constructing-unsafe;0;0.2;0.19999999999995924;0.19999999999995924;0.7476722550099477;33.335071188893444;41.12049214473774;10.566382237128819;240.3039608001709
slippy-drone;uniform_random;constructed-self-constructing-unsafe;0;0.2;0.00032392056914136875;0.00032392056914136875;4.309003130527414e-06;-49.544273222186774;49.99981554211026;13.894912127356507;546.7938735485077
dpm;uniform_random;constructed-self-constructing-unsafe;0;0.2;0.006233444121110768;0.006233444121110774;0.2211141008758783;0.5882219937243733;44.45493426026911;7.140053660126499;362.5660674571991
collect;greedy-iter-500;constructed-self-constructing-unsafe;0;0.2;0.19999999999995924;0.19999999999995924;0.7477664529372762;33.34514860433958;41.11973889702455;10.56313426353212;242.36834073066711
dpm;uniform_random;constructed-self-constructing-unsafe;0;0.2;0.006237754902780531;0.006237754902780536;0.2211134251509988;0.5886350127142389;44.45494531273173;7.138822624867923;369.8870105743408
slippy-drone;uniform_random;constructed-self-constructing-unsafe;0;0.2;0.00032394220072470023;0.00032394220072470023;4.3090038336144635e-06;-49.544273194995995;49.99981554202203;13.894911559431572;554.1931931972504
collect;greedy-iter-500;constructed-self-constructing-unsafe;0;0.2;0.19999999999995924;0.19999999999995924;0.7477664529372762;33.34514860433958;41.119738897024625;10.563134263532124;236.55876421928406
dpm;uniform_random;constructed-self-constructing-unsafe;0;0.2;0.006242332939999055;0.006242332939999059;0.22111271208902833;0.5890472828874808;44.45495687110245;7.137507961588182;366.19224643707275
collect;greedy-iter-500;constructed-self-constructing-unsafe;0;0.2;0.19999999999995924;0.19999999999995924;0.7477664529372762;33.34514860433958;41.11973889702475;10.56313426353212;240.9620382785797
slippy-drone;uniform_random;constructed-self-constructing-unsafe;0;0.2;0.0003240159318552256;0.0003240159318552256;4.3090042263246995e-06;-49.54427374366159;49.99981533812236;13.894907100636889;553.1478502750397
dpm;uniform_random;constructed-self-constructing-unsafe;0;0.2;0.006247216337082435;0.00624721633708244;0.22111195069480222;0.5895099609824;44.454969230100026;7.136067583233634;372.1772518157959
collect;greedy-iter-500;constructed-self-constructing-unsafe;0;0.2;0.19999999999995924;0.19999999999995924;0.7477664529372762;33.34514860433958;41.11973889702461;10.563134263532117;236.31336498260498
dpm;uniform_random;constructed-self-constructing-unsafe;0;0.2;0.006251264407635449;0.006251264407635454;0.22111131558859132;0.5899051891025403;44.454979605787976;7.134941327515426;374.5010139942169
slippy-drone;uniform_random;constructed-self-constructing-unsafe;0;0.2;0.00033037484219491177;0.00033037484219491177;4.309021755964885e-06;-49.54429198275327;49.99981009259828;13.894761750208891;571.1067583560944
collect;greedy-iter-500;constructed-self-constructing-unsafe;0;0.2;0.19999999999995924;0.19999999999995924;0.7477664529372762;33.34514860433958;41.11973889702461;10.563134263532117;239.30060124397278
dpm;uniform_random;constructed-self-constructing-unsafe;0;0.2;0.006256389272533893;0.006256389272533898;0.22111050751272834;0.5903601873291215;44.454992902606776;7.133511227128544;378.9536335468292
collect;greedy-iter-500;constructed-self-constructing-unsafe;0;0.2;0.19999999999995924;0.19999999999995924;0.7477664529372762;33.34514860433958;41.11973889702463;10.563134263532117;239.07701706886292
slippy-drone;uniform_random;constructed-self-constructing-unsafe;0;0.2;0.00033043374678657506;0.00033043374678657506;4.309059919781976e-06;-49.54429573439756;49.99980840080648;13.894731853026006;565.265590429306
dpm;uniform_random;constructed-self-constructing-unsafe;0;0.2;0.0062594400418730335;0.006259440041873039;0.22111003155857317;0.5906518679189068;44.45500063310038;7.132663821807437;382.6504945755005
collect;greedy-iter-500;constructed-self-constructing-unsafe;0;0.2;0.19999999999995924;0.19999999999995924;0.7477674486584798;33.34526301928422;41.11971850788403;10.56310411159468;244.67366933822632
dpm;uniform_random;constructed-self-constructing-unsafe;0;0.2;0.006263944796332755;0.006263944796332761;0.22110933748189338;0.5910996938240656;44.45501173251843;7.131326753966375;390.0772662162781
slippy-drone;uniform_random;constructed-self-constructing-unsafe;0;0.2;0.0003304450127254045;0.0003304450127254045;4.309406832397185e-06;-49.5442964800025;49.999808051961715;13.894727831165081;562.6348769664764
collect;greedy-iter-500;constructed-self-constructing-unsafe;0;0.2;0.19999999999995924;0.19999999999995924;0.7477674486584798;33.34526301928422;41.11971850788409;10.563104111594676;236.67060923576355
dpm;uniform_random;constructed-self-constructing-unsafe;0;0.2;0.0062688888494378805;0.006268888849437886;0.22110856894281533;0.5915909923001704;44.455024185346375;7.129895366488949;389.55858039855957
collect;greedy-iter-500;constructed-self-constructing-unsafe;0;0.2;0.19999999999995924;0.19999999999995924;0.7477674486584798;33.34526301928422;41.119718507884166;10.563104111594676;248.39888405799866
slippy-drone;uniform_random;constructed-self-constructing-unsafe;0;0.2;0.00033126896586509224;0.00033126896586509224;4.309471032983978e-06;-49.544302527584414;49.99980492663079;13.894661414650075;572.9370639324188
dpm;uniform_random;constructed-self-constructing-unsafe;0;0.2;0.006273005263726008;0.006273005263726013;0.2211079359033839;0.5919934632578249;44.455034269344445;7.12867823685;397.5124273300171
collect;greedy-iter-500;constructed-self-constructing-unsafe;0;0.2;0.19999999999995924;0.19999999999995924;0.7477674486584798;33.34526301928422;41.11971850788414;10.563104111594676;237.9642539024353
slippy-drone;uniform_random;constructed-self-constructing-unsafe;0;0.2;0.00033127463149428585;0.00033127463149428585;4.309472248616408e-06;-49.544302846640306;49.99980478552209;13.894659145417421;583.5733006000519
dpm;uniform_random;constructed-self-constructing-unsafe;0;0.2;0.006277719321111835;0.00627771932111184;0.22110719953226313;0.5924576298285463;44.45504627527746;7.127340637286284;400.7072973251343
collect;greedy-iter-500;constructed-self-constructing-unsafe;0;0.2;0.19999999999995924;0.19999999999995924;0.7477674486584798;33.34526301928422;41.1197185078841;10.563104111594676;238.63700103759766
collect;greedy-iter-500;constructed-self-constructing-unsafe;0;0.2;0.19999999999995924;0.19999999999995924;0.7477674486584798;33.34526301928422;41.119718507884095;10.563104111594674;236.57564282417297
dpm;uniform_random;constructed-self-constructing-unsafe;0;0.2;0.0062822128245039474;0.006282212824503952;0.22110649230637336;0.5928858138876539;44.455057892927194;7.126063290841262;403.95969128608704
slippy-drone;uniform_random;constructed-self-constructing-unsafe;0;0.2;0.00033143276568487173;0.00033143276568487173;4.3095065168901e-06;-49.544303221782556;49.999804579566835;13.89465066365556;590.2996814250946
collect;greedy-iter-500;constructed-self-constructing-unsafe;0;0.2;0.19999999999995924;0.19999999999995924;0.7477674486584798;33.34526301928422;41.119718507884194;10.56310411159467;239.1220188140869
dpm;uniform_random;constructed-self-constructing-unsafe;0;0.2;0.006286217060991117;0.006286217060991122;0.2211058675197411;0.5932636609086057;44.45506806353979;7.124914913394881;412.1334936618805
collect;greedy-iter-500;constructed-self-constructing-unsafe;0;0.2;0.19999999999995924;0.19999999999995924;0.7477674486584798;33.34526301928422;41.11971850788421;10.56310411159467;237.80993843078613
slippy-drone;uniform_random;constructed-self-constructing-unsafe;0;0.2;0.00033149752816547846;0.00033149752816547846;4.309507130452267e-06;-49.544303354735774;49.99980455128006;13.894649392827509;587.4967143535614
dpm;uniform_random;constructed-self-constructing-unsafe;0;0.2;0.006289855133824268;0.006289855133824273;0.2211053085599966;0.5936166387812033;44.455076974906724;7.123861943112995;415.47488737106323
collect;greedy-iter-500;constructed-self-constructing-unsafe;0;0.2;0.19999999999995924;0.19999999999995924;0.7477674486584798;33.34526301928422;41.11971850788425;10.563104111594663;259.6001625061035
dpm;uniform_random;constructed-self-constructing-unsafe;0;0.2;0.0062931445275138595;0.006293144527513865;0.2211047943991213;0.5939220352374569;44.45508532671817;7.12288862116327;417.11424112319946
slippy-drone;uniform_random;constructed-self-constructing-unsafe;0;0.2;0.00033178931082961365;0.00033178931082961365;4.309578100501231e-06;-49.54430490622784;49.99980365863136;13.89462742290991;619.0105483531952
collect;greedy-iter-500;constructed-self-constructing-unsafe;0;0.2;0.19999999999995924;0.19999999999995924;0.7477674486584798;33.34526301928422;41.11971850788428;10.56310411159467;240.45141172409058
dpm;uniform_random;constructed-self-constructing-unsafe;0;0.2;0.006296600348521428;0.006296600348521433;0.22110425493346597;0.5942414780145426;44.45509411044987;7.121908804845435;417.02251839637756
collect;greedy-iter-500;constructed-self-constructing-unsafe;0;0.2;0.19999999999995924;0.19999999999995924;0.7477674486584798;33.34526301928422;41.119718507884336;10.563104111594676;239.07815599441528
slippy-drone;uniform_random;constructed-self-constructing-unsafe;0;0.2;0.00033810517402297594;0.00033810517402297594;4.30966422783636e-06;-49.54429587310896;49.99980365508522;13.894456970673506;617.6627306938171
dpm;uniform_random;constructed-self-constructing-unsafe;0;0.2;0.0063008258740478475;0.0063008258740478535;0.22110359310308736;0.5946365076302745;44.45510493499458;7.120706788627552;417.75149726867676
collect;greedy-iter-500;constructed-self-constructing-unsafe;0;0.2;0.19999999999995924;0.19999999999995924;0.7478616465858083;33.355340434730365;41.11896526017108;10.559856137997983;237.64947319030762
dpm;uniform_random;constructed-self-constructing-unsafe;0;0.2;0.0063064786948418185;0.006306478694841825;0.2211027025030038;0.5951666516564764;44.45511960027486;7.119093593485072;422.17768955230713
collect;greedy-iter-500;constructed-self-constructing-unsafe;0;0.2;0.19999999999995924;0.19999999999995924;0.7478616465858083;33.355340434730365;41.11896526017115;10.559856137997983;250.3649537563324
slippy-drone;uniform_random;constructed-self-constructing-unsafe;0;0.2;0.000338131686695669;0.000338131686695669;4.309677156415009e-06;-49.54429600634452;49.99980358296952;13.894455074499787;602.2288959026337
collect;greedy-iter-500;constructed-self-constructing-unsafe;0;0.2;0.19999999999995924;0.19999999999995924;0.7478616465858083;33.355340434730365;41.11896526017107;10.559856137997985;242.09224581718445
dpm;uniform_random;constructed-self-constructing-unsafe;0;0.2;0.006310346555056599;0.0063103465550566045;0.22110210160689608;0.5955309996822516;44.45512931094457;7.117993022065971;431.1819610595703
slippy-drone;uniform_random;constructed-self-constructing-unsafe;0;0.2;0.00033814835832017293;0.00033814835832017293;4.3102617040399995e-06;-49.544297445057865;49.99980291914984;13.89444698097868;600.8307502269745
collect;greedy-iter-500;constructed-self-constructing-unsafe;0;0.2;0.19999999999995924;0.19999999999995924;0.7478616465858083;33.355340434730365;41.118965260171095;10.559856137997985;237.61918663978577
dpm;uniform_random;constructed-self-constructing-unsafe;0;0.2;0.006315029530068965;0.006315029530068972;0.22110136608295605;0.595928356384066;44.455141356709085;7.116668918425926;434.72042536735535
collect;greedy-iter-500;constructed-self-constructing-unsafe;0;0.2;0.19999999999995924;0.19999999999995924;0.7478616465858083;33.355340434730365;41.11896526017109;10.55985613799799;239.9980273246765
slippy-drone;uniform_random;constructed-self-constructing-unsafe;0;0.2;0.0003382912489691403;0.0003382912489691403;4.31031243770526e-06;-49.54429773122152;49.99980286052962;13.894442843191745;615.062994480133
dpm;uniform_random;constructed-self-constructing-unsafe;0;0.2;0.006319012374710158;0.0063190123747101645;0.2211007430902358;0.5962898223071509;44.4551515216215;7.11554003766792;439.7468521595001
collect;greedy-iter-500;constructed-self-constructing-unsafe;0;0.2;0.19999999999995924;0.19999999999995924;0.7478616465858083;33.355340434730365;41.118965260171095;10.55985613799799;244.84544491767883
dpm;uniform_random;constructed-self-constructing-unsafe;0;0.2;0.006324027188951323;0.006324027188951329;0.221099954371674;0.59676431269274;44.4551644861577;7.114095450806268;444.3156895637512
collect;greedy-iter-500;constructed-self-constructing-unsafe;0;0.2;0.19999999999995924;0.19999999999995924;0.7478616465858083;33.355340434730365;41.118965260171066;10.559856137997992;248.17458128929138
slippy-drone;uniform_random;constructed-self-constructing-unsafe;0;0.2;0.00033834053925991316;0.00033834053925991316;4.31031561846703e-06;-49.544297694046186;49.99980285662936;13.894441523286716;627.582190990448
dpm;uniform_random;constructed-self-constructing-unsafe;0;0.2;0.006327440419991757;0.006327440419991763;0.22109942523640663;0.597089028932892;44.45517302895275;7.113120360711157;442.0195686817169
collect;greedy-iter-500;constructed-self-constructing-unsafe;0;0.2;0.19999999999995924;0.19999999999995924;0.7478616465858083;33.355340434730365;41.118965260170945;10.559856137997983;240.54794025421143
slippy-drone;uniform_random;constructed-self-constructing-unsafe;0;0.2;0.0003383602440127267;0.0003383602440127267;4.310320625951743e-06;-49.54429792334279;49.99980274893351;13.894439169376271;619.8025164604187
collect;greedy-iter-500;constructed-self-constructing-unsafe;0;0.2;0.19999999999995924;0.19999999999995924;0.7478616465858083;33.355340434730365;41.11896526017095;10.559856137997985;246.8329541683197
dpm;uniform_random;constructed-self-constructing-unsafe;0;0.2;0.006331983749751604;0.00633198374975161;0.22109871480634555;0.5975179229675129;44.45518459572082;7.1118337919214785;445.18662881851196
collect;greedy-iter-500;constructed-self-constructing-unsafe;0;0.2;0.19999999999995924;0.19999999999995924;0.7478617005827414;33.355346470803056;41.11896434647585;10.559854704591906;245.74168276786804
dpm;uniform_random;constructed-self-constructing-unsafe;0;0.2;0.0063355219838393565;0.006335521983839363;0.22109816815034983;0.5978615880063557;44.45519337317638;7.1108190340232476;454.0700237751007
slippy-drone;uniform_random;constructed-self-constructing-unsafe;0;0.2;0.00033838664238771093;0.00033838664238771093;4.310328802931888e-06;-49.5442980793624;49.99980268983489;13.894437541571394;637.3972239494324
collect;greedy-iter-500;constructed-self-constructing-unsafe;0;0.2;0.19999999999995924;0.19999999999995924;0.7478617005830371;33.355346470832;41.118964346475806;10.55985470458768;239.7576150894165
dpm;uniform_random;constructed-self-constructing-unsafe;0;0.2;0.006338025781471028;0.0063380257814710335;0.2210977798439615;0.5980972890550351;44.45519962602069;7.1101144049159695;452.61183524131775
collect;greedy-iter-500;constructed-self-constructing-unsafe;0;0.2;0.19999999999995924;0.19999999999995924;0.7478617005830371;33.355346470832;41.118964346475785;10.559854704587691;242.34475469589233
slippy-drone;uniform_random;constructed-self-constructing-unsafe;0;0.2;0.00033852771508865916;0.00033852771508865916;4.310332639504809e-06;-49.54429823220535;49.99980260569502;13.894433074202441;632.4738185405731
dpm;uniform_random;constructed-self-constructing-unsafe;0;0.2;0.006341389791063904;0.00634138979106391;0.22109726271836522;0.5984312379164036;44.45520787728838;7.109132260389486;455.5613212585449
collect;greedy-iter-500;constructed-self-constructing-unsafe;0;0.2;0.19999999999995924;0.19999999999995924;0.7478617005830371;33.355346470832;41.118964346475764;10.559854704587678;241.4308409690857
slippy-drone;uniform_random;constructed-self-constructing-unsafe;0;0.2;0.00033861086720426184;0.00033861086720426184;4.310349584002111e-06;-49.54429835396951;49.999802516347174;13.89442940630151;636.0457465648651
collect;greedy-iter-500;constructed-self-constructing-unsafe;0;0.2;0.19999999999995924;0.19999999999995924;0.7478617005830371;33.355346470832;41.11896434647587;10.559854704587682;241.53844594955444
dpm;uniform_random;constructed-self-constructing-unsafe;0;0.2;0.006343734008234552;0.006343734008234557;0.22109689877645022;0.5986443929577105;44.45521374998502;7.1084755536321635;465.437664270401
collect;greedy-iter-500;constructed-self-constructing-unsafe;0;0.2;0.19999999999995924;0.19999999999995924;0.7478617005830371;33.355346470832;41.11896434647585;10.559854704587682;240.8241777420044
dpm;uniform_random;constructed-self-constructing-unsafe;0;0.2;0.006348424839047158;0.006348424839047163;0.22109615661134588;0.5990864804911249;44.45522601774069;7.107136180863091;468.5357611179352
slippy-drone;uniform_random;constructed-self-constructing-unsafe;0;0.2;0.0003391026194233878;0.0003391026194233878;4.311319496192482e-06;-49.5443090532041;49.99979737285208;13.894336687686481;672.5416564941406
collect;greedy-iter-500;constructed-self-constructing-unsafe;0;0.2;0.19999999999995924;0.19999999999995924;0.7478617005830371;33.355346470832;41.118964346475806;10.559854704587686;243.5267276763916
dpm;uniform_random;constructed-self-constructing-unsafe;0;0.2;0.006351420639251738;0.006351420639251745;0.2210956881873664;0.5993641581834486;44.45523364773395;7.106289602163605;468.00955510139465
collect;greedy-iter-500;constructed-self-constructing-unsafe;0;0.2;0.19999999999995924;0.19999999999995924;0.7478617005830371;33.355346470832;41.118964346475764;10.559854704587686;243.09450674057007
slippy-drone;uniform_random;constructed-self-constructing-unsafe;0;0.2;0.0003412515599642476;0.0003412515599642476;4.311351904653379e-06;-49.5443058760446;49.999797364687865;13.894278057415688;647.8134961128235
dpm;uniform_random;constructed-self-constructing-unsafe;0;0.2;0.0063536494457023555;0.006353649445702361;0.22109534783785095;0.5995676022062941;44.45523902712051;7.105650048201261;468.7208254337311
collect;greedy-iter-500;constructed-self-constructing-unsafe;0;0.2;0.19999999999995924;0.19999999999995924;0.7479558985103657;33.36542388627815;41.118211098762686;10.55660673099098;243.90597653388977
collect;greedy-iter-500;constructed-self-constructing-unsafe;0;0.2;0.19999999999995924;0.19999999999995924;0.7479558985103657;33.36542388627815;41.118211098762686;10.55660673099098;242.49529194831848
dpm;uniform_random;constructed-self-constructing-unsafe;0;0.2;0.00635809027788393;0.006358090277883935;0.22109465830470576;0.5999900526810802;44.455250173110045;7.104359844096306;479.0648367404938
slippy-drone;uniform_random;constructed-self-constructing-unsafe;0;0.2;0.00034127026171179207;0.00034127026171179207;4.311355033471965e-06;-49.54430728536415;49.99979667883798;13.894265912857794;662.2940828800201
collect;greedy-iter-500;constructed-self-constructing-unsafe;0;0.2;0.19999999999996668;0.19999999999996668;0.7479558985103657;33.365423886278144;41.11821109876277;10.556606730990932;243.43588042259216
dpm;uniform_random;constructed-self-constructing-unsafe;0;0.2;0.006360553832080109;0.006360553832080115;0.22109428177738982;0.6002244978649315;44.45525613893954;7.103633152706904;481.0524654388428
collect;greedy-iter-500;constructed-self-constructing-unsafe;0;0.2;0.19999999999996668;0.19999999999996668;0.7479558985103657;33.365423886278144;41.11821109876281;10.556606730990932;243.58605980873108
slippy-drone;uniform_random;constructed-self-constructing-unsafe;0;0.2;0.00034160045537613747;0.00034160045537613747;4.3113913256398196e-06;-49.54431049791609;49.99979499901685;13.894229756185661;654.0212202072144
dpm;uniform_random;constructed-self-constructing-unsafe;0;0.2;0.006365572783977603;0.006365572783977608;0.22109350159213997;0.6007150847179414;44.45526877216805;7.102143776032735;477.97873520851135
collect;greedy-iter-500;constructed-self-constructing-unsafe;0;0.2;0.19999999999996668;0.19999999999996668;0.7479580940936368;33.36565557244851;41.11819628372925;10.556572950026958;246.0599524974823
slippy-drone;uniform_random;constructed-self-constructing-unsafe;0;0.2;0.0003448400197667672;0.0003448400197667672;4.31278913398601e-06;-49.54431507596684;49.99979448319787;13.894150292133169;669.8021821975708
collect;greedy-iter-500;constructed-self-constructing-unsafe;0;0.2;0.19999999999996668;0.19999999999996668;0.7479580940936368;33.36565557244851;41.11819628372928;10.556572950026949;244.46087455749512
dpm;uniform_random;constructed-self-constructing-unsafe;0;0.2;0.00636868312532981;0.006368683125329817;0.22109302256883978;0.6010111087638492;44.45527642309508;7.101228075530438;487.29182410240173
collect;greedy-iter-500;constructed-self-constructing-unsafe;0;0.2;0.19999999999996668;0.19999999999996668;0.7479580940936368;33.36565557244851;41.1181962837293;10.556572950026949;244.4410057067871
dpm;uniform_random;constructed-self-constructing-unsafe;0;0.2;0.0063712268186044444;0.0063712268186044505;0.2210926285097783;0.6012575172811505;44.455282764899245;7.100515049474121;502.9457700252533
slippy-drone;uniform_random;constructed-self-constructing-unsafe;0;0.2;0.00034489571851877563;0.00034489571851877563;4.312793145303531e-06;-49.54431525766628;49.99979438116486;13.894147046914158;675.4840767383575
collect;greedy-iter-500;constructed-self-constructing-unsafe;0;0.2;0.19999999999996668;0.19999999999996668;0.7479580940936368;33.36565557244851;41.11819628372927;10.556572950026949;245.68406081199646
dpm;uniform_random;constructed-self-constructing-unsafe;0;0.2;0.006374194575287878;0.006374194575287885;0.22109217101880863;0.6015460830425745;44.45529006534532;7.099654002381363;499.7456126213074
collect;greedy-iter-500;constructed-self-constructing-unsafe;0;0.2;0.19999999999996668;0.19999999999996668;0.7479580940936368;33.36565557244851;41.118196283729155;10.556572950026949;248.24563312530518
slippy-drone;uniform_random;constructed-self-constructing-unsafe;0;0.2;0.00034531223844049306;0.00034531223844049306;4.312793887428053e-06;-49.54431614045027;49.99979425413205;13.894140943889212;672.3573219776154
collect;greedy-iter-500;constructed-self-constructing-unsafe;0;0.2;0.19999999999996668;0.19999999999996668;0.7479580940936368;33.36565557244851;41.11819628372918;10.556572950026949;244.25902795791626
dpm;uniform_random;constructed-self-constructing-unsafe;0;0.2;0.0063779973534009654;0.0063779973534009715;0.2210915797922975;0.6019189209801044;44.4552996460149;7.098560497509869;501.803653717041
collect;greedy-iter-500;constructed-self-constructing-unsafe;0;0.2;0.19999999999996668;0.19999999999996668;0.7479580940936368;33.36565557244851;41.11819628372915;10.556572950026949;244.32041263580322
slippy-drone;uniform_random;constructed-self-constructing-unsafe;0;0.2;0.00034568232628180365;0.00034568232628180365;4.31282562565121e-06;-49.54432039731885;49.9997928750396;13.894109882079169;697.9612255096436
dpm;uniform_random;constructed-self-constructing-unsafe;0;0.2;0.006381124436862272;0.006381124436862279;0.22109110067614554;0.6022224968307142;44.45530727582127;7.097660191263758;500.4099495410919
collect;greedy-iter-500;constructed-self-constructing-unsafe;0;0.2;0.19999999999996668;0.19999999999996668;0.7479580940936368;33.36565557244851;41.1181962837292;10.556572950026949;253.38300323486328
dpm;uniform_random;constructed-self-constructing-unsafe;0;0.2;0.0063847971054536694;0.006384797105453676;0.2210905285123801;0.6025693673224396;44.4553165578566;7.0965957838361655;509.8191158771515
collect;greedy-iter-500;constructed-self-constructing-unsafe;0;0.2;0.19999999999996668;0.19999999999996668;0.7479580940936368;33.36565557244851;41.11819628372926;10.556572950026947;248.38983798027039
slippy-drone;uniform_random;constructed-self-constructing-unsafe;0;0.2;0.0003472177754605905;0.0003472177754605905;4.312867555479025e-06;-49.54432471117121;49.99979187286728;13.894077450736331;682.668622970581
collect;greedy-iter-500;constructed-self-constructing-unsafe;0;0.2;0.19999999999996668;0.19999999999996668;0.7479580940936368;33.36565557244851;41.11819628372927;10.556572950026947;244.95831274986267
dpm;uniform_random;constructed-self-constructing-unsafe;0;0.2;0.006388479449293718;0.0063884794492937245;0.221089954264716;0.6029274907544986;44.455325893153976;7.095539743100028;518.8573517799377
collect;greedy-iter-500;constructed-self-constructing-unsafe;0;0.2;0.19999999999996668;0.19999999999996668;0.7479580940936368;33.36565557244851;41.118196283729276;10.556572950026947;247.0250277519226
slippy-drone;uniform_random;constructed-self-constructing-unsafe;0;0.2;0.00036259952667302807;0.00036259952667302807;4.314208461975926e-06;-49.54430826121232;49.99979185203289;13.8936663996976;691.4026110172272
dpm;uniform_random;constructed-self-constructing-unsafe;0;0.2;0.0063918284423970465;0.0063918284423970535;0.22108943878497994;0.603259203347106;44.4553341456873;7.094574483115099;518.3751962184906
collect;greedy-iter-500;constructed-self-constructing-unsafe;0;0.2;0.19999999999996668;0.19999999999996668;0.7479778998148008;33.36773620691488;41.11807590106654;10.555923014516567;244.22879552841187
slippy-drone;uniform_random;constructed-self-constructing-unsafe;0;0.2;0.0003645271184097462;0.0003645271184097462;4.3142327043480765e-06;-49.54430555606264;49.99979178373383;13.893613112474107;696.9273738861084
dpm;uniform_random;constructed-self-constructing-unsafe;0;0.2;0.006394622434630621;0.0063946224346306275;0.22108901260080108;0.6035288900424751;44.455340887245725;7.093738165089025;519.9674603939056
collect;greedy-iter-500;constructed-self-constructing-unsafe;0;0.2;0.19999999999996668;0.19999999999996668;0.7479778998148008;33.36773620691488;41.118075901066646;10.55592301451658;250.96967267990112
collect;greedy-iter-500;constructed-self-constructing-unsafe;0;0.2;0.19999999999996668;0.19999999999996668;0.7479778998148008;33.36773620691488;41.11807590106664;10.55592301451658;247.8265664577484
dpm;uniform_random;constructed-self-constructing-unsafe;0;0.2;0.006396604839854982;0.006396604839854988;0.22108871827865534;0.6037239283802543;44.45534535944218;7.093152224040193;528.0164091587067
slippy-drone;uniform_random;constructed-self-constructing-unsafe;0;0.2;0.00036472073598901395;0.00036472073598901395;4.314238414285073e-06;-49.54430574958423;49.99979158055706;13.893604961073411;708.5612218379974
collect;greedy-iter-500;constructed-self-constructing-unsafe;0;0.2;0.19999999999996668;0.19999999999996668;0.7479828145507038;33.368252376247256;41.11804611157475;10.555749108923774;246.8961079120636
dpm;uniform_random;constructed-self-constructing-unsafe;0;0.2;0.006399236911678424;0.00639923691167843;0.22108831700227752;0.603985342159143;44.45535167497476;7.092368202652196;527.7716777324677
collect;greedy-iter-500;constructed-self-constructing-unsafe;0;0.2;0.19999999999996668;0.19999999999996668;0.7479828145507038;33.368252376247256;41.1180461115748;10.555749108923772;245.980966091156
slippy-drone;uniform_random;constructed-self-constructing-unsafe;0;0.2;0.0003667775962097929;0.0003667775962097929;4.314269275449342e-06;-49.54430345846817;49.99979134173765;13.893543222395374;709.168957233429
collect;greedy-iter-500;constructed-self-constructing-unsafe;0;0.2;0.19999999999996668;0.19999999999996668;0.7479828145507038;33.368252376247256;41.1180461115748;10.55574910892377;250.5735101699829
dpm;uniform_random;constructed-self-constructing-unsafe;0;0.2;0.0064017380110465245;0.006401738011046531;0.22108793068198393;0.6042140147296116;44.45535789313745;7.091657796714489;531.1403460502625
collect;greedy-iter-500;constructed-self-constructing-unsafe;0;0.2;0.19999999999996668;0.19999999999996668;0.7479828145507038;33.368252376247256;41.11804611157488;10.555749108923766;246.8298454284668
slippy-drone;uniform_random;constructed-self-constructing-unsafe;0;0.2;0.00036678520452469466;0.00036678520452469466;4.314319161227198e-06;-49.544304093744934;49.99979105359501;13.893538449124692;710.1280837059021
dpm;uniform_random;constructed-self-constructing-unsafe;0;0.2;0.006404551471253706;0.006404551471253712;0.22108749038843598;0.6044551624059009;44.45536506348841;7.090879574123204;544.1957550048828
collect;greedy-iter-500;constructed-self-constructing-unsafe;0;0.2;0.19999999999996668;0.19999999999996668;0.7479828145507038;33.368252376247256;41.11804611157495;10.55574910892377;246.74633479118347
collect;greedy-iter-500;constructed-self-constructing-unsafe;0;0.2;0.19999999999996668;0.19999999999996668;0.7479828145507038;33.368252376247256;41.11804611157499;10.555749108923766;249.69120955467224
dpm;uniform_random;constructed-self-constructing-unsafe;0;0.2;0.006409286754859349;0.006409286754859356;0.22108675241743603;0.6048826774677123;44.45537707324429;7.089530401993949;545.4546592235565
slippy-drone;uniform_random;constructed-self-constructing-unsafe;0;0.2;0.00036694471088948916;0.00036694471088948916;4.31437878750173e-06;-49.54430438808146;49.99979082781056;13.893530792431523;719.889232635498
collect;greedy-iter-500;constructed-self-constructing-unsafe;0;0.2;0.19999999999996668;0.19999999999996668;0.7479828145507038;33.368252376247256;41.11804611157499;10.555749108923766;248.21271514892578
dpm;uniform_random;constructed-self-constructing-unsafe;0;0.2;0.006413259018328827;0.006413259018328836;0.22108612848766446;0.605270329917583;44.45538731060049;7.088409682747928;546.0566401481628
collect;greedy-iter-500;constructed-self-constructing-unsafe;0;0.2;0.19999999999996668;0.19999999999996668;0.747982990678216;33.368270218191455;41.11804561466192;10.55574398278038;248.90795302391052
slippy-drone;uniform_random;constructed-self-constructing-unsafe;0;0.2;0.00036698218483233793;0.00036698218483233793;4.314391922253653e-06;-49.54430496137246;49.99979082491841;13.893525944472202;731.6461436748505
collect;greedy-iter-500;constructed-self-constructing-unsafe;0;0.2;0.19999999999996668;0.19999999999996668;0.747982990678216;33.368270218191455;41.118045614661966;10.55574398278038;249.27045226097107
dpm;uniform_random;constructed-self-constructing-unsafe;0;0.2;0.006417567070914905;0.006417567070914913;0.22108546103233745;0.6056626411504393;44.45539807847742;7.087158938013114;549.7582647800446
collect;greedy-iter-500;constructed-self-constructing-unsafe;0;0.2;0.19999999999996668;0.19999999999996668;0.747982990678216;33.368270218191455;41.11804561466193;10.555743982780385;250.8184778690338
slippy-drone;uniform_random;constructed-self-constructing-unsafe;0;0.2;0.00036699180118458883;0.00036699180118458883;4.3143922313115345e-06;-49.5443050544004;49.99979078874377;13.893525049317674;728.2781584262848
dpm;uniform_random;constructed-self-constructing-unsafe;0;0.2;0.0064202864420346666;0.0064202864420346735;0.22108504212137564;0.6059135521231472;44.455404789271604;7.086385652214234;559.9777178764343
collect;greedy-iter-500;constructed-self-constructing-unsafe;0;0.2;0.19999999999996668;0.19999999999996668;0.747982990678216;33.368270218191455;41.11804561466203;10.555743982780387;252.57616662979126
dpm;uniform_random;constructed-self-constructing-unsafe;0;0.2;0.006423576804668458;0.006423576804668464;0.2210845209453639;0.6062164279433087;44.45541342639545;7.085469849763936;554.455803155899
collect;greedy-iter-500;constructed-self-constructing-unsafe;0;0.2;0.19999999999996668;0.19999999999996668;0.747982990678216;33.368270218191455;41.11804561466199;10.55574398278038;248.85852694511414
slippy-drone;uniform_random;constructed-self-constructing-unsafe;0;0.2;0.0003692963872942447;0.0003692963872942447;4.314549644330792e-06;-49.544302095582154;49.99979066006159;13.893461535571388;735.6287708282471
collect;safe-iter-500;constructed-self-constructing-unsafe;0;0.2;1.781293286543273e-05;1.781293286543273e-05;0.0;-50.00001307413098;50.000000054508796;0.6489812824388631;177.02178049087524
dpm;uniform_random;constructed-self-constructing-unsafe;0;0.2;0.006425620094483714;0.006425620094483721;0.2210842100784033;0.6064067662109381;44.455418311288284;7.084869124311254;569.0254380702972
collect;safe-iter-500;constructed-self-constructing-unsafe;0;0.2;5.3994882958760284e-05;5.3994882958760284e-05;0.0;-50.00004921846198;50.000000017721455;0.6473677388559615;179.38332653045654
slippy-drone;uniform_random;constructed-self-constructing-unsafe;0;0.2;0.00037569243595335816;0.00037569243595335816;4.315151967331355e-06;-49.544296230859494;49.999790417871736;13.89328854241354;741.0125386714935
collect;safe-iter-500;constructed-self-constructing-unsafe;0;0.2;0.0001314481865260102;0.0001314481865260102;0.0;-50.000126584112834;49.99999993212571;0.6439138176980153;182.75415539741516
dpm;uniform_random;constructed-self-constructing-unsafe;0;0.2;0.006427726987930446;0.006427726987930453;0.22108388863462655;0.6065927103106622;44.45542338564775;7.084254980852565;567.289133310318
collect;safe-iter-500;constructed-self-constructing-unsafe;0;0.2;0.0002544537174789575;0.0002544537174789575;0.0;-50.00024937973525;49.99999972678905;0.6384281911656626;183.22785878181458
collect;safe-iter-500;constructed-self-constructing-unsafe;0;0.2;0.0004669255149477882;0.0004669255149477882;0.0;-50.00046161697842;49.999999497288385;0.628952669397607;187.38298273086548
slippy-drone;uniform_random;constructed-self-constructing-unsafe;0;0.2;0.00037570946340806247;0.00037570946340806247;4.315154912875235e-06;-49.54429626873103;49.99979041104218;13.893288144258463;752.8012230396271
dpm;uniform_random;constructed-self-constructing-unsafe;0;0.2;0.006430620178123854;0.006430620178123863;0.22108344226433838;0.6068546744658012;44.45543055364644;7.083437816993353;575.1214158535004
collect;safe-iter-500;constructed-self-constructing-unsafe;0;0.2;0.0006448680496596584;0.0006448680496596584;0.0;-50.00063935065815;49.99999929314189;0.6210171783316613;189.49635219573975
collect;safe-iter-500;constructed-self-constructing-unsafe;0;0.2;0.0007522955754807471;0.0007522955754807471;0.0;-50.00074679638591;49.99999931096279;0.6162264614923421;189.44122195243835
dpm;uniform_random;constructed-self-constructing-unsafe;0;0.2;0.006434886234681277;0.006434886234681285;0.22108278337337733;0.6072649970020831;44.45544115065656;7.082190509913264;576.155403137207
slippy-drone;uniform_random;constructed-self-constructing-unsafe;0;0.2;0.00037632708350411517;0.00037632708350411517;4.315216203489668e-06;-49.54430175789195;49.999787884287976;13.893233366666342;750.049153804779
collect;safe-iter-500;constructed-self-constructing-unsafe;0;0.2;0.00097752239644328;0.00097752239644328;0.0;-50.000971595222715;49.999998892542045;0.606182354578899;190.62430810928345
collect;safe-iter-500;constructed-self-constructing-unsafe;0;0.2;0.0010322172834110765;0.0010322172834110765;0.0;-50.00102623058941;49.999998834416914;0.6037432575157783;197.39420318603516
dpm;uniform_random;constructed-self-constructing-unsafe;0;0.2;0.006437822098869687;0.006437822098869695;0.22108233090885654;0.6075345791934719;44.45544838963356;7.081334574880261;572.4150590896606
slippy-drone;uniform_random;constructed-self-constructing-unsafe;0;0.2;0.0003763973266282394;0.0003763973266282394;4.315582534482306e-06;-49.5443023365018;49.99978764325604;13.89322901593375;755.4739301204681
collect;safe-iter-500;constructed-self-constructing-unsafe;0;0.2;0.0010741919913327745;0.0010741919913327745;0.0;-50.001068129665846;49.99999876051125;0.6018714448909772;194.56604146957397
dpm;uniform_random;constructed-self-constructing-unsafe;0;0.2;0.00644227073946864;0.006442270739468648;0.2210816444176547;0.6079661831275752;44.455459398791184;7.0800150688834975;582.4612574577332
collect;safe-iter-500;constructed-self-constructing-unsafe;0;0.2;0.001106127690818335;0.001106127690818335;0.0;-50.00110001685313;49.999998713182634;0.6004473713594932;199.63855910301208
collect;safe-iter-500;constructed-self-constructing-unsafe;0;0.2;0.0011732937439131812;0.0011732937439131812;0.0;-50.001167092681996;49.99999862489508;0.5974519931676391;199.05377531051636
slippy-drone;uniform_random;constructed-self-constructing-unsafe;0;0.2;0.0003775327940751227;0.0003775327940751227;4.3158925510116164e-06;-49.54430367118042;49.99978714418095;13.89319395471705;770.5275313854218
collect;safe-iter-500;constructed-self-constructing-unsafe;0;0.2;0.0012988264054007834;0.0012988264054007834;0.0;-50.00129244074114;49.99999844533039;0.5918538043679109;200.97440838813782
collect;safe-iter-500;constructed-self-constructing-unsafe;0;0.2;0.0013067536526380455;0.0013067536526380455;0.0;-50.001300364197846;49.99999844161098;0.5915002969455242;205.1300971508026
slippy-drone;uniform_random;constructed-self-constructing-unsafe;0;0.2;0.00038392869018335666;0.00038392869018335666;4.31650225358775e-06;-49.544298183750755;49.999786749684105;13.893018515046322;770.5463950634003
collect;safe-iter-500;constructed-self-constructing-unsafe;0;0.2;0.0013340928020287059;0.0013340928020287059;0.0;-50.00132766819562;49.99999840730595;0.5902811665470165;204.6487798690796
collect;safe-iter-500;constructed-self-constructing-unsafe;0;0.2;0.0013539731163261291;0.0013539731163261291;0.0;-50.00134752891322;49.99999838817193;0.5893946447842606;208.8110601902008
slippy-drone;uniform_random;constructed-self-constructing-unsafe;0;0.2;0.0003993347903861118;0.0003993347903861118;4.31654076806708e-06;-49.54432306093926;49.99978487332499;13.89283925745915;780.7297089099884
collect;safe-iter-500;constructed-self-constructing-unsafe;0;0.2;0.0015286509370938386;0.0015286509370938386;0.0;-50.00152202873417;49.99999821462644;0.5816050761989813;210.45828199386597
collect;safe-iter-500;constructed-self-constructing-unsafe;0;0.2;0.0015610001087079863;0.0015610001087079863;0.0;-50.00155434857417;49.99999818593924;0.5801624540783111;212.7553675174713
collect;safe-iter-500;constructed-self-constructing-unsafe;0;0.2;0.0015899270279821683;0.0015899270279821683;0.0;-50.00158324893617;49.999998160000416;0.5788725008799259;222.1741907596588
slippy-drone;uniform_random;constructed-self-constructing-unsafe;0;0.2;0.0003999199564792687;0.0003999199564792687;4.316547149007549e-06;-49.54432463954938;49.999784544018944;13.892828476887152;783.8049802780151
collect;safe-iter-500;constructed-self-constructing-unsafe;0;0.2;0.001654845504312895;0.001654845504312895;0.0;-50.0016480349561;49.999998030474785;0.5759773993601582;218.02961206436157
collect;safe-iter-500;constructed-self-constructing-unsafe;0;0.2;0.0017701154488752428;0.0017701154488752428;0.0;-50.001763106304125;49.99999783638684;0.5708317701805234;215.89989399909973
slippy-drone;uniform_random;constructed-self-constructing-unsafe;0;0.2;0.0004004614303750996;0.0004004614303750996;4.316558432254304e-06;-49.544324130236745;49.999784422248;13.892811613068476;786.3052697181702
collect;safe-iter-500;constructed-self-constructing-unsafe;0;0.2;0.0017978753649937598;0.0017978753649937598;0.0;-50.001790818072514;49.999997789400155;0.5695939020387384;219.85904002189636
collect;safe-iter-500;constructed-self-constructing-unsafe;0;0.2;0.0018059619544285705;0.0018059619544285705;0.0;-50.00179889080087;49.999997775856976;0.5692332836831998;220.89843082427979
slippy-drone;uniform_random;constructed-self-constructing-unsafe;0;0.2;0.00040173266143927463;0.00040173266143927463;4.317059412883348e-06;-49.544326794074806;49.99978380748786;13.892789703867637;804.3640410900116
collect;safe-iter-500;constructed-self-constructing-unsafe;0;0.2;0.0018367546608429812;0.0018367546608429812;0.0;-50.00182966348694;49.99999775638306;0.567860176407591;225.1624584197998
collect;safe-iter-500;constructed-self-constructing-unsafe;0;0.2;0.0018482426375939947;0.0018482426375939947;0.0;-50.00184114942223;49.99999775441828;0.567347914626178;227.00102353096008
slippy-drone;uniform_random;constructed-self-constructing-unsafe;0;0.2;0.0004023599969334889;0.0004023599969334889;4.31709596480647e-06;-49.54432770634624;49.999783797302996;13.892781885990695;804.6003625392914
collect;safe-iter-500;constructed-self-constructing-unsafe;0;0.2;0.0018714129052653692;0.0018714129052653692;0.0;-50.00186429547307;49.9999977307857;0.5663146803664005;228.3937361240387
collect;safe-iter-500;constructed-self-constructing-unsafe;0;0.2;0.0018853328086596564;0.0018853328086824224;0.0;-50.00187825121439;49.99999776588147;0.565693969817688;229.85654592514038
collect;safe-iter-500;constructed-self-constructing-unsafe;0;0.2;0.001924660875169033;0.001924660875191799;0.0;-50.0019175664463;49.99999781774419;0.5639402776799897;231.14496421813965
slippy-drone;uniform_random;constructed-self-constructing-unsafe;0;0.2;0.00040898547445232416;0.00040898547445232416;4.317207061222535e-06;-49.54431964244087;49.99978294729396;13.892586144079573;814.5117878913879
collect;safe-iter-500;constructed-self-constructing-unsafe;0;0.2;0.0019614461688285214;0.0019614461688512875;0.0;-50.00195430941843;49.999997776413956;0.5622998923438678;236.3774905204773
collect;safe-iter-500;constructed-self-constructing-unsafe;0;0.2;0.001985672946390716;0.0019856729464134823;0.0;-50.001978538049855;49.9999977782622;0.5612195806805825;238.10864210128784
collect;safe-iter-500;constructed-self-constructing-unsafe;0;0.2;0.002029458300845439;0.002029458300868205;0.0;-50.002022300723795;49.99999775610107;0.5592670495892409;238.69567775726318
collect;safe-iter-500;constructed-self-constructing-unsafe;0;0.2;0.00205167582023651;0.0020516758202592756;0.0;-50.00204447790504;49.999997719822275;0.5582763184900913;240.2079005241394
collect;safe-iter-500;constructed-self-constructing-unsafe;0;0.2;0.0021013071855275943;0.0021013071855503604;0.0;-50.002094018334766;49.9999976315413;0.5560630775224863;243.34906482696533
collect;safe-iter-500;constructed-self-constructing-unsafe;0;0.2;0.0021204861099364575;0.002120486109959223;0.0;-50.00211320510604;49.999997639242814;0.5552078442241443;245.1033215522766
collect;safe-iter-500;constructed-self-constructing-unsafe;0;0.2;0.002170495709475864;0.0021704957094986297;0.0;-50.00216313467354;49.999997561132915;0.5529777918485012;247.1375527381897
collect;safe-iter-500;constructed-self-constructing-unsafe;0;0.2;0.0021871366528328755;0.002187136652855641;0.0;-50.0021798519591;49.99999763579654;0.5522357093603462;250.7774965763092
collect;safe-iter-500;constructed-self-constructing-unsafe;0;0.2;0.0022254364716781283;0.0022254364717008944;0.0;-50.002218085450025;49.99999757103922;0.550527812760682;254.4661455154419
collect;safe-iter-500;constructed-self-constructing-unsafe;0;0.2;0.002231505505147133;0.002231505505169899;0.0;-50.00222413831152;49.999997555217995;0.5502571774874275;256.0892217159271
collect;safe-iter-500;constructed-self-constructing-unsafe;0;0.2;0.0022329585306755037;0.0022329585306982698;0.0;-50.00222562895621;49.99999759198076;0.5501923905753344;256.0489432811737
collect;safe-iter-500;constructed-self-constructing-unsafe;0;0.2;0.0022480845423057203;0.002248084542328486;0.0;-50.00224072748689;49.99999756515589;0.5495178793513402;260.1216857433319
collect;safe-iter-500;constructed-self-constructing-unsafe;0;0.2;0.0022525080653025024;0.002252508065325268;0.0;-50.00224514449472;49.99999755880177;0.5493206295389282;260.17217659950256
collect;safe-iter-500;constructed-self-constructing-unsafe;0;0.2;0.002272477388254932;0.002272477388277698;0.0;-50.00226510744067;49.9999975526384;0.5484301164919162;261.03059816360474
collect;safe-iter-500;constructed-self-constructing-unsafe;0;0.2;0.0022838054993102614;0.0022838054993330275;0.0;-50.0022764370998;49.99999755419232;0.5479250093184976;265.1681523323059
collect;safe-iter-500;constructed-self-constructing-unsafe;0;0.2;0.002290573771724328;0.002290573771747094;0.0;-50.00228318068412;49.99999753043;0.547623195149783;268.7072341442108
collect;safe-iter-500;constructed-self-constructing-unsafe;0;0.2;0.0023255224015868983;0.0023255224016096644;0.0;-50.00231806474413;49.99999746734918;0.5460646927471078;268.301167011261
collect;safe-iter-500;constructed-self-constructing-unsafe;0;0.2;0.0023303711758289177;0.0023303711758516843;0.0;-50.00232292265283;49.99999747628739;0.5458484825000178;270.4530997276306
collect;safe-iter-500;constructed-self-constructing-unsafe;0;0.2;0.0023354996273507716;0.002335499627373538;0.0;-50.00232805295228;49.999997478114466;0.5456168916049525;274.14629316329956
collect;safe-iter-500;constructed-self-constructing-unsafe;0;0.2;0.002344907640711763;0.002344907640734529;0.0;-50.002337459563066;49.99999747677209;0.5451973880457406;278.6813931465149
collect;safe-iter-500;constructed-self-constructing-unsafe;0;0.2;0.002384572798498684;0.00238457279852145;0.0;-50.00237708959388;49.99999744241609;0.5434285237732916;277.09560203552246
collect;safe-iter-500;constructed-self-constructing-unsafe;0;0.2;0.0023902273171917936;0.0023902273172145597;0.0;-50.002382760354365;49.999997458334924;0.5431763897885521;278.879203081131
collect;safe-iter-500;constructed-self-constructing-unsafe;0;0.2;0.002421028503681489;0.002421028503704255;0.0;-50.00241350975184;49.999997407655215;0.5418027584526205;281.5138816833496
collect;safe-iter-500;constructed-self-constructing-unsafe;0;0.2;0.002432453270181225;0.002432453270203991;0.0;-50.002424896031485;49.999997392122;0.5412933609089837;282.8122625350952
collect;safe-iter-500;constructed-self-constructing-unsafe;0;0.2;0.002442288701090966;0.002442288701113732;0.0;-50.00243472906785;49.99999738977922;0.5408547639431145;286.2622585296631
collect;safe-iter-500;constructed-self-constructing-unsafe;0;0.2;0.0024708266243582706;0.0024708266243810366;0.0;-50.002463214234176;49.99999733824663;0.5395821502375558;287.9454388618469
collect;safe-iter-500;constructed-self-constructing-unsafe;0;0.2;0.0024800774201225546;0.0024800774201453202;0.0;-50.00247248360898;49.9999973564427;0.5391696371890566;291.51448369026184
collect;safe-iter-500;constructed-self-constructing-unsafe;0;0.2;0.002492751041517818;0.002492751041540584;0.0;-50.00248514303613;49.99999734294645;0.5386045016250042;292.2218632698059
collect;safe-iter-500;constructed-self-constructing-unsafe;0;0.2;0.002497270246605735;0.002497270246628501;0.0;-50.002489697137186;49.999997377064616;0.5384029942911993;296.0939016342163
collect;safe-iter-500;constructed-self-constructing-unsafe;0;0.2;0.0025247979738584935;0.00252479797388126;0.0;-50.00251717531763;49.9999973287035;0.5371754683024133;300.8254222869873
collect;safe-iter-500;constructed-self-constructing-unsafe;0;0.2;0.0025328683470977244;0.0025328683471212464;0.0;-50.00252523217337;49.999997315522776;0.5368156063797747;298.79382491111755
collect;safe-iter-500;constructed-self-constructing-unsafe;0;0.2;0.0025684633068157004;0.0025684633068392224;0.0;-50.002560789772325;49.9999972790311;0.5352282948943744;300.3555853366852
collect;safe-iter-500;constructed-self-constructing-unsafe;0;0.2;0.00257400384752375;0.002574003847547272;0.0;-50.002566351644646;49.999997299944575;0.5349812294374966;302.1618142127991
collect;safe-iter-500;constructed-self-constructing-unsafe;0;0.2;0.002580323769768695;0.0025803237697922168;0.0;-50.00257266929073;49.99999729776919;0.5346994355379485;304.55863404273987
collect;safe-iter-500;constructed-self-constructing-unsafe;0;0.2;0.002589047034069213;0.0025890482218741714;0.0;-50.002581375687;49.9999972813673;0.5343104584120197;312.01683616638184
collect;safe-iter-500;constructed-self-constructing-unsafe;0;0.2;0.0026006589970414894;0.0026006601848464483;0.0;-50.0025929812644;49.999997275136;0.5337926481227618;307.3216018676758
collect;safe-iter-500;constructed-self-constructing-unsafe;0;0.2;0.00260604217200411;0.0026060433598090686;0.0;-50.00259835591177;49.999997266822575;0.5335526113259002;309.319349527359
collect;safe-iter-500;constructed-self-constructing-unsafe;0;0.2;0.0026249916858447535;0.002624992873649712;0.0;-50.00261727213859;49.999997234393994;0.5327076406174777;312.17789793014526
collect;safe-iter-500;constructed-self-constructing-unsafe;0;0.2;0.002638380647087311;0.00263838183489227;0.0;-50.00263063250293;49.999997206469814;0.5321105933235737;318.556649684906
collect;safe-iter-500;constructed-self-constructing-unsafe;0;0.2;0.0026567771984119604;0.00265677838621692;0.0;-50.00264899761939;49.99999717574826;0.5312901979620783;320.2470316886902
collect;safe-iter-500;constructed-self-constructing-unsafe;0;0.2;0.0026691075051456696;0.002669108692950628;0.0;-50.00266130178237;49.99999715032205;0.5307403661083583;321.5232801437378
collect;safe-iter-500;constructed-self-constructing-unsafe;0;0.2;0.0026715719017758586;0.002671573089580817;0.0;-50.002663766482755;49.99999715062189;0.5306305637735972;322.35999059677124
collect;safe-iter-500;constructed-self-constructing-unsafe;0;0.2;0.002675394350264965;0.002675395538069924;0.0;-50.0026675901163;49.99999715178383;0.5304601089761458;331.37543296813965
collect;safe-iter-500;constructed-self-constructing-unsafe;0;0.2;0.002679614967991931;0.0026796161557968894;0.0;-50.00267183272185;49.99999717326191;0.5302722000929552;327.1405704021454
collect;safe-iter-500;constructed-self-constructing-unsafe;0;0.2;0.002682681665766115;0.002682682853571073;0.0;-50.00267488498622;49.999997159159285;0.530135451753821;329.3859920501709
collect;safe-iter-500;constructed-self-constructing-unsafe;0;0.2;0.0026910496359722116;0.0026910508237771706;0.0;-50.00268327132669;49.99999717720301;0.5297623330682731;334.2544496059418
collect;safe-iter-500;constructed-self-constructing-unsafe;0;0.2;0.0027145491831862037;0.0027145503709911623;0.0;-50.00270673002009;49.9999971373321;0.5287144379677425;339.21505999565125
collect;safe-iter-500;constructed-self-constructing-unsafe;0;0.2;0.0027187501304747506;0.0027187513182797087;0.0;-50.00271094154174;49.99999714767499;0.5285271129755953;337.7182664871216
collect;safe-iter-500;constructed-self-constructing-unsafe;0;0.2;0.002719309368806776;0.0027193105566117345;0.0;-50.002711506175636;49.999997152963374;0.5285021769249812;341.1340477466583
collect;safe-iter-500;constructed-self-constructing-unsafe;0;0.2;0.0027223663396648374;0.002722367527469795;0.0;-50.002714606735026;49.999997195609474;0.5283658693610099;342.22151827812195
collect;safe-iter-500;constructed-self-constructing-unsafe;0;0.2;0.002730266652673256;0.002730267840478214;0.0;-50.002722484698324;49.99999717376934;0.5280135644183555;343.0394034385681
collect;safe-iter-500;constructed-self-constructing-unsafe;0;0.2;0.002731684352269981;0.002731685540074939;0.0;-50.00272392604226;49.99999719688228;0.5279503591793294;345.7716634273529
collect;safe-iter-500;constructed-self-constructing-unsafe;0;0.2;0.0027426535439078665;0.002742654731712825;0.0;-50.002734877156676;49.99999717925289;0.5274612167393107;350.29480600357056
collect;safe-iter-500;constructed-self-constructing-unsafe;0;0.2;0.002752193440087665;0.0027521946278926237;0.0;-50.002744407267016;49.999997169712415;0.5270358194262081;354.56871914863586
collect;safe-iter-500;constructed-self-constructing-unsafe;0;0.2;0.002756835881002376;0.0027568370688073347;0.0;-50.00274905010446;49.999997170125425;0.5268288299229613;352.9907343387604
collect;safe-iter-500;constructed-self-constructing-unsafe;0;0.2;0.0027711882751396554;0.002771189462944614;0.0;-50.00276339158962;49.999997159664105;0.5261888293614694;360.0699350833893
collect;safe-iter-500;constructed-self-constructing-unsafe;0;0.2;0.0027905677041320963;0.002790568891937055;0.0;-50.00278275117866;49.999997140284535;0.525324623124124;359.6291882991791
collect;safe-iter-500;constructed-self-constructing-unsafe;0;0.2;0.0027906581439229397;0.0027906593404596605;0.0;-50.00278283962975;49.999997138485064;0.5253205907740182;361.250360250473
collect;safe-iter-500;constructed-self-constructing-unsafe;0;0.2;0.0028060849955787014;0.0028060861921154227;0.0;-50.00279823913104;49.99999711180264;0.5246326779545696;366.0694787502289
collect;safe-iter-500;constructed-self-constructing-unsafe;0;0.2;0.002812888148442813;0.0028128893449795344;0.0;-50.00280503147241;49.99999710125842;0.5243293194598776;366.31019139289856
collect;safe-iter-500;constructed-self-constructing-unsafe;0;0.2;0.002815503880475576;0.0028155050770122974;0.0;-50.00280764640629;49.99999710047775;0.524212678092427;367.24400210380554
collect;safe-iter-500;constructed-self-constructing-unsafe;0;0.2;0.002824559726235703;0.0028245609227724243;0.0;-50.00281669008287;49.99999708861286;0.5238088653350997;373.8854250907898
collect;safe-iter-500;constructed-self-constructing-unsafe;0;0.2;0.002837464058124114;0.0028374652546608353;0.0;-50.00282958718289;49.999997081572225;0.5232334306452417;379.4611015319824
collect;safe-iter-500;constructed-self-constructing-unsafe;0;0.2;0.002857764598363224;0.0028577657948999453;0.0;-50.00284985012071;49.999997044897235;0.52232816745214;379.6129412651062
collect;safe-iter-500;constructed-self-constructing-unsafe;0;0.2;0.002864683926804467;0.0028646851233411885;0.0;-50.002856764975824;49.999997040527184;0.5220196205547473;380.6654722690582
collect;safe-iter-500;constructed-self-constructing-unsafe;0;0.2;0.00287266723997318;0.002872668436509901;0.0;-50.00286473584954;49.99999702850503;0.5216636516267832;379.7983982563019
collect;safe-iter-500;constructed-self-constructing-unsafe;0;0.2;0.0028818915570496596;0.002881892753586381;0.0;-50.00287397605851;49.999997044034984;0.5212523185098284;388.3205552101135
collect;safe-iter-500;constructed-self-constructing-unsafe;0;0.2;0.0028874836765253624;0.0028874848730620836;0.0;-50.00287957724623;49.999997052918225;0.5210029656906559;384.1567723751068
collect;safe-iter-500;constructed-self-constructing-unsafe;0;0.2;0.0028968586697426723;0.002896859866279394;0.0;-50.00288893023446;49.99999703148797;0.5205849346060923;390.90231800079346
collect;safe-iter-500;constructed-self-constructing-unsafe;0;0.2;0.0028993747941297443;0.0028993759906664656;0.0;-50.00289144831049;49.999997033400994;0.520472736847757;399.9490740299225
collect;safe-iter-500;constructed-self-constructing-unsafe;0;0.2;0.002911664746060325;0.002911665942597047;0.0;-50.00290372693299;49.999997022361974;0.5199247277421698;399.13830304145813
collect;safe-iter-500;constructed-self-constructing-unsafe;0;0.2;0.0029160225779332393;0.002916023774469962;0.0;-50.00290809213212;49.99999702955712;0.519730405466199;397.90257954597473
collect;safe-iter-500;constructed-self-constructing-unsafe;0;0.2;0.002932369371895907;0.002932370568432629;0.0;-50.00292441403266;49.99999700533323;0.519001468838122;408.43183851242065
collect;safe-iter-500;constructed-self-constructing-unsafe;0;0.2;0.002934458184162312;0.0029344593806990343;0.0;-50.00292651358773;49.99999701584318;0.5189083232446948;401.2484302520752
collect;safe-iter-500;constructed-self-constructing-unsafe;0;0.2;0.0029407206621427364;0.0029407218586794594;0.0;-50.002932774578895;49.999997014413466;0.5186290904536678;410.48265194892883
collect;safe-iter-500;constructed-self-constructing-unsafe;0;0.2;0.002954738063618638;0.0029547392601553604;0.0;-50.00294677740044;49.99999700017838;0.5180040905262031;416.25851678848267
collect;safe-iter-500;constructed-self-constructing-unsafe;0;0.2;0.002963306126813128;0.00296330732334985;0.0;-50.00295533824889;49.99999699311949;0.5176220147463336;411.17840051651
collect;safe-iter-500;constructed-self-constructing-unsafe;0;0.2;0.0029650664401405877;0.00296506763667731;0.0;-50.002957094645026;49.99999698929909;0.5175435222089949;416.4336988925934
collect;safe-iter-500;constructed-self-constructing-unsafe;0;0.2;0.0029738329461728237;0.0029738341427095463;0.0;-50.00296585732889;49.9999969855873;0.5171526192732133;420.30381083488464
collect;safe-iter-500;constructed-self-constructing-unsafe;0;0.2;0.002975631359418121;0.002975632555954844;0.0;-50.002967656719754;49.9999969865513;0.5170724314701527;424.915650844574
collect;safe-iter-500;constructed-self-constructing-unsafe;0;0.2;0.002984069891048321;0.002984071087585043;0.0;-50.00297608004134;49.999996974084205;0.5166961564044253;419.0219507217407
collect;safe-iter-500;constructed-self-constructing-unsafe;0;0.2;0.0029880673619974386;0.002988068558534161;0.0;-50.00298008083788;49.999996977382516;0.5165179118620502;421.4311246871948
collect;safe-iter-500;constructed-self-constructing-unsafe;0;0.2;0.003020987589858337;0.003020988786395059;0.0;-50.0030129420081;49.99999691968876;0.5150498671496616;428.22426891326904
collect;safe-iter-500;constructed-self-constructing-unsafe;0;0.2;0.0030329057225596577;0.003032906919120862;0.0;-50.00302484957842;49.999996909377444;0.5145184022713671;438.2708637714386
collect;safe-iter-500;constructed-self-constructing-unsafe;0;0.2;0.003037204059006533;0.0030372052555677374;0.0;-50.00302914626153;49.9999969077845;0.514326736525724;433.9843044281006
collect;safe-iter-500;constructed-self-constructing-unsafe;0;0.2;0.0030413423835395845;0.0030413435801007888;0.0;-50.00303327767374;49.99999690105055;0.5141422136945727;436.18293285369873
collect;safe-iter-500;constructed-self-constructing-unsafe;0;0.2;0.003047941474923325;0.003047942671484529;0.0;-50.00303986966383;49.999996894136736;0.5138479617702828;438.2976722717285
collect;safe-iter-500;constructed-self-constructing-unsafe;0;0.2;0.0030504108189828537;0.003050412015544058;0.0;-50.00304233734012;49.9999968925141;0.5137378587834601;444.01624584198
collect;safe-iter-500;constructed-self-constructing-unsafe;0;0.2;0.0030558164921840915;0.003055817688745295;0.0;-50.003047739334626;49.999996888935456;0.5134968178112619;441.0385205745697
collect;safe-iter-500;constructed-self-constructing-unsafe;0;0.2;0.003060290629031862;0.0030602918255930663;0.0;-50.00305220752828;49.999996883135815;0.5132973008954805;448.5133717060089
collect;safe-iter-500;constructed-self-constructing-unsafe;0;0.2;0.003069643834528242;0.0030696450310894463;0.0;-50.003061550707216;49.99999687334232;0.5128802120840604;446.7990789413452
collect;safe-iter-500;constructed-self-constructing-unsafe;0;0.2;0.003073508294067565;0.003073509490628769;0.0;-50.00306541304874;49.99999687128265;0.5127078989806922;457.2041664123535
collect;safe-iter-500;constructed-self-constructing-unsafe;0;0.2;0.003081066814138316;0.0030810680106995204;0.0;-50.00307296985236;49.99999686961063;0.5123708549051278;456.2581834793091
collect;safe-iter-500;constructed-self-constructing-unsafe;0;0.2;0.0030811353035669056;0.00308113650012811;0.0;-50.00307303884121;49.9999968700953;0.5123678017530928;459.87275862693787
collect;safe-iter-500;constructed-self-constructing-unsafe;0;0.2;0.003086650091315879;0.0030866512878770834;0.0;-50.00307854818286;49.99999686476935;0.5121218755599989;459.8088436126709
collect;safe-iter-500;constructed-self-constructing-unsafe;0;0.2;0.003089585339172786;0.0030895865357339902;0.0;-50.00308148458963;49.99999686589585;0.5119909882693024;467.9110095500946
collect;safe-iter-500;constructed-self-constructing-unsafe;0;0.2;0.0030982654047870175;0.0030982666013482218;0.0;-50.003090162059294;49.9999968633636;0.511603921380544;470.4964394569397
collect;safe-iter-500;constructed-self-constructing-unsafe;0;0.2;0.003122021587040561;0.003122022783601765;0.0;-50.00311388352668;49.99999682947324;0.5105445865162781;465.1426899433136
collect;safe-iter-500;constructed-self-constructing-unsafe;0;0.2;0.0031266891207374463;0.003126690317298651;0.0;-50.003118544456186;49.99999682303031;0.5103364562860653;473.16675448417664
collect;safe-iter-500;constructed-self-constructing-unsafe;0;0.2;0.003131315408842898;0.0031313166054041026;0.0;-50.003123185011916;49.99999683701418;0.5101301534676204;475.5509407520294
collect;safe-iter-500;constructed-self-constructing-unsafe;0;0.2;0.003133354290182556;0.00313335548674376;0.0;-50.003125226699964;49.999996839759746;0.510039239745445;479.7962644100189
collect;safe-iter-500;constructed-self-constructing-unsafe;0;0.2;0.0031380716777146813;0.0031380728742758856;0.0;-50.00312993517655;49.99999683107225;0.5098288768453804;477.2826747894287
collect;safe-iter-500;constructed-self-constructing-unsafe;0;0.2;0.0031448331310407647;0.003144834327601969;0.0;-50.003136685948995;49.99999682065357;0.5095273757271711;482.63735151290894
collect;safe-iter-500;constructed-self-constructing-unsafe;0;0.2;0.0031465313090910576;0.003146532505652262;0.0;-50.003138380744126;49.99999681786493;0.5094516559986974;483.8521010875702
collect;safe-iter-500;constructed-self-constructing-unsafe;0;0.2;0.0031514319085109007;0.0031514331470253697;0.0;-50.00314327298216;49.9999968097989;0.5092331425413955;495.43206763267517
collect;safe-iter-500;constructed-self-constructing-unsafe;0;0.2;0.003159816328991135;0.0031598175675056042;0.0;-50.003151645684255;49.99999679835845;0.5088592642116483;493.45417165756226
collect;safe-iter-500;constructed-self-constructing-unsafe;0;0.2;0.0031605897613643536;0.003160590999878823;0.0;-50.003152423635775;49.99999680277605;0.5088247761390395;495.4515595436096
collect;safe-iter-500;constructed-self-constructing-unsafe;0;0.2;0.003165279034669119;0.003165280273183588;0.0;-50.003157104737284;49.99999679480674;0.5086156789162168;496.1981644630432
collect;safe-iter-500;constructed-self-constructing-unsafe;0;0.2;0.0031742160612459173;0.0031742172997603862;0.0;-50.00316603020208;49.99999678354506;0.5082171823672208;503.79325222969055
collect;safe-iter-500;constructed-self-constructing-unsafe;0;0.2;0.0031832504385292193;0.0031832516770436874;0.0;-50.003175050946375;49.99999677025938;0.5078143253084745;504.2863025665283
collect;safe-iter-500;constructed-self-constructing-unsafe;0;0.2;0.0031845053709350503;0.0031845066094495196;0.0;-50.00317630409822;49.99999676852664;0.5077583649498196;502.13921332359314
collect;safe-iter-500;constructed-self-constructing-unsafe;0;0.2;0.0031867212507378957;0.0031867224892523642;0.0;-50.00317851090831;49.99999676587445;0.5076595640924686;506.94295167922974
collect;safe-iter-500;constructed-self-constructing-unsafe;0;0.2;0.003198249350987254;0.0031982505895017227;0.0;-50.003190016626895;49.999996744094425;0.5071455211354239;511.2888460159302
collect;safe-iter-500;constructed-self-constructing-unsafe;0;0.2;0.0032101391741566868;0.003210140412671156;0.0;-50.003201899607504;49.99999673744817;0.5066153531082135;511.571661233902
collect;safe-iter-500;constructed-self-constructing-unsafe;0;0.2;0.003213602677728896;0.0032136039162433652;0.0;-50.00320538508616;49.99999675890078;0.5064609184993528;509.4631757736206
collect;safe-iter-500;constructed-self-constructing-unsafe;0;0.2;0.0032168791376264417;0.003216880376140911;0.0;-50.003208668087;49.99999676528582;0.5063148180393754;511.7545018196106
collect;safe-iter-500;constructed-self-constructing-unsafe;0;0.2;0.003219585938798198;0.003219587177312667;0.0;-50.00321137141341;49.999996761908136;0.5061941320090413;518.5617439746857
collect;safe-iter-500;constructed-self-constructing-unsafe;0;0.2;0.003221468118510337;0.0032214693570248062;0.0;-50.003213277270966;49.99999678506097;0.506110208416579;521.8177523612976
collect;safe-iter-500;constructed-self-constructing-unsafe;0;0.2;0.003230008615822666;0.0032300098543371347;0.0;-50.00322180354286;49.999996771178814;0.505729372259493;531.0982284545898
collect;safe-iter-500;constructed-self-constructing-unsafe;0;0.2;0.003233604904114017;0.003233606142628486;0.0;-50.00322540776691;49.99999677894187;0.5055690061485364;530.8527600765228
collect;safe-iter-500;constructed-self-constructing-unsafe;0;0.2;0.0032363933148881205;0.0032363945534025895;0.0;-50.00322819042989;49.99999677332587;0.5054446618465362;540.5117018222809
collect;safe-iter-500;constructed-self-constructing-unsafe;0;0.2;0.003237045502767123;0.0032370467412815925;0.0;-50.003228842556574;49.99999677327439;0.5054155906524516;528.8798139095306
collect;safe-iter-500;constructed-self-constructing-unsafe;0;0.2;0.0032392124185976765;0.0032392136571121454;0.0;-50.003231007226034;49.999996771084824;0.505318964225137;535.9004261493683
collect;safe-iter-500;constructed-self-constructing-unsafe;0;0.2;0.0032430430243320235;0.003243044262846493;0.0;-50.003234834777984;49.999996768102456;0.5051481715312253;546.1693680286407
collect;safe-iter-500;constructed-self-constructing-unsafe;0;0.2;0.0032443316318109226;0.003244332870325392;0.0;-50.00323612157712;49.99999676634289;0.5050907163815892;545.5047571659088
collect;safe-iter-500;constructed-self-constructing-unsafe;0;0.2;0.0032499201057715485;0.0032499213442860183;0.0;-50.00324169945366;49.99999675602732;0.5048415140468072;549.3864285945892
collect;safe-iter-500;constructed-self-constructing-unsafe;0;0.2;0.0032569484281482217;0.003256949666662691;0.0;-50.00324871323583;49.99999674280826;0.5045281222959704;546.288382768631
collect;safe-iter-500;constructed-self-constructing-unsafe;0;0.2;0.0032570656473553854;0.0032570668858698543;0.0;-50.00324883110517;49.99999674348681;0.5045228954945215;553.5973176956177
collect;safe-iter-500;constructed-self-constructing-unsafe;0;0.2;0.0032571835021620445;0.003257184740676514;0.0;-50.00324895320262;49.999996747691235;0.5045176449462927;550.2475576400757
collect;safe-iter-500;constructed-self-constructing-unsafe;0;0.2;0.0032615253167555093;0.003261526555269979;0.0;-50.003253295237485;49.999996747919404;0.5043240390873504;566.70237159729
collect;safe-iter-500;constructed-self-constructing-unsafe;0;0.2;0.003263285101296215;0.003263286339810684;0.0;-50.0032550538492;49.99999674677564;0.5042455614817776;560.5253677368164
collect;safe-iter-500;constructed-self-constructing-unsafe;0;0.2;0.003266867527193633;0.0032668687657081024;0.0;-50.00325863955287;49.99999674997564;0.504085823441461;563.286388874054
collect;safe-iter-500;constructed-self-constructing-unsafe;0;0.2;0.0032691476270856135;0.0032691488656000816;0.0;-50.00326091715332;49.999996747538304;0.503984150335476;558.3104863166809
collect;safe-iter-500;constructed-self-constructing-unsafe;0;0.2;0.0032704534008047466;0.0032704546393192155;0.0;-50.003262221846185;49.999996746490154;0.5039259303553126;565.3324782848358
collect;safe-iter-500;constructed-self-constructing-unsafe;0;0.2;0.0032719896633144397;0.0032719909018289082;0.0;-50.00326375765;49.99999674605342;0.5038574374334519;571.8313426971436
collect;safe-iter-500;constructed-self-constructing-unsafe;0;0.2;0.0032813458602449007;0.003281347098759369;0.0;-50.00327309856754;49.99999673115943;0.5034402456664795;572.3573532104492
collect;safe-iter-500;constructed-self-constructing-unsafe;0;0.2;0.003293488218875774;0.003293489544080378;0.0;-50.00328522309315;49.9999967139185;0.5028988019855323;574.6558139324188
collect;safe-iter-500;constructed-self-constructing-unsafe;0;0.2;0.0032961375750903453;0.003296138900294949;0.0;-50.003287871483074;49.99999671298065;0.5027806742562839;576.5019636154175
collect;safe-iter-500;constructed-self-constructing-unsafe;0;0.2;0.003299893989061331;0.003299895314265934;0.0;-50.003291621187486;49.99999670645624;0.5026131734261817;578.9122500419617
collect;safe-iter-500;constructed-self-constructing-unsafe;0;0.2;0.003301735397141829;0.0033017367223464322;0.0;-50.00329346177102;49.99999670565584;0.5025295863974106;582.6092441082001
collect;safe-iter-500;constructed-self-constructing-unsafe;0;0.2;0.0033044421554110086;0.003304443480615612;0.0;-50.003296175806156;49.999996712998325;0.502408887362717;583.1568078994751
collect;safe-iter-500;constructed-self-constructing-unsafe;0;0.2;0.003310689919178953;0.0033106912443835565;0.0;-50.00330241309642;49.99999670280261;0.5021303128266547;590.0364460945129
collect;safe-iter-500;constructed-self-constructing-unsafe;0;0.2;0.0033141724671286016;0.003314173792333206;0.0;-50.00330588923424;49.99999669656817;0.5019750262169427;594.6468703746796
collect;safe-iter-500;constructed-self-constructing-unsafe;0;0.2;0.003318077337579114;0.003318078662783718;0.0;-50.003309789197885;49.99999669182878;0.5018008998987389;588.8558168411255
collect;safe-iter-500;constructed-self-constructing-unsafe;0;0.2;0.0033269112345360678;0.0033269125597406714;0.0;-50.00331861175745;49.99999668078372;0.5014069909668548;591.5228419303894
collect;safe-iter-500;constructed-self-constructing-unsafe;0;0.2;0.003327671529260078;0.003327672854464682;0.0;-50.003319379568794;49.999996688118195;0.501373089452285;600.5206000804901
collect;safe-iter-500;constructed-self-constructing-unsafe;0;0.2;0.0033299999469837875;0.0033300012721883916;0.0;-50.00332170466099;49.99999668489851;0.5012692810786211;595.7283277511597
collect;safe-iter-500;constructed-self-constructing-unsafe;0;0.2;0.0033334553642027183;0.0033334566894073223;0.0;-50.00332516082125;49.99999668563231;0.501115197896611;605.2544229030609
collect;safe-iter-500;constructed-self-constructing-unsafe;0;0.2;0.0033338510954405084;0.0033338524206451116;0.0;-50.003325557328026;49.999996686387725;0.5010975521888282;616.274197101593
collect;safe-iter-500;constructed-self-constructing-unsafe;0;0.2;0.0033361479902009154;0.0033361493154055186;0.0;-50.00332785202396;49.99999668426955;0.5009951467186364;611.0752491950989
collect;safe-iter-500;constructed-self-constructing-unsafe;0;0.2;0.0033422160196268447;0.0033422173448314487;0.0;-50.003333913341244;49.99999667773845;0.500724580506701;609.8880319595337
collect;safe-iter-500;constructed-self-constructing-unsafe;0;0.2;0.00334230909863586;0.003342310423840463;0.0;-50.00333400676053;49.999996678071895;0.5007204307709956;622.7757303714752
collect;safe-iter-500;constructed-self-constructing-unsafe;0;0.2;0.0033445138445754737;0.0033445151697800777;0.0;-50.00333620426673;49.999996670997106;0.5006221174382166;631.6767473220825
collect;safe-iter-500;constructed-self-constructing-unsafe;0;0.2;0.0033455030827717024;0.003345504407976307;0.0;-50.00333719901634;49.999996676384285;0.5005780108721927;622.9203059673309
collect;safe-iter-500;constructed-self-constructing-unsafe;0;0.2;0.003345894817226113;0.003345896142430716;0.0;-50.0033375877279;49.99999667343313;0.5005605439454193;626.4413626194
collect;safe-iter-500;constructed-self-constructing-unsafe;0;0.2;0.003347715273013264;0.0033477165982178673;0.0;-50.003339410080045;49.99999667529012;0.5004793024154366;631.0841629505157
collect;safe-iter-500;constructed-self-constructing-unsafe;0;0.2;0.003348504197833175;0.003348505523037778;0.0;-50.0033402017079;49.99999667793271;0.5004441236750732;631.2910225391388
collect;safe-iter-500;constructed-self-constructing-unsafe;0;0.2;0.003352883386683875;0.0033528847118884783;0.0;-50.00334456378408;49.99999666812946;0.5002488802882655;628.9954690933228
collect;safe-iter-500;constructed-self-constructing-unsafe;0;0.2;0.0033587599013009907;0.003358761226505594;0.0;-50.00335043804188;49.99999666594802;0.4999861891020798;642.9109859466553
collect;safe-iter-500;constructed-self-constructing-unsafe;0;0.2;0.003361989195907785;0.003361990521112388;0.0;-50.003353665268286;49.99999666393516;0.499842194668471;642.4220054149628
collect;safe-iter-500;constructed-self-constructing-unsafe;0;0.2;0.0033626704633236615;0.003362671788528265;0.0;-50.00335436158655;49.99999667861198;0.4998118175137464;643.2069149017334
collect;safe-iter-500;constructed-self-constructing-unsafe;0;0.2;0.00337109021880892;0.0033710915440135236;0.0;-50.003362767558926;49.999996665172354;0.4994363761705972;646.8541359901428
collect;safe-iter-500;constructed-self-constructing-unsafe;0;0.2;0.0033797057073515365;0.00337970703255614;0.0;-50.00337138087985;49.99999666308499;0.49905220923038457;648.1506872177124
collect;safe-iter-500;constructed-self-constructing-unsafe;0;0.2;0.003385552603585629;0.003385553928790233;0.0;-50.00337721837279;49.99999665391037;0.4987913626442206;661.7833003997803
collect;safe-iter-500;constructed-self-constructing-unsafe;0;0.2;0.003389425346128805;0.0033894266713334086;0.0;-50.003381089937946;49.999996652861725;0.49861868060583686;662.4477362632751
collect;safe-iter-500;constructed-self-constructing-unsafe;0;0.2;0.003390732181114305;0.0033907335063189077;0.0;-50.00338239467263;49.99999665081288;0.49856040808344626;661.6825394630432
collect;safe-iter-500;constructed-self-constructing-unsafe;0;0.2;0.003392721641484865;0.003392722966689469;0.0;-50.003384385714114;49.99999665236545;0.49847170035812943;661.1156811714172
collect;safe-iter-500;constructed-self-constructing-unsafe;0;0.2;0.0033958263727275205;0.003395827697932124;0.0;-50.003387491653484;49.99999665364064;0.4983332656081552;667.9248764514923
collect;safe-iter-500;constructed-self-constructing-unsafe;0;0.2;0.0033994396708757458;0.003399440996080349;0.0;-50.00339110090774;49.99999664970358;0.49817214631610346;669.147519826889
collect;safe-iter-500;constructed-self-constructing-unsafe;0;0.2;0.003400132397759396;0.003400133722964;0.0;-50.003391792382246;49.999996648485784;0.49814125811857773;674.4009845256805
collect;safe-iter-500;constructed-self-constructing-unsafe;0;0.2;0.0034018969890611916;0.0034018983142657952;0.0;-50.00339355088769;49.99999664253877;0.49806256878062694;674.6890323162079
collect;safe-iter-500;constructed-self-constructing-unsafe;0;0.2;0.0034023901026483372;0.003402391427852941;0.0;-50.003394043656215;49.9999966422031;0.4980405816932575;684.047910451889
collect;safe-iter-500;constructed-self-constructing-unsafe;0;0.2;0.0034041352128747248;0.003404136538079327;0.0;-50.00339578717288;49.99999664065511;0.49796277148966084;680.5397047996521
collect;safe-iter-500;constructed-self-constructing-unsafe;0;0.2;0.003406362332670614;0.0034063636578752173;0.0;-50.00339801114471;49.9999966377437;0.4978634764127694;685.7294661998749
collect;safe-iter-500;constructed-self-constructing-unsafe;0;0.2;0.003413602297887612;0.0034136036230922153;0.0;-50.00340523899047;49.99999662592207;0.4975406377522937;689.2217299938202
collect;safe-iter-500;constructed-self-constructing-unsafe;0;0.2;0.0034156777822013282;0.0034156791074059314;0.0;-50.00340731104755;49.99999662257213;0.49744808776780136;691.471955537796
collect;safe-iter-500;constructed-self-constructing-unsafe;0;0.2;0.0034207464753530734;0.003420747800557677;0.0;-50.003412372023206;49.99999661505483;0.4972220812703736;698.3497686386108
collect;safe-iter-500;constructed-self-constructing-unsafe;0;0.2;0.003422441767719919;0.0034224430929245225;0.0;-50.003414061511094;49.9999966093876;0.49714648703305175;688.1418688297272
collect;safe-iter-500;constructed-self-constructing-unsafe;0;0.2;0.003422938168633081;0.0034229394938376846;0.0;-50.00341456656754;49.99999661783299;0.4971243527702544;698.7505540847778
collect;safe-iter-500;constructed-self-constructing-unsafe;0;0.2;0.003435253055342541;0.003435254380547145;0.0;-50.00342686228886;49.99999659911023;0.4965751870538347;705.7420237064362
collect;safe-iter-500;constructed-self-constructing-unsafe;0;0.2;0.0034385729334846533;0.003438574258689257;0.0;-50.003430181723445;49.99999659867726;0.49642714695430723;715.1580743789673
collect;safe-iter-500;constructed-self-constructing-unsafe;0;0.2;0.003439165188147151;0.0034391665133517548;0.0;-50.003430774919536;49.99999659959742;0.49640073930192075;703.9613499641418
collect;safe-iter-500;constructed-self-constructing-unsafe;0;0.2;0.0034442381171709865;0.00344423944237559;0.0;-50.00343583977359;49.99999659171212;0.49617452487353336;709.474860906601
collect;safe-iter-500;constructed-self-constructing-unsafe;0;0.2;0.0034448481317899743;0.0034448494569945787;0.0;-50.003436455020626;49.99999659682131;0.4961473259816972;713.7068798542023
collect;safe-iter-500;constructed-self-constructing-unsafe;0;0.2;0.0034488289236917786;0.0034488302488963826;0.0;-50.00344042806378;49.999996589309134;0.4959698248685896;711.7472517490387
collect;safe-iter-500;constructed-self-constructing-unsafe;0;0.2;0.0034489683127234432;0.0034489696379280464;0.0;-50.003440572147426;49.99999659393319;0.4959636105491238;714.1383345127106
collect;safe-iter-500;constructed-self-constructing-unsafe;0;0.2;0.003451001806177238;0.0034510031313818414;0.0;-50.00344260215994;49.999996590538366;0.49587293261100857;719.9490900039673
collect;safe-iter-500;constructed-self-constructing-unsafe;0;0.2;0.003454213704073344;0.0034542150292779478;0.0;-50.0034458085145;49.99999658512739;0.49572970618436185;728.9880447387695
collect;safe-iter-500;constructed-self-constructing-unsafe;0;0.2;0.003455249598903736;0.0034552509241083406;0.0;-50.003446849319815;49.99999658992041;0.495683506551146;732.6029233932495
collect;safe-iter-500;constructed-self-constructing-unsafe;0;0.2;0.0034676545099184782;0.0034676558351230827;0.0;-50.00345923500515;49.999996571184674;0.4951303751507012;735.7518854141235
collect;safe-iter-500;constructed-self-constructing-unsafe;0;0.2;0.0034721500329940418;0.003472151358198646;0.0;-50.003463732043926;49.99999657267139;0.49492815943004126;733.7230994701385
collect;safe-iter-500;constructed-self-constructing-unsafe;0;0.2;0.0034721726473275275;0.003472173972532131;0.0;-50.003463756991785;49.999996574955965;0.49492715124481373;735.7339155673981
collect;safe-iter-500;constructed-self-constructing-unsafe;0;0.2;0.0034741789868198937;0.0034741803120244973;0.0;-50.0034657596858;49.999996571397276;0.49483768354125135;743.5459237098694
collect;safe-iter-500;constructed-self-constructing-unsafe;0;0.2;0.0034764281053315787;0.0034764294305361823;0.0;-50.00346802353299;49.9999965857842;0.494737391151555;743.0679106712341
collect;safe-iter-500;constructed-self-constructing-unsafe;0;0.2;0.0034771808300784832;0.0034771821552830873;0.0;-50.00346877843698;49.99999658791048;0.494703826392332;749.3276934623718
collect;safe-iter-500;constructed-self-constructing-unsafe;0;0.2;0.003481896354550533;0.0034818976797551366;0.0;-50.0034734911969;49.99999658521097;0.4944935529275153;747.301361322403
collect;safe-iter-500;constructed-self-constructing-unsafe;0;0.2;0.003484266818871469;0.0034842681440760723;0.0;-50.00347585838326;49.99999658201525;0.4943878535185768;748.2963752746582
collect;safe-iter-500;constructed-self-constructing-unsafe;0;0.2;0.00348546837413726;0.0034854696993418632;0.0;-50.00347706211011;49.99999658412858;0.4943342735089425;760.1562855243683
collect;safe-iter-500;constructed-self-constructing-unsafe;0;0.2;0.003491709683739166;0.0034917110089437695;0.0;-50.0034832958777;49.99999657681852;0.4940559789236924;758.6564195156097
collect;safe-iter-500;constructed-self-constructing-unsafe;0;0.2;0.0034960048816352457;0.00349600620683985;0.0;-50.00348758539008;49.999996571263274;0.4938644438603713;773.481692314148
collect;safe-iter-500;constructed-self-constructing-unsafe;0;0.2;0.0034967956355740114;0.003496796960778615;0.0;-50.00348837535085;49.999996570488285;0.4938291824249582;762.8382296562195
collect;safe-iter-500;constructed-self-constructing-unsafe;0;0.2;0.0035001932679548046;0.003500194593159408;0.0;-50.0034917717087;49.99999656925293;0.4936776757487695;768.743376493454
collect;safe-iter-500;constructed-self-constructing-unsafe;0;0.2;0.0035007890090583945;0.0035007903342629976;0.0;-50.003492367053475;49.99999656886823;0.49365111345952273;772.0029411315918
collect;safe-iter-500;constructed-self-constructing-unsafe;0;0.2;0.003502005819046394;0.003502007144250997;0.0;-50.00349358167052;49.99999656672846;0.4935968575989738;772.7682812213898
collect;safe-iter-500;constructed-self-constructing-unsafe;0;0.2;0.0035022252273185063;0.0035022265525231095;0.0;-50.00349381583675;49.999996581154996;0.49358707528108153;781.3852663040161
collect;safe-iter-500;constructed-self-constructing-unsafe;0;0.2;0.003504128048405159;0.0035041293736097624;0.0;-50.00349571665097;49.99999657921099;0.49350223440960334;781.470076084137
collect;safe-iter-500;constructed-self-constructing-unsafe;0;0.2;0.0035046189120550883;0.003504620237259692;0.0;-50.00349620668277;49.99999657839982;0.4934803468671534;792.5196800231934
collect;safe-iter-500;constructed-self-constructing-unsafe;0;0.2;0.003505196441519809;0.003505197766724412;0.0;-50.00349678293864;49.99999657716281;0.4934545941265853;797.8697879314423
collect;safe-iter-500;constructed-self-constructing-unsafe;0;0.2;0.003513959677437375;0.0035139610026419786;0.0;-50.0035055320066;49.999996563355566;0.4930638426981469;796.1972074508667
collect;safe-iter-500;constructed-self-constructing-unsafe;0;0.2;0.003514983907754023;0.003514985233055742;0.0;-50.00350655465788;49.99999656181371;0.49301817088698613;798.6934037208557
collect;safe-iter-500;constructed-self-constructing-unsafe;0;0.2;0.0035247855203499267;0.003524786845651646;0.0;-50.00351635051974;49.999996556222605;0.49258111629480333;798.3012981414795
collect;safe-iter-500;constructed-self-constructing-unsafe;0;0.2;0.003525123327411582;0.003525124652713301;0.0;-50.00351668433643;49.99999655242915;0.4925660534104744;814.6384346485138
collect;safe-iter-500;constructed-self-constructing-unsafe;0;0.2;0.0035285010421070716;0.003528502367408791;0.0;-50.00352006399389;49.9999965544506;0.4924154587037566;818.7678346633911
collect;safe-iter-500;constructed-self-constructing-unsafe;0;0.2;0.0035286384052509528;0.003528639730552672;0.0;-50.003520209025204;49.99999656193803;0.4924093342386619;814.3060681819916
collect;safe-iter-500;constructed-self-constructing-unsafe;0;0.2;0.0035302640816894633;0.0035302654069911824;0.0;-50.003521832131916;49.99999655943998;0.4923368449716947;814.9949977397919
collect;safe-iter-500;constructed-self-constructing-unsafe;0;0.2;0.003533092979023808;0.0035330943043255627;0.0;-50.00352466551507;49.99999656382014;0.4922107017538268;814.3402490615845
collect;safe-iter-500;constructed-self-constructing-unsafe;0;0.2;0.003534934581595555;0.00353493590689731;0.0;-50.003526504016406;49.99999656079708;0.4921285855777077;815.955276966095
collect;safe-iter-500;constructed-self-constructing-unsafe;0;0.2;0.003536981758094982;0.003536983087639355;0.0;-50.0035285502881;49.999996559923105;0.4920372965899818;837.9689409732819
collect;safe-iter-500;constructed-self-constructing-unsafe;0;0.2;0.0035388047300628934;0.003538806059607267;0.0;-50.00353037253291;49.99999655921166;0.491956005944887;828.7150177955627
collect;safe-iter-500;constructed-self-constructing-unsafe;0;0.2;0.0035407903254873084;0.0035407916550316814;0.0;-50.003532355232764;49.9999965563871;0.4918674667535605;825.6448137760162
collect;safe-iter-500;constructed-self-constructing-unsafe;0;0.2;0.0035445117830769685;0.003544513112621341;0.0;-50.00353607377935;49.99999655355183;0.49170125810206605;836.5943744182587
collect;safe-iter-500;constructed-self-constructing-unsafe;0;0.2;0.0035461816772540513;0.0035461830067984243;0.0;-50.003537749639854;49.99999655937924;0.49162679971115214;838.2445847988129
collect;safe-iter-500;constructed-self-constructing-unsafe;0;0.2;0.003550724235157855;0.0035507255647022275;0.0;-50.00354228450122;49.9999965518686;0.4914242389184961;839.9194147586823
collect;safe-iter-500;constructed-self-constructing-unsafe;0;0.2;0.003552265708343473;0.0035522670378878456;0.0;-50.00354382329904;49.99999654925861;0.4913555020273667;854.7347967624664
collect;safe-iter-500;constructed-self-constructing-unsafe;0;0.2;0.0035617339903290376;0.0035617353198734098;0.0;-50.003553280844955;49.99999653878912;0.4909332931789369;860.2734360694885
collect;safe-iter-500;constructed-self-constructing-unsafe;0;0.2;0.0035652112814139325;0.0035652126109583055;0.0;-50.00355675969828;49.99999654032709;0.4907782377374905;848.8043246269226
collect;safe-iter-500;constructed-self-constructing-unsafe;0;0.2;0.003569292463625473;0.0035692937931698456;0.0;-50.00356083457787;49.99999653418837;0.4905962623246794;857.042498588562
collect;safe-iter-500;constructed-self-constructing-unsafe;0;0.2;0.0035704111131047407;0.0035704124444159834;0.0;-50.00356195231639;49.99999653330672;0.49054638056422767;858.8798222541809
collect;uniform_random;constructed-self-constructing-unsafe;0;0.2;0.005056531230834263;0.005056531230834263;1.8334384954468383e-10;-48.46220019275971;49.999999999696215;11.900217329816902;178.2605013847351
collect;uniform_random;constructed-self-constructing-unsafe;0;0.2;0.010929437778610728;0.010929437778610728;1.8596707958167564e-10;-48.4676244988465;49.999999999691106;11.887846004626084;178.83388304710388
collect;uniform_random;constructed-self-constructing-unsafe;0;0.2;0.015028963152128332;0.015028963152128332;1.8721972505814908e-10;-48.471559748038395;49.99999999968899;11.881246912513305;182.4847342967987
collect;uniform_random;constructed-self-constructing-unsafe;0;0.2;0.018527523690780597;0.018527523690780597;1.879194995375202e-10;-48.475401080664724;49.99999999968758;11.876377373491767;185.4987335205078
collect;uniform_random;constructed-self-constructing-unsafe;0;0.2;0.021471065373740883;0.021471065373740883;1.8857330450444325e-10;-48.478477552796456;49.99999999968662;11.871692251402377;188.00628304481506
collect;uniform_random;constructed-self-constructing-unsafe;0;0.2;0.02321146021676205;0.02321146021676205;1.8890386688103791e-10;-48.48025478545841;49.999999999685855;11.868183262814844;189.1565020084381
collect;uniform_random;constructed-self-constructing-unsafe;0;0.2;0.025272205314661234;0.025272205314661234;1.893612963481679e-10;-48.482377615457985;49.99999999968426;11.865307631788683;192.720712184906
collect;uniform_random;constructed-self-constructing-unsafe;0;0.2;0.027665943530644214;0.027665943530644214;1.9042774809196408e-10;-48.48400108467902;49.999999999683084;11.8567488134164;195.54160523414612
collect;uniform_random;constructed-self-constructing-unsafe;0;0.2;0.029173512500129745;0.029173512500129745;1.9130124039731138e-10;-48.48517962565504;49.9999999996818;11.852350646592521;197.28095698356628
collect;uniform_random;constructed-self-constructing-unsafe;0;0.2;0.03127350214658759;0.03127350214658759;1.9153449254223387e-10;-48.48765522448672;49.999999999680405;11.848579716711665;201.2915415763855
collect;uniform_random;constructed-self-constructing-unsafe;0;0.2;0.03235549553335304;0.03235549553335304;1.920289097049954e-10;-48.48884287733481;49.99999999967952;11.847803580906701;202.3951027393341
collect;uniform_random;constructed-self-constructing-unsafe;0;0.2;0.03289349083125611;0.03289349083125611;1.919627887444727e-10;-48.48937370980074;49.99999999968;11.844857988381396;206.42298221588135
collect;uniform_random;constructed-self-constructing-unsafe;0;0.2;0.033595160278597165;0.033595160278597165;1.9213693249675616e-10;-48.48986896527932;49.999999999679176;11.842161379576243;208.47940826416016
collect;uniform_random;constructed-self-constructing-unsafe;0;0.2;0.034555278622946974;0.034555278622946974;1.9220377750857243e-10;-48.49093616355941;49.999999999678636;11.84046577794036;209.94253253936768
collect;uniform_random;constructed-self-constructing-unsafe;0;0.2;0.03543406422646911;0.03543406422646911;1.9241240358967274e-10;-48.49191928050775;49.99999999967848;11.839651162623207;215.86716198921204
collect;uniform_random;constructed-self-constructing-unsafe;0;0.2;0.03595746646891969;0.03595746646891969;1.9270365074862567e-10;-48.49266040516665;49.99999999967819;11.838584036208077;224.4345715045929
collect;uniform_random;constructed-self-constructing-unsafe;0;0.2;0.03685412483127476;0.03685412483127476;1.930321525085312e-10;-48.49342214876098;49.99999999967746;11.836158135631456;218.82418656349182
collect;uniform_random;constructed-self-constructing-unsafe;0;0.2;0.03749994971829388;0.03749994971829388;1.9314357577049415e-10;-48.49393176063596;49.99999999967711;11.833764550122446;221.07685804367065
collect;uniform_random;constructed-self-constructing-unsafe;0;0.2;0.03799832243568624;0.03799832243568624;1.9325437621105136e-10;-48.49446603347095;49.99999999967666;11.832857802062666;225.25153875350952
collect;uniform_random;constructed-self-constructing-unsafe;0;0.2;0.03893472699404161;0.03893472699404161;1.9380674232587966e-10;-48.49563251829438;49.999999999675794;11.83174519293591;226.53992247581482
collect;uniform_random;constructed-self-constructing-unsafe;0;0.2;0.03941925916525176;0.03941925916525176;1.9384875793869974e-10;-48.49615415892866;49.99999999967537;11.830534740465763;231.46938943862915
collect;uniform_random;constructed-self-constructing-unsafe;0;0.2;0.03966776064634367;0.03966776064634367;1.938811474706654e-10;-48.496421662746265;49.99999999963791;11.830122644396678;237.3512613773346
collect;uniform_random;constructed-self-constructing-unsafe;0;0.2;0.04006361348482623;0.04006361348482623;1.9397250403121304e-10;-48.49685140714715;49.99999999963818;11.828373798351196;236.06322360038757
collect;uniform_random;constructed-self-constructing-unsafe;0;0.2;0.04090753433640379;0.04090753433640379;1.9377208060549973e-10;-48.49795595050818;49.999999999638746;11.826099829231234;240.92112016677856
collect;uniform_random;constructed-self-constructing-unsafe;0;0.2;0.041688338410611814;0.041688338410611814;1.9398479945811555e-10;-48.498592513422395;49.99999999963875;11.823401703743903;244.81530666351318
collect;uniform_random;constructed-self-constructing-unsafe;0;0.2;0.04261620738102967;0.04261620738102967;1.9417263946352145e-10;-48.499286148629864;49.999999999637694;11.820174038570274;244.95784187316895
collect;uniform_random;constructed-self-constructing-unsafe;0;0.2;0.04298327823990439;0.04298327823990439;1.9444139462791926e-10;-48.499673629734744;49.99999999963685;11.818398118495898;248.89016842842102
collect;uniform_random;constructed-self-constructing-unsafe;0;0.2;0.04329063607704804;0.04329063607704804;1.940715376705939e-10;-48.5002300382738;49.999999999637716;11.816151010574174;249.09062576293945
collect;uniform_random;constructed-self-constructing-unsafe;0;0.2;0.043765545947895945;0.043765545947895945;1.9413182789293654e-10;-48.50083417778962;49.99999999963703;11.815728243338395;256.8704137802124
collect;uniform_random;constructed-self-constructing-unsafe;0;0.2;0.044380226174068005;0.044380226174068005;1.9432534356809684e-10;-48.50160331064987;49.99999999963671;11.814723871493213;256.54167079925537
collect;uniform_random;constructed-self-constructing-unsafe;0;0.2;0.04485097748458099;0.04485097748458099;1.943204520180636e-10;-48.50215340117387;49.99999999963694;11.813926754875022;259.88508200645447
collect;uniform_random;constructed-self-constructing-unsafe;0;0.2;0.04505019519466051;0.04505019519466051;1.94283406438511e-10;-48.50242271853099;49.99999999963708;11.813064655959318;270.8442521095276
collect;uniform_random;constructed-self-constructing-unsafe;0;0.2;0.04554985674127638;0.04554985674127638;1.943216127177889e-10;-48.50298181403671;49.99999999963694;11.812458978859434;267.78055119514465
collect;uniform_random;constructed-self-constructing-unsafe;0;0.2;0.04599342366939444;0.04599342366939444;1.9464214459395415e-10;-48.503469400342674;49.99999999963629;11.811829264517394;272.72787261009216
collect;uniform_random;constructed-self-constructing-unsafe;0;0.2;0.04639847003133351;0.04639847003133351;1.946992845771744e-10;-48.503841700655386;49.99999999963582;11.81080536399631;271.6623492240906
collect;uniform_random;constructed-self-constructing-unsafe;0;0.2;0.0467711166994124;0.0467711166994124;1.95158546065602e-10;-48.50428722270642;49.99999999963529;11.809512580005498;276.4048914909363
collect;uniform_random;constructed-self-constructing-unsafe;0;0.2;0.047419957559846224;0.047419957559846224;1.9532933355607106e-10;-48.504983910057874;49.99999999963416;11.807606554903531;277.153573513031
collect;uniform_random;constructed-self-constructing-unsafe;0;0.2;0.04813717136721248;0.04813717136721248;1.9528113737273482e-10;-48.505844425152226;49.99999999963565;11.805621640827955;282.4180202484131
collect;uniform_random;constructed-self-constructing-unsafe;0;0.2;0.04842888634234795;0.04842888634234795;1.954730494749229e-10;-48.50624862092023;49.99999999963399;11.805046458048293;283.79017162323
collect;uniform_random;constructed-self-constructing-unsafe;0;0.2;0.048668170551885284;0.048668170551885284;1.9538476969252947e-10;-48.50662199338739;49.999999999634774;11.803967279036918;288.9945168495178
collect;uniform_random;constructed-self-constructing-unsafe;0;0.2;0.04899571426876684;0.04899571426876684;1.9544236262161202e-10;-48.506967853258985;49.99999999963422;11.802516993284373;293.380651473999
collect;uniform_random;constructed-self-constructing-unsafe;0;0.2;0.04943040222169921;0.04943040222169921;1.955144796568615e-10;-48.50739564987888;49.999999999633175;11.801730789915712;295.341304063797
collect;uniform_random;constructed-self-constructing-unsafe;0;0.2;0.04986164048592946;0.04986164048592946;1.9576444062902922e-10;-48.50774077695456;49.99999999963346;11.799817280022511;295.5587668418884
collect;uniform_random;constructed-self-constructing-unsafe;0;0.2;0.05001004578810679;0.05001004578810679;1.958076692602754e-10;-48.50793090567391;49.99999999963256;11.799318577498937;304.28239727020264
collect;uniform_random;constructed-self-constructing-unsafe;0;0.2;0.05024789992428212;0.05024789992428212;1.9593364604519869e-10;-48.50828701454864;49.99999999963204;11.798074349155389;304.5097095966339
collect;uniform_random;constructed-self-constructing-unsafe;0;0.2;0.05059604709806854;0.05059604709806854;1.95815710476069e-10;-48.50878387626073;49.999999999632635;11.797009629438609;309.06675815582275
collect;uniform_random;constructed-self-constructing-unsafe;0;0.2;0.05092262281886882;0.05092262281886882;1.9590211486461093e-10;-48.50906876152601;49.99999999963184;11.796147085217578;313.11778926849365
collect;uniform_random;constructed-self-constructing-unsafe;0;0.2;0.05106464255744434;0.05106464255744434;1.9642380182626125e-10;-48.509301725172065;49.999999999630305;11.795242976718193;314.8989977836609
collect;uniform_random;constructed-self-constructing-unsafe;0;0.2;0.05114585317739458;0.05114585317739458;1.964322602763823e-10;-48.50937992875286;49.999999999630774;11.79497581761067;326.148708820343
collect;uniform_random;constructed-self-constructing-unsafe;0;0.2;0.05149293622820742;0.05149293622820742;1.963744894881294e-10;-48.50980294333982;49.99999999963118;11.794121411426728;325.44734930992126
collect;uniform_random;constructed-self-constructing-unsafe;0;0.2;0.05168011120321907;0.05168011120321907;1.9630469624960483e-10;-48.510096090683405;49.99999999963142;11.792647236842289;332.93064284324646
collect;uniform_random;constructed-self-constructing-unsafe;0;0.2;0.052073509035198126;0.052073509035198126;1.969156485138639e-10;-48.51050948311868;49.999999999630305;11.791665975611645;330.218141078949
collect;uniform_random;constructed-self-constructing-unsafe;0;0.2;0.05236769642186955;0.05236769642186955;1.969352301236745e-10;-48.510823740441396;49.99999999963029;11.791089239530697;343.5717463493347
collect;uniform_random;constructed-self-constructing-unsafe;0;0.2;0.05274645781524406;0.05274645781524406;1.9698314850777842e-10;-48.511147001719955;49.999999999629296;11.79010698242056;337.8149588108063
collect;uniform_random;constructed-self-constructing-unsafe;0;0.2;0.05299508648905492;0.05299508648905492;1.972180333460828e-10;-48.511372579704656;49.99999999963011;11.78941318592917;342.9568748474121
collect;uniform_random;constructed-self-constructing-unsafe;0;0.2;0.05315035458948665;0.05315035458948665;1.9721576175767645e-10;-48.511563904159566;49.999999999629786;11.788898345780053;342.8489851951599
collect;uniform_random;constructed-self-constructing-unsafe;0;0.2;0.05332524485056736;0.05332524485056736;1.9738270743500036e-10;-48.51176986852288;49.99999999962895;11.788619172339306;346.3270568847656
collect;uniform_random;constructed-self-constructing-unsafe;0;0.2;0.05348933049602676;0.05348933049602676;1.9740002265082367e-10;-48.51191176851184;49.99999999962817;11.787956961677962;352.5571312904358
collect;uniform_random;constructed-self-constructing-unsafe;0;0.2;0.05372084180737045;0.05372084180737045;1.979345062936888e-10;-48.51212598228533;49.99999999962785;11.786958485243114;354.8698785305023
collect;uniform_random;constructed-self-constructing-unsafe;0;0.2;0.054197371996470955;0.054197371996470955;1.9812732093952577e-10;-48.51260162364646;49.99999999962687;11.786003167926413;365.4360616207123
collect;uniform_random;constructed-self-constructing-unsafe;0;0.2;0.05441845528178957;0.05441845528178957;1.981305466020889e-10;-48.51292777237594;49.99999999962689;11.785334526536717;367.5490622520447
collect;uniform_random;constructed-self-constructing-unsafe;0;0.2;0.054476033825628434;0.054476033825628434;1.981834647629718e-10;-48.51300705871527;49.99999999962566;11.78509224031488;366.6266131401062
collect;uniform_random;constructed-self-constructing-unsafe;0;0.2;0.054641971546776635;0.054641971546776635;1.9838862258584042e-10;-48.51323856284857;49.999999999626475;11.784822227171503;368.09608340263367
collect;uniform_random;constructed-self-constructing-unsafe;0;0.2;0.05492141873111717;0.05492141873111717;1.982117379020305e-10;-48.51372171142725;49.99999999962586;11.78350285938277;375.07396364212036
collect;uniform_random;constructed-self-constructing-unsafe;0;0.2;0.055167735514780755;0.055167735514780755;1.9851642706825544e-10;-48.51398456795618;49.99999999962461;11.782646806294936;377.8180627822876
collect;uniform_random;constructed-self-constructing-unsafe;0;0.2;0.05532130309643832;0.05532130309643832;1.9854105790663767e-10;-48.51411299015052;49.9999999996244;11.781844820020023;387.7186722755432
collect;uniform_random;constructed-self-constructing-unsafe;0;0.2;0.05564032211454734;0.05564032211454734;1.9816704821763877e-10;-48.5147636187093;49.99999999962563;11.779800478541366;385.91414761543274
collect;uniform_random;constructed-self-constructing-unsafe;0;0.2;0.056009591777164996;0.056009591777164996;1.9823414278089704e-10;-48.51516674624665;49.99999999962589;11.779392863504519;390.5616018772125
collect;uniform_random;constructed-self-constructing-unsafe;0;0.2;0.05625555108369173;0.05625555108369173;1.983043081000877e-10;-48.51543898260641;49.99999999962472;11.778336090832168;397.1426272392273
collect;uniform_random;constructed-self-constructing-unsafe;0;0.2;0.05646952859555162;0.05646952859555162;1.983734652095234e-10;-48.51565045406386;49.99999999962582;11.777433985938837;399.8380296230316
collect;uniform_random;constructed-self-constructing-unsafe;0;0.2;0.05662140681165316;0.05662140681165316;1.9839501141824315e-10;-48.515806737321384;49.999999999625004;11.777157045290112;404.968957901001
collect;uniform_random;constructed-self-constructing-unsafe;0;0.2;0.05671817299166452;0.05671817299166452;1.9856219380543724e-10;-48.516000242210076;49.99999999962507;11.77682753655245;406.18315982818604
collect;uniform_random;constructed-self-constructing-unsafe;0;0.2;0.05690408269473202;0.05690408269473202;1.9860086961881392e-10;-48.51618665165808;49.99999999962455;11.776413888215776;408.223313331604
collect;uniform_random;constructed-self-constructing-unsafe;0;0.2;0.05699488706139417;0.05699488706139417;1.9860116689092964e-10;-48.51633782351308;49.99999999962432;11.77596428955149;412.33399963378906
collect;uniform_random;constructed-self-constructing-unsafe;0;0.2;0.05716922591963555;0.05716922591963555;1.9870716599834772e-10;-48.516531696671116;49.999999999623974;11.775841133487077;415.35281443595886
collect;uniform_random;constructed-self-constructing-unsafe;0;0.2;0.05731687531283447;0.05731687531283447;1.9868833446213484e-10;-48.5166874327873;49.99999999962427;11.775286062530455;420.3818528652191
collect;uniform_random;constructed-self-constructing-unsafe;0;0.2;0.057540697545291036;0.057540697545291036;1.9874158696511748e-10;-48.516957116068866;49.999999999623284;11.774962230772795;422.7464487552643
collect;uniform_random;constructed-self-constructing-unsafe;0;0.2;0.05774689955260002;0.05774689955260002;1.9889488794307054e-10;-48.51714262298686;49.999999999622794;11.774021668266625;426.7967345714569
collect;uniform_random;constructed-self-constructing-unsafe;0;0.2;0.05785157340668094;0.05785157340668094;1.9895274531212e-10;-48.517358015454164;49.99999999962312;11.773665405647554;434.0801179409027
collect;uniform_random;constructed-self-constructing-unsafe;0;0.2;0.05804925306538665;0.05804925306538665;1.9884233083201853e-10;-48.517709655059406;49.99999999962325;11.772681564088874;435.3931028842926
collect;uniform_random;constructed-self-constructing-unsafe;0;0.2;0.05819810105103157;0.05819810105103157;1.9884559171124136e-10;-48.51789712530559;49.999999999623114;11.772153125798697;441.1633343696594
collect;uniform_random;constructed-self-constructing-unsafe;0;0.2;0.05829253064113632;0.05829253064113632;1.9903785468581607e-10;-48.51801440295266;49.99999999962261;11.771922891244072;463.00738763809204
collect;uniform_random;constructed-self-constructing-unsafe;0;0.2;0.05836878149339532;0.05836878149339532;1.9920145291876303e-10;-48.518138056256575;49.99999999962206;11.771698303491139;447.45512676239014
collect;uniform_random;constructed-self-constructing-unsafe;0;0.2;0.05851454777733665;0.05851454777733665;1.9922692442326354e-10;-48.5183442950851;49.99999999962244;11.77109880634057;455.03209805488586
collect;uniform_random;constructed-self-constructing-unsafe;0;0.2;0.05863127178739219;0.05863127178739219;1.992817447068347e-10;-48.518543562968986;49.99999999962188;11.770690885784349;454.170574426651
collect;uniform_random;constructed-self-constructing-unsafe;0;0.2;0.058764865814229655;0.058764865814229655;1.99246991116825e-10;-48.51880394344643;49.99999999962139;11.77009338804937;461.9726061820984
collect;uniform_random;constructed-self-constructing-unsafe;0;0.2;0.05889807686076995;0.05889807686076995;1.9953196463625218e-10;-48.51897748180461;49.99999999962082;11.769714659317431;464.1353657245636
collect;uniform_random;constructed-self-constructing-unsafe;0;0.2;0.05893671475877009;0.05893671475877009;1.9946767658720666e-10;-48.51910338198132;49.99999999962095;11.76944131086567;468.65592098236084
collect;uniform_random;constructed-self-constructing-unsafe;0;0.2;0.059035470167487;0.059035470167487;1.9945608911080939e-10;-48.51920378671832;49.99999999962187;11.768986837648502;472.2028169631958
collect;uniform_random;constructed-self-constructing-unsafe;0;0.2;0.05911858903356418;0.05911858903356418;1.9946896091077283e-10;-48.51926614060034;49.999999999621885;11.768656990312714;476.8510162830353
collect;uniform_random;constructed-self-constructing-unsafe;0;0.2;0.059292506191142486;0.059292506191142486;1.995850759238781e-10;-48.51946009870003;49.99999999962103;11.76818463001376;479.4738645553589
collect;uniform_random;constructed-self-constructing-unsafe;0;0.2;0.05944531195120009;0.05944531195120009;1.9968482648329062e-10;-48.5196280412195;49.9999999996195;11.768015341732136;482.3984134197235
collect;uniform_random;constructed-self-constructing-unsafe;0;0.2;0.05961881229755282;0.05961881229755282;1.9985654988145422e-10;-48.51991942656706;49.99999999961967;11.767463694136854;514.0988521575928
collect;uniform_random;constructed-self-constructing-unsafe;0;0.2;0.059799949151641295;0.059799949151641295;1.9989815371578993e-10;-48.52011554785002;49.999999999620286;11.7671613954;492.7331795692444
collect;uniform_random;constructed-self-constructing-unsafe;0;0.2;0.05990302829458111;0.05990302829458111;1.9990396775250748e-10;-48.520249188783986;49.999999999619185;11.766816385342818;500.8847255706787
collect;uniform_random;constructed-self-constructing-unsafe;0;0.2;0.05994905745637657;0.05994905745637657;1.9995787509081287e-10;-48.52031302842043;49.99999999961998;11.7667676385728;504.3204870223999
collect;uniform_random;constructed-self-constructing-unsafe;0;0.2;0.06011477067327751;0.06011477067327751;1.9997680021978616e-10;-48.5207224228758;49.99999999961938;11.765627503202458;509.25539779663086
collect;uniform_random;constructed-self-constructing-unsafe;0;0.2;0.06025077441060606;0.06025077441060606;1.9999040764514787e-10;-48.5208374721024;49.99999999961948;11.765150521401766;515.0227437019348
collect;uniform_random;constructed-self-constructing-unsafe;0;0.2;0.060384603194571694;0.060384603194571694;2.000373682721432e-10;-48.52104189157617;49.9999999996193;11.76455752590559;517.3536767959595
collect;uniform_random;constructed-self-constructing-unsafe;0;0.2;0.06050933226102778;0.06050933226102778;2.0005836363896533e-10;-48.52121834578496;49.99999999961911;11.764311387168737;526.4803972244263
collect;uniform_random;constructed-self-constructing-unsafe;0;0.2;0.060713119123077065;0.060713119123077065;2.0008181446797466e-10;-48.521462787974926;49.999999999617366;11.763856892723606;529.7669773101807
collect;uniform_random;constructed-self-constructing-unsafe;0;0.2;0.060841791030450315;0.060841791030450315;2.0017098073542732e-10;-48.521607875113915;49.999999999618446;11.763702895130368;529.0218212604523
collect;uniform_random;constructed-self-constructing-unsafe;0;0.2;0.060984207403158755;0.060984207403158755;2.0014847957738927e-10;-48.5217444665404;49.99999999961924;11.763059619450603;537.664647102356
collect;uniform_random;constructed-self-constructing-unsafe;0;0.2;0.061082318161194006;0.061082318161194006;2.0013988055754235e-10;-48.521838476635615;49.999999999618694;11.762313467085638;539.2266540527344
collect;uniform_random;constructed-self-constructing-unsafe;0;0.2;0.06125950013240091;0.06125950013240091;2.0016516624727304e-10;-48.52204114849357;49.9999999996184;11.762008622667611;544.5010969638824
collect;uniform_random;constructed-self-constructing-unsafe;0;0.2;0.0614374438057512;0.0614374438057512;2.0018166372670876e-10;-48.522185897889536;49.99999999961847;11.76150399618186;548.0528433322906
collect;uniform_random;constructed-self-constructing-unsafe;0;0.2;0.06156497005858315;0.06156497005858315;2.0019373809528775e-10;-48.52229587892579;49.999999999617884;11.761038479170866;550.4768385887146
collect;uniform_random;constructed-self-constructing-unsafe;0;0.2;0.0617672372160664;0.0617672372160664;2.0020937939903155e-10;-48.522481042943404;49.9999999996175;11.760500543477079;559.264990568161
collect;uniform_random;constructed-self-constructing-unsafe;0;0.2;0.061845645636549054;0.061845645636549054;2.001792060469518e-10;-48.52259305547809;49.999999999617586;11.760293337218833;567.9956283569336
collect;uniform_random;constructed-self-constructing-unsafe;0;0.2;0.06200995568047706;0.06200995568047706;2.001676202808312e-10;-48.522782162258466;49.999999999617785;11.759720430106956;574.3888947963715
collect;uniform_random;constructed-self-constructing-unsafe;0;0.2;0.06209656446727059;0.06209656446727059;2.0016890938974336e-10;-48.522876341238856;49.999999999617806;11.759439516113543;579.2641472816467
collect;uniform_random;constructed-self-constructing-unsafe;0;0.2;0.06216091460625449;0.06216091460625449;2.0017344874738888e-10;-48.522952418038926;49.99999999961802;11.759361096204255;577.7491264343262
collect;uniform_random;constructed-self-constructing-unsafe;0;0.2;0.06232315109703907;0.06232315109703907;2.0016717391359887e-10;-48.52315657832041;49.99999999961829;11.758948016685688;583.8039333820343
collect;uniform_random;constructed-self-constructing-unsafe;0;0.2;0.06249448485837955;0.06249448485837955;2.002046533235558e-10;-48.52333883856469;49.999999999617955;11.7585527176589;586.250655412674
collect;uniform_random;constructed-self-constructing-unsafe;0;0.2;0.0626256752722265;0.0626256752722265;2.0024676929961947e-10;-48.523509967212824;49.99999999961756;11.75827810671251;588.2543387413025
collect;uniform_random;constructed-self-constructing-unsafe;0;0.2;0.06271870663566669;0.06271870663566669;2.002536962722581e-10;-48.52359535988695;49.99999999961719;11.757920036197472;599.3795363903046
collect;uniform_random;constructed-self-constructing-unsafe;0;0.2;0.06280159733621977;0.06280159733621977;2.00453594727478e-10;-48.52373272092455;49.9999999996174;11.75751624470431;599.7947261333466
collect;uniform_random;constructed-self-constructing-unsafe;0;0.2;0.06286918894561629;0.06286918894561629;2.0045431173279763e-10;-48.523811848997326;49.999999999617486;11.75730738856972;610.5451683998108
collect;uniform_random;constructed-self-constructing-unsafe;0;0.2;0.06294305121134075;0.06294305121134075;2.0048974687370016e-10;-48.52388808402582;49.99999999961772;11.757007869579182;610.2779505252838
collect;uniform_random;constructed-self-constructing-unsafe;0;0.2;0.0630077354380488;0.0630077354380488;2.0048846445288693e-10;-48.52397775342854;49.999999999617565;11.756565873590407;610.8106935024261
collect;uniform_random;constructed-self-constructing-unsafe;0;0.2;0.06320269270098229;0.06320269270098229;2.0052671583839723e-10;-48.524166335315556;49.999999999617145;11.756122511120099;622.4828298091888
collect;uniform_random;constructed-self-constructing-unsafe;0;0.2;0.06329746924893775;0.06329746924893775;2.0053405811239123e-10;-48.52424723240717;49.99999999961568;11.755819872047987;626.9257535934448
collect;uniform_random;constructed-self-constructing-unsafe;0;0.2;0.06340884886633408;0.06340884886633408;2.0060649872171007e-10;-48.52441213100815;49.99999999961604;11.75548181684982;631.4528250694275
collect;uniform_random;constructed-self-constructing-unsafe;0;0.2;0.06352452326147148;0.06352452326147148;2.0060973212532365e-10;-48.52452368925726;49.99999999961607;11.75502806301302;641.0015814304352
collect;uniform_random;constructed-self-constructing-unsafe;0;0.2;0.06362838297130566;0.06362838297130566;2.0077943372190007e-10;-48.524658909868066;49.9999999996162;11.754792070674009;639.9680588245392
collect;uniform_random;constructed-self-constructing-unsafe;0;0.2;0.06373262456758241;0.06373262456758241;2.0077428018786945e-10;-48.52481210530222;49.999999999616385;11.754455244561447;647.2433531284332
collect;uniform_random;constructed-self-constructing-unsafe;0;0.2;0.06385269005149528;0.06385269005149528;2.0088067932692697e-10;-48.52494685581429;49.99999999961607;11.754006877164134;650.671767950058
collect;uniform_random;constructed-self-constructing-unsafe;0;0.2;0.06404217051718428;0.06404217051718428;2.0266396191120382e-10;-48.52520303726895;49.999999999610786;11.75351188561725;659.9264397621155
collect;uniform_random;constructed-self-constructing-unsafe;0;0.2;0.0641996368177231;0.0641996368177231;2.0276869784765926e-10;-48.525363467063045;49.99999999961116;11.752813244317252;665.7230994701385
collect;uniform_random;constructed-self-constructing-unsafe;0;0.2;0.06428469798350725;0.06428469798350725;2.0295549117799394e-10;-48.525502427325655;49.99999999961091;11.752381579240549;668.1313104629517
collect;uniform_random;constructed-self-constructing-unsafe;0;0.2;0.06434802964550758;0.06434802964550758;2.0296040145547716e-10;-48.52555853735039;49.999999999610374;11.752187460989624;674.4554042816162
collect;uniform_random;constructed-self-constructing-unsafe;0;0.2;0.06444606758001421;0.06444606758001421;2.0296655798181404e-10;-48.52566366388791;49.999999999610424;11.75181406207438;683.1803550720215
collect;uniform_random;constructed-self-constructing-unsafe;0;0.2;0.06453704333022094;0.06453704333022094;2.0325574237778167e-10;-48.52577936923792;49.999999999609216;11.75122446751468;680.8321855068207
collect;uniform_random;constructed-self-constructing-unsafe;0;0.2;0.06467996273358392;0.06467996273358392;2.0315473375113392e-10;-48.525995429983205;49.99999999961017;11.7502530016774;687.6311614513397
collect;uniform_random;constructed-self-constructing-unsafe;0;0.2;0.06470420019103446;0.06470420019103446;2.0315602310642098e-10;-48.52603502424682;49.99999999960954;11.750091655166978;697.9485995769501
collect;uniform_random;constructed-self-constructing-unsafe;0;0.2;0.06476226441389943;0.06476226441389943;2.0315419624938747e-10;-48.52613325148451;49.9999999996091;11.749799053170472;702.7744102478027
collect;uniform_random;constructed-self-constructing-unsafe;0;0.2;0.0650686204583822;0.0650686204583822;2.0317538165983686e-10;-48.5264770890312;49.99999999961004;11.7489667352866;700.7054016590118
collect;uniform_random;constructed-self-constructing-unsafe;0;0.2;0.06518526548900852;0.06518526548900852;2.0320645100032629e-10;-48.52658999685126;49.99999999960973;11.748724264864766;717.1393039226532
collect;uniform_random;constructed-self-constructing-unsafe;0;0.2;0.06524380482121503;0.06524380482121503;2.0335741292595884e-10;-48.52666695767019;49.999999999609614;11.748609511665322;714.2462983131409
collect;uniform_random;constructed-self-constructing-unsafe;0;0.2;0.06535452173451488;0.06535452173451488;2.0343037772224168e-10;-48.526815791553375;49.999999999609756;11.748088929917182;727.8421382904053
collect;uniform_random;constructed-self-constructing-unsafe;0;0.2;0.06544059115014679;0.06544059115014679;2.0342672841951653e-10;-48.52692265968519;49.99999999960868;11.747724949973012;735.2198045253754
collect;uniform_random;constructed-self-constructing-unsafe;0;0.2;0.06550495240179548;0.06550495240179548;2.0343998957765903e-10;-48.52701442412432;49.99999999960891;11.74743716750346;730.0086522102356
collect;uniform_random;constructed-self-constructing-unsafe;0;0.2;0.06573193307571033;0.06573193307571033;2.0347552912228666e-10;-48.52722294609736;49.99999999960924;11.746666392221641;736.3802678585052
collect;uniform_random;constructed-self-constructing-unsafe;0;0.2;0.06581030587181629;0.06581030587181629;2.0348797438494074e-10;-48.527318990489526;49.99999999960875;11.746576924193844;744.9350459575653
collect;uniform_random;constructed-self-constructing-unsafe;0;0.2;0.06594912395467852;0.06594912395467852;2.0326616216515132e-10;-48.52766926922376;49.99999999960892;11.745671142072757;747.1320750713348
collect;uniform_random;constructed-self-constructing-unsafe;0;0.2;0.06609365514603673;0.06609365514603673;2.033128155267341e-10;-48.52785268556053;49.999999999608626;11.745405887858116;759.4334723949432
collect;uniform_random;constructed-self-constructing-unsafe;0;0.2;0.06623454979534789;0.06623454979534789;2.032710174684569e-10;-48.52804213427665;49.99999999960809;11.744489477283174;768.1431484222412
collect;uniform_random;constructed-self-constructing-unsafe;0;0.2;0.06633671580488237;0.06633671580488237;2.0332575778374371e-10;-48.52817120774722;49.99999999960783;11.744167667037914;759.5746207237244
collect;uniform_random;constructed-self-constructing-unsafe;0;0.2;0.06644707197109567;0.06644707197109567;2.0333378419201723e-10;-48.52828473148606;49.99999999960823;11.743735050365753;764.9507400989532
collect;uniform_random;constructed-self-constructing-unsafe;0;0.2;0.06649191893231486;0.06649191893231486;2.033400734383082e-10;-48.528356324907996;49.99999999960826;11.743578910477112;780.4163384437561
collect;uniform_random;constructed-self-constructing-unsafe;0;0.2;0.06655658399543615;0.06655658399543615;2.0333197943480617e-10;-48.52853830244924;49.99999999960782;11.743108828015979;777.4097235202789
collect;uniform_random;constructed-self-constructing-unsafe;0;0.2;0.06667617861847824;0.06667617861847824;2.0322425377786213e-10;-48.52873651093295;49.9999999996086;11.742381322888914;785.8196568489075
collect;uniform_random;constructed-self-constructing-unsafe;0;0.2;0.06679378404164822;0.06679378404164822;2.032504661938688e-10;-48.52886706969059;49.99999999960857;11.741934379579964;791.9166646003723
collect;uniform_random;constructed-self-constructing-unsafe;0;0.2;0.06686808759493498;0.06686808759493498;2.0334441715641738e-10;-48.528959666545965;49.999999999607994;11.741777751866419;796.554260969162
collect;uniform_random;constructed-self-constructing-unsafe;0;0.2;0.06692405261949182;0.06692405261949182;2.033162090911485e-10;-48.5290982841082;49.99999999960792;11.741428976750049;802.1753127574921
collect;uniform_random;constructed-self-constructing-unsafe;0;0.2;0.06697639002281888;0.06697639002281888;2.0330045389886122e-10;-48.52922906810837;49.999999999607255;11.741156651988861;802.8581893444061
collect;uniform_random;constructed-self-constructing-unsafe;0;0.2;0.06702124787924499;0.06702124787924499;2.0330190231600645e-10;-48.52930966095222;49.99999999960825;11.740937153048366;810.6480185985565
collect;uniform_random;constructed-self-constructing-unsafe;0;0.2;0.0670590776453577;0.0670590776453577;2.0326409560922382e-10;-48.52942676543045;49.99999999960754;11.740575900589189;816.8308959007263
collect;uniform_random;constructed-self-constructing-unsafe;0;0.2;0.06715202661110575;0.06715202661110575;2.0335414051888067e-10;-48.5295192810506;49.99999999960753;11.740249648793888;825.6800346374512
collect;uniform_random;constructed-self-constructing-unsafe;0;0.2;0.06718308482513494;0.06718308482513494;2.0335546304894183e-10;-48.529554355745574;49.99999999960768;11.740202109344468;836.1674430370331
collect;uniform_random;constructed-self-constructing-unsafe;0;0.2;0.06729098254953386;0.06729098254953386;2.0336903747986538e-10;-48.52967593447054;49.99999999960688;11.740002317541785;846.5410313606262
collect;uniform_random;constructed-self-constructing-unsafe;0;0.2;0.06739986497729317;0.06739986497729317;2.035641351936806e-10;-48.52978945244029;49.99999999960672;11.739768706303025;844.2483513355255
collect;uniform_random;constructed-self-constructing-unsafe;0;0.2;0.06742478396788505;0.06742478396788505;2.0357269514248094e-10;-48.52986606965358;49.99999999960722;11.739676292372007;845.23899269104
collect;uniform_random;constructed-self-constructing-unsafe;0;0.2;0.06754552432248466;0.06754552432248466;2.0359107347533004e-10;-48.530014331505896;49.99999999960563;11.739432642553638;856.4366574287415
collect;uniform_random;constructed-self-constructing-unsafe;0;0.2;0.06761385228363291;0.06761385228363291;2.0359074256172956e-10;-48.53007736749342;49.99999999960595;11.739186634482099;864.4334115982056
collect;uniform_random;constructed-self-constructing-unsafe;0;0.2;0.06767307049922856;0.06767307049922856;2.0370648763412204e-10;-48.53016273441668;49.99999999960571;11.738913068625587;868.9004776477814
collect;uniform_random;constructed-self-constructing-unsafe;0;0.2;0.06769296538780445;0.06769296538780445;2.0373567628917988e-10;-48.53019821529215;49.99999999960638;11.738819480259957;876.2387189865112
collect;uniform_random;constructed-self-constructing-unsafe;0;0.2;0.06776704885434748;0.06776704885434748;2.0387300938010253e-10;-48.530291703262684;49.99999999960482;11.738640741015265;878.1214075088501
collect;uniform_random;constructed-self-constructing-unsafe;0;0.2;0.06785470749335015;0.06785470749335015;2.0384429459752177e-10;-48.53042111652081;49.99999999960491;11.738420137786713;894.8497059345245
collect;uniform_random;constructed-self-constructing-unsafe;0;0.2;0.06794778409601937;0.06794778409601937;2.0388530926728864e-10;-48.530532635534556;49.9999999996053;11.738293325851807;891.2685849666595
collect;uniform_random;constructed-self-constructing-unsafe;0;0.2;0.06797333287108026;0.06797333287108026;2.0388617298461298e-10;-48.53058354836713;49.99999999960493;11.738177979514164;898.0314674377441
collect;uniform_random;constructed-self-constructing-unsafe;0;0.2;0.06801391399734227;0.06801391399734227;2.0388440527122585e-10;-48.53066957889196;49.99999999960457;11.738018122324053;911.1439764499664
collect;uniform_random;constructed-self-constructing-unsafe;0;0.2;0.06807361272410757;0.06807361272410757;2.0390072343326617e-10;-48.53073270141867;49.99999999960402;11.737865604639621;918.4871592521667
collect;uniform_random;constructed-self-constructing-unsafe;0;0.2;0.06817666232554984;0.06817666232554984;2.0388024451492496e-10;-48.530872845872366;49.99999999960501;11.737546765040777;928.426540851593
collect;uniform_random;constructed-self-constructing-unsafe;0;0.2;0.06825395289634832;0.06825395289634832;2.0387500327205202e-10;-48.53106132044247;49.99999999960485;11.737282349734421;917.1931736469269
collect;uniform_random;constructed-self-constructing-unsafe;0;0.2;0.06837505762496952;0.06837505762496952;2.0388207371696208e-10;-48.531199397266796;49.99999999960377;11.737007645934852;927.270082950592
collect;uniform_random;constructed-self-constructing-unsafe;0;0.2;0.06847550568116925;0.06847550568116925;2.0394238685383776e-10;-48.53130979633589;49.99999999960334;11.736729143772376;937.8341016769409
collect;uniform_random;constructed-self-constructing-unsafe;0;0.2;0.06851543891510499;0.06851543891510499;2.0394962134180247e-10;-48.531387850076435;49.999999999603546;11.73665007787861;954.1551449298859
collect;uniform_random;constructed-self-constructing-unsafe;0;0.2;0.06856080725152643;0.06856080725152643;2.0395426244008867e-10;-48.53143111725392;49.999999999603574;11.736547775278694;949.0543234348297
collect;uniform_random;constructed-self-constructing-unsafe;0;0.2;0.06868849708562046;0.06868849708562046;2.0404387450377936e-10;-48.53158754536839;49.999999999603325;11.73627872121705;957.4846034049988
collect;uniform_random;constructed-self-constructing-unsafe;0;0.2;0.06879023245177736;0.06879023245177736;2.040412275889764e-10;-48.531699774760405;49.99999999960352;11.735930517152584;961.8828227519989
collect;uniform_random;constructed-self-constructing-unsafe;0;0.2;0.06883370968089933;0.06883370968089933;2.0404420120437148e-10;-48.53175073754695;49.99999999960409;11.735787110363892;975.0030384063721
collect;uniform_random;constructed-self-constructing-unsafe;0;0.2;0.06886281289519583;0.06886281289519583;2.0402504243626295e-10;-48.531827388185;49.99999999960349;11.735624428997415;971.99218583107
collect;uniform_random;constructed-self-constructing-unsafe;0;0.2;0.06892385151517065;0.06892385151517065;2.0402823454556924e-10;-48.53189555362588;49.99999999960313;11.735508710061094;984.778525352478
collect;uniform_random;constructed-self-constructing-unsafe;0;0.2;0.06897234385524095;0.06897234385524095;2.0403383050516803e-10;-48.531963840860676;49.99999999960258;11.73522390459702;1002.9436056613922
collect;uniform_random;constructed-self-constructing-unsafe;0;0.2;0.06910423177227447;0.06910423177227447;2.0407823174455168e-10;-48.53210616472273;49.99999999960283;11.734963015139819;1003.3782179355621
collect;uniform_random;constructed-self-constructing-unsafe;0;0.2;0.06917225734852336;0.06917225734852336;2.043854953710368e-10;-48.53217903594795;49.99999999960232;11.734800478353087;1011.0304615497589
collect;uniform_random;constructed-self-constructing-unsafe;0;0.2;0.06922125104923504;0.06922125104923504;2.0436370760666595e-10;-48.532255316079905;49.99999999960186;11.734526520125481;1025.8683395385742
collect;uniform_random;constructed-self-constructing-unsafe;0;0.2;0.06940145696271098;0.06940145696271098;2.043941598952746e-10;-48.532418789552636;49.999999999601314;11.733960467012901;1029.8790543079376
collect;uniform_random;constructed-self-constructing-unsafe;0;0.2;0.06947270035654111;0.06947270035654111;2.04385856617656e-10;-48.53253882345002;49.99999999960111;11.733631286290427;1017.2983334064484
collect;uniform_random;constructed-self-constructing-unsafe;0;0.2;0.06956197511778206;0.06956197511778206;2.043839347732247e-10;-48.53266903181922;49.99999999960112;11.733219014637632;1022.0279202461243
collect;uniform_random;constructed-self-constructing-unsafe;0;0.2;0.06961747929899406;0.06961747929899406;2.0438130367548123e-10;-48.53276138365238;49.999999999601606;11.733062705050395;1038.815895318985
collect;uniform_random;constructed-self-constructing-unsafe;0;0.2;0.06967895078162274;0.06967895078162274;2.0460385533953278e-10;-48.532841978998164;49.99999999960083;11.732896349905245;1053.7147800922394
collect;uniform_random;constructed-self-constructing-unsafe;0;0.2;0.06977682715274215;0.06977682715274215;2.0464281081214731e-10;-48.532935568002415;49.99999999960018;11.732502809645757;1082.8722178936005
collect;uniform_random;constructed-self-constructing-unsafe;0;0.2;0.06980983701300728;0.06980983701300728;2.0466004675292472e-10;-48.53297866005523;49.99999999960046;11.732413787304193;1060.2888655662537
collect;uniform_random;constructed-self-constructing-unsafe;0;0.2;0.06987505663092167;0.06987505663092167;2.0466210279951536e-10;-48.53304569049652;49.999999999600256;11.732220679707899;1076.4008164405823
collect;uniform_random;constructed-self-constructing-unsafe;0;0.2;0.07001933497457478;0.07001933497457478;2.0482335052454452e-10;-48.5332019580096;49.99999999960028;11.731870141167587;1070.3527202606201
collect;uniform_random;constructed-self-constructing-unsafe;0;0.2;0.0700878650569513;0.0700878650569513;2.0485258681582513e-10;-48.533295927113286;49.999999999599616;11.73165262668048;1091.9424369335175
collect;uniform_random;constructed-self-constructing-unsafe;0;0.2;0.0701316802441681;0.0701316802441681;2.0486855583159614e-10;-48.53334668936743;49.99999999959972;11.731573895048625;1075.7759466171265
collect;uniform_random;constructed-self-constructing-unsafe;0;0.2;0.070199697116546;0.070199697116546;2.0485929349771538e-10;-48.53345306928634;49.99999999959942;11.73124408018976;1104.4633870124817
collect;uniform_random;constructed-self-constructing-unsafe;0;0.2;0.0702489914899384;0.0702489914899384;2.0486661248661929e-10;-48.53349265518955;49.99999999960001;11.731024065514378;1101.9232392311096
collect;uniform_random;constructed-self-constructing-unsafe;0;0.2;0.07035010463675723;0.07035010463675723;2.0496563295028337e-10;-48.53361548223075;49.9999999995992;11.730676657221027;1101.8439946174622
collect;uniform_random;constructed-self-constructing-unsafe;0;0.2;0.07039956481577346;0.07039956481577346;2.0496913655316073e-10;-48.53369239643152;49.99999999959965;11.730486298858585;1120.4509229660034
collect;uniform_random;constructed-self-constructing-unsafe;0;0.2;0.07055381289688684;0.07055381289688684;2.0502249320250456e-10;-48.5338693108757;49.999999999598586;11.7297807859785;1126.3071374893188
collect;uniform_random;constructed-self-constructing-unsafe;0;0.2;0.07058259944134702;0.07058259944134702;2.050775962630297e-10;-48.533913377054375;49.99999999959857;11.729657750902513;1137.1969783306122
collect;uniform_random;constructed-self-constructing-unsafe;0;0.2;0.07065481147358015;0.07065481147358015;2.0508457689790381e-10;-48.53399633958752;49.99999999959842;11.729586317821816;1149.3920896053314
collect;uniform_random;constructed-self-constructing-unsafe;0;0.2;0.0706968388542797;0.0706968388542797;2.0509691867965195e-10;-48.53406938470659;49.99999999959879;11.729501897734856;1164.6433556079865
collect;uniform_random;constructed-self-constructing-unsafe;0;0.2;0.07076652948953922;0.07076652948953922;2.0512069048025438e-10;-48.53417121461692;49.99999999959795;11.729216829906694;1153.989263534546
collect;uniform_random;constructed-self-constructing-unsafe;0;0.2;0.07081219119812222;0.07081219119812222;2.0516274531567546e-10;-48.53423190277035;49.999999999598046;11.729001615998898;1173.462792634964
collect;uniform_random;constructed-self-constructing-unsafe;0;0.2;0.0708914337891446;0.0708914337891446;2.0517491566645552e-10;-48.534324558378295;49.99999999959842;11.728866779128227;1166.883104801178
collect;uniform_random;constructed-self-constructing-unsafe;0;0.2;0.07094013734789152;0.07094013734789152;2.0519287733345167e-10;-48.53438298490314;49.999999999598266;11.728747336204773;1193.678780555725
collect;uniform_random;constructed-self-constructing-unsafe;0;0.2;0.07101327125764696;0.07101327125764696;2.0518979741886529e-10;-48.53446787700498;49.99999999959825;11.728369904603655;1202.4228343963623
collect;uniform_random;constructed-self-constructing-unsafe;0;0.2;0.07103177537163347;0.07103177537163347;2.0519670784365357e-10;-48.53450416889337;49.999999999597826;11.728231036651042;1212.0375945568085
collect;uniform_random;constructed-self-constructing-unsafe;0;0.2;0.07109399976004757;0.07109399976004757;2.0577361803372778e-10;-48.53457473362409;49.999999999596064;11.727995001950333;1218.4344143867493
collect;uniform_random;constructed-self-constructing-unsafe;0;0.2;0.07112001820740156;0.07112001820740156;2.0577726951789544e-10;-48.53460998819895;49.99999999959613;11.727828024738551;1205.8606956005096
collect;uniform_random;constructed-self-constructing-unsafe;0;0.2;0.07120539318407547;0.07120539318407547;2.057761796485815e-10;-48.534691947019766;49.99999999959709;11.727505944810295;1238.3902387619019
collect;uniform_random;constructed-self-constructing-unsafe;0;0.2;0.07124278560503504;0.07124278560503504;2.0577579466410914e-10;-48.53473406278381;49.9999999995967;11.727374893496684;1223.3323211669922
collect;uniform_random;constructed-self-constructing-unsafe;0;0.2;0.07130075696444847;0.07130075696444847;2.0574200244758268e-10;-48.534803241819034;49.99999999959611;11.727129659266328;1235.109537601471
collect;uniform_random;constructed-self-constructing-unsafe;0;0.2;0.0713282737637234;0.0713282737637234;2.057734571347846e-10;-48.53486550999016;49.99999999959637;11.726961294018395;1270.2470791339874
collect;uniform_random;constructed-self-constructing-unsafe;0;0.2;0.07138601914906242;0.07138601914906242;2.057667095199533e-10;-48.534930116832996;49.99999999959639;11.72673456536051;1274.7606356143951
collect;uniform_random;constructed-self-constructing-unsafe;0;0.2;0.07145555995524203;0.07145555995524203;2.058026544962308e-10;-48.53500353750863;49.99999999959543;11.726340008267881;1298.4727611541748
collect;uniform_random;constructed-self-constructing-unsafe;0;0.2;0.07153271537935614;0.07153271537935614;2.0574657818058843e-10;-48.53514082577692;49.99999999959579;11.725975504263005;1286.2057676315308
collect;uniform_random;constructed-self-constructing-unsafe;0;0.2;0.07162644824693842;0.07162644824693842;2.057320620098482e-10;-48.53526599995657;49.99999999959516;11.725410819122633;1294.8053386211395
collect;uniform_random;constructed-self-constructing-unsafe;0;0.2;0.07178078822012587;0.07178078822012587;2.0583176828513083e-10;-48.5353996720936;49.99999999959503;11.724786747821305;1340.2315695285797
collect;uniform_random;constructed-self-constructing-unsafe;0;0.2;0.0718708574754549;0.0718708574754549;2.0603752740773764e-10;-48.53549943872553;49.99999999959518;11.724647369816278;1303.1112592220306
collect;uniform_random;constructed-self-constructing-unsafe;0;0.2;0.07195528441094733;0.07195528441094733;2.0614156615371876e-10;-48.53558537794906;49.99999999959458;11.724468739084447;1347.2792720794678
collect;uniform_random;constructed-self-constructing-unsafe;0;0.2;0.07199818330724182;0.07199818330724182;2.0619844581372003e-10;-48.535668145082745;49.99999999959532;11.724183239755776;1346.3206663131714
collect;uniform_random;constructed-self-constructing-unsafe;0;0.2;0.07202633115305017;0.07202633115305017;2.0618524968749566e-10;-48.53572191975356;49.99999999959488;11.72405523936129;1341.5724036693573
collect;uniform_random;constructed-self-constructing-unsafe;0;0.2;0.07206500222146515;0.07206500222146515;2.0619387853932359e-10;-48.535782415245535;49.99999999959501;11.723965245534899;1361.6009016036987
collect;uniform_random;constructed-self-constructing-unsafe;0;0.2;0.07214225041749661;0.07214225041749661;2.0615695211249722e-10;-48.53594237939949;49.99999999959503;11.723581519069368;1393.8939683437347
collect;uniform_random;constructed-self-constructing-unsafe;0;0.2;0.0721850790053033;0.0721850790053033;2.0608346033937973e-10;-48.536110183080424;49.99999999959533;11.723113699020024;1392.1489112377167
collect;uniform_random;constructed-self-constructing-unsafe;0;0.2;0.07221816386734557;0.07221816386734557;2.0608631390435917e-10;-48.53616561257152;49.99999999959434;11.723001381142044;1408.2598724365234
collect;uniform_random;constructed-self-constructing-unsafe;0;0.2;0.07229548710983391;0.07229548710983391;2.0606546195390936e-10;-48.53628632707772;49.99999999959399;11.722593366426096;1401.1407642364502
collect;uniform_random;constructed-self-constructing-unsafe;0;0.2;0.0723371807974861;0.0723371807974861;2.060912286318969e-10;-48.53634884465382;49.999999999594344;11.722504433730766;1405.1392140388489
collect;uniform_random;constructed-self-constructing-unsafe;0;0.2;0.07241130486790708;0.07241130486790708;2.0615917322079921e-10;-48.53645029253991;49.999999999594664;11.722316556131688;1444.1707990169525
collect;uniform_random;constructed-self-constructing-unsafe;0;0.2;0.07248420096270218;0.07248420096270218;2.0615608310124823e-10;-48.53651733569836;49.99999999959476;11.72204100525978;1433.7731618881226
collect;uniform_random;constructed-self-constructing-unsafe;0;0.2;0.07254655242774277;0.07254655242774277;2.061620441472152e-10;-48.53659554992269;49.999999999594166;11.721937131751602;1426.9220495224
collect;uniform_random;constructed-self-constructing-unsafe;0;0.2;0.07260029319768091;0.07260029319768091;2.0620894385361487e-10;-48.536696209915945;49.99999999959316;11.721772390429726;1474.7150506973267
collect;uniform_random;constructed-self-constructing-unsafe;0;0.2;0.07263750235475948;0.07263750235475948;2.062713099391942e-10;-48.53675503956891;49.99999999959373;11.72162285471905;1484.7994136810303
collect;uniform_random;constructed-self-constructing-unsafe;0;0.2;0.07267172348927173;0.07267172348927173;2.0639926892084708e-10;-48.536815700365615;49.99999999959258;11.721423589959624;1469.9790856838226
collect;uniform_random;constructed-self-constructing-unsafe;0;0.2;0.07269544592002476;0.07269544592002476;2.0641332447496447e-10;-48.53684336622353;49.99999999959259;11.721347120206323;1498.6472136974335
collect;uniform_random;constructed-self-constructing-unsafe;0;0.2;0.07275335688256936;0.07275335688256936;2.063864800508674e-10;-48.536945621181594;49.99999999959286;11.721160217345606;1537.177151441574
collect;uniform_random;constructed-self-constructing-unsafe;0;0.2;0.07282964091012882;0.07282964091012882;2.0646489989002167e-10;-48.53703482131401;49.9999999995923;11.720949352592626;1527.3535974025726
collect;uniform_random;constructed-self-constructing-unsafe;0;0.2;0.07290361247867486;0.07290361247867486;2.0651772664589224e-10;-48.53714122180006;49.99999999959206;11.720779139174988;1554.5786266326904
collect;uniform_random;constructed-self-constructing-unsafe;0;0.2;0.07296432763865973;0.07296432763865973;2.06520632652751e-10;-48.53719493336077;49.99999999959232;11.72059796201944;1528.7102403640747
collect;uniform_random;constructed-self-constructing-unsafe;0;0.2;0.07301534952637662;0.07301534952637662;2.0660585399918375e-10;-48.53724624195141;49.99999999959257;11.72044552555835;1547.407767534256
collect;uniform_random;constructed-self-constructing-unsafe;0;0.2;0.07304040227903827;0.07304040227903827;2.0667254710063397e-10;-48.53728215090208;49.99999999959118;11.720382409119523;1561.51460146904
collect;uniform_random;constructed-self-constructing-unsafe;0;0.2;0.07306534301925566;0.07306534301925566;2.0667467987771301e-10;-48.53730330396409;49.99999999959067;11.720259059336707;1594.5864219665527
collect;uniform_random;constructed-self-constructing-unsafe;0;0.2;0.07310908208822417;0.07310908208822417;2.0665296414835746e-10;-48.5374051749282;49.999999999591104;11.719968087225734;1595.9294662475586
collect;uniform_random;constructed-self-constructing-unsafe;0;0.2;0.07317059159359354;0.07317059159359354;2.0664826963557302e-10;-48.53748928048704;49.99999999959148;11.719795229707408;1613.8057885169983
collect;uniform_random;constructed-self-constructing-unsafe;0;0.2;0.07322471022773669;0.07322471022773669;2.066842466360053e-10;-48.53755530774537;49.99999999959214;11.719554036703567;1634.9359934329987
collect;uniform_random;constructed-self-constructing-unsafe;0;0.2;0.07333199881334347;0.07333199881334347;2.066861639628336e-10;-48.537683301373164;49.99999999959223;11.719245335994502;1651.457671403885
collect;uniform_random;constructed-self-constructing-unsafe;0;0.2;0.07340001584770194;0.07340001584770194;2.0668421460580208e-10;-48.53774989531393;49.99999999959162;11.71901932586086;1665.5563399791718
collect;uniform_random;constructed-self-constructing-unsafe;0;0.2;0.0734985538218292;0.0734985538218292;2.067397240900348e-10;-48.537839724724826;49.999999999591516;11.718656086512125;1666.894805431366
collect;uniform_random;constructed-self-constructing-unsafe;0;0.2;0.07352633562122646;0.07352633562122646;2.067426514120986e-10;-48.53788515881779;49.999999999591225;11.718576245214932;1686.8025093078613
collect;uniform_random;constructed-self-constructing-unsafe;0;0.2;0.07360090029431816;0.07360090029431816;2.0675593149346946e-10;-48.53794829123413;49.999999999591175;11.718376655569465;1711.462575674057
